2026-03-17 21:49:05,807 [INFO] [restartedMain] com.zwk.movie_recommend.MovieRecommendApiApplication [StartupInfoLogger.java : 50] Starting MovieRecommendApiApplication on zwk with PID 24712 (D:\code\java\movie_recommend_system\movie-recommend-api\target\classes started by win10 in D:\code\java\movie_recommend_system)
2026-03-17 21:49:05,835 [DEBUG] [restartedMain] com.zwk.movie_recommend.MovieRecommendApiApplication [StartupInfoLogger.java : 53] Running with Spring Boot v2.0.5.RELEASE, Spring v5.0.9.RELEASE
2026-03-17 21:49:05,839 [INFO] [restartedMain] com.zwk.movie_recommend.MovieRecommendApiApplication [SpringApplication.java : 684] The following profiles are active: dev
2026-03-17 21:49:05,985 [INFO] [restartedMain] o.s.b.w.s.c.AnnotationConfigServletWebServerApplicationContext [AbstractApplicationContext.java : 590] Refreshing org.springframework.boot.web.servlet.context.AnnotationConfigServletWebServerApplicationContext@4fed6397: startup date [Tue Mar 17 21:49:05 CST 2026]; root of context hierarchy
2026-03-17 21:49:08,966 [INFO] [restartedMain] o.s.data.repository.config.RepositoryConfigurationDelegate [RepositoryConfigurationDelegate.java : 172] Multiple Spring Data modules found, entering strict repository configuration mode!
2026-03-17 21:49:09,860 [INFO] [restartedMain] o.s.c.s.PostProcessorRegistrationDelegate$BeanPostProcessorChecker [PostProcessorRegistrationDelegate.java : 326] Bean 'org.springframework.transaction.annotation.ProxyTransactionManagementConfiguration' of type [org.springframework.transaction.annotation.ProxyTransactionManagementConfiguration$$EnhancerBySpringCGLIB$$463b1265] is not eligible for getting processed by all BeanPostProcessors (for example: not eligible for auto-proxying)
2026-03-17 21:49:10,787 [INFO] [restartedMain] org.springframework.boot.web.embedded.tomcat.TomcatWebServer [TomcatWebServer.java : 91] Tomcat initialized with port(s): 8010 (http)
2026-03-17 21:49:10,839 [INFO] [restartedMain] org.apache.catalina.core.StandardService [DirectJDKLog.java : 180] Starting service [Tomcat]
2026-03-17 21:49:10,839 [INFO] [restartedMain] org.apache.catalina.core.StandardEngine [DirectJDKLog.java : 180] Starting Servlet Engine: Apache Tomcat/8.5.34
2026-03-17 21:49:10,860 [INFO] [localhost-startStop-1] org.apache.catalina.core.AprLifecycleListener [DirectJDKLog.java : 180] The APR based Apache Tomcat Native library which allows optimal performance in production environments was not found on the java.library.path: [D:\code\jdk\bin;C:\WINDOWS\Sun\Java\bin;C:\WINDOWS\system32;C:\WINDOWS;C:\Python314\Scripts\;C:\Python314\;C:\ProgramData\Oracle\Java\javapath;C:\WINDOWS\system32;C:\WINDOWS;C:\WINDOWS\System32\Wbem;C:\WINDOWS\System32\WindowsPowerShell\v1.0\;C:\WINDOWS\System32\OpenSSH\;C:\Program Files\Docker\Docker\resources\bin;D:\code\apache-maven-3.5.3\bin;D:\code\Git\cmd;D:\code\skaffold\skaffold-windows-amd64.exe;D:\software\mysql5.8\bin;D:\software\NodeJS\;C:\ProgramData\chocolatey\bin;C:\Program Files\NVIDIA Corporation\NVIDIA App\NvDLISR;C:\Program Files (x86)\NVIDIA Corporation\PhysX\Common;C:\Users\win10\AppData\Local\Microsoft\WindowsApps;;C:\Program Files\JetBrains\IntelliJ IDEA 2025.3.3\bin;D:\code\GoLand 2023.2.1\bin;;D:\code\VSCode\bin;C:\Users\win10\AppData\Roaming\npm;.]
2026-03-17 21:49:11,309 [INFO] [localhost-startStop-1] org.apache.jasper.servlet.TldScanner [DirectJDKLog.java : 180] At least one JAR was scanned for TLDs yet contained no TLDs. Enable debug logging for this logger for a complete list of JARs that were scanned but no TLDs were found in them. Skipping unneeded JARs during scanning can improve startup time and JSP compilation time.
2026-03-17 21:49:11,317 [INFO] [localhost-startStop-1] o.a.c.c.C.[Tomcat].[localhost].[/movie-recommend-api] [DirectJDKLog.java : 180] Initializing Spring embedded WebApplicationContext
2026-03-17 21:49:11,317 [INFO] [localhost-startStop-1] org.springframework.web.context.ContextLoader [ServletWebServerApplicationContext.java : 285] Root WebApplicationContext: initialization completed in 5332 ms
2026-03-17 21:49:11,487 [INFO] [localhost-startStop-1] org.springframework.boot.web.servlet.ServletRegistrationBean [ServletRegistrationBean.java : 187] Servlet dispatcherServlet mapped to [/]
2026-03-17 21:49:11,490 [INFO] [localhost-startStop-1] org.springframework.boot.web.servlet.ServletRegistrationBean [ServletRegistrationBean.java : 187] Servlet statViewServlet mapped to [/druid/*]
2026-03-17 21:49:11,495 [INFO] [localhost-startStop-1] org.springframework.boot.web.servlet.FilterRegistrationBean [AbstractFilterRegistrationBean.java : 245] Mapping filter: 'characterEncodingFilter' to: [/*]
2026-03-17 21:49:11,495 [INFO] [localhost-startStop-1] org.springframework.boot.web.servlet.FilterRegistrationBean [AbstractFilterRegistrationBean.java : 245] Mapping filter: 'hiddenHttpMethodFilter' to: [/*]
2026-03-17 21:49:11,495 [INFO] [localhost-startStop-1] org.springframework.boot.web.servlet.FilterRegistrationBean [AbstractFilterRegistrationBean.java : 245] Mapping filter: 'httpPutFormContentFilter' to: [/*]
2026-03-17 21:49:11,497 [INFO] [localhost-startStop-1] org.springframework.boot.web.servlet.FilterRegistrationBean [AbstractFilterRegistrationBean.java : 245] Mapping filter: 'requestContextFilter' to: [/*]
2026-03-17 21:49:11,497 [INFO] [localhost-startStop-1] org.springframework.boot.web.servlet.FilterRegistrationBean [AbstractFilterRegistrationBean.java : 258] Mapping filter: 'webStatFilter' to urls: [/*]
2026-03-17 21:49:11,653 [WARN] [restartedMain] o.s.b.w.s.c.AnnotationConfigServletWebServerApplicationContext [AbstractApplicationContext.java : 558] Exception encountered during context initialization - cancelling refresh attempt: org.springframework.beans.factory.UnsatisfiedDependencyException: Error creating bean with name 'redisConfig': Unsatisfied dependency expressed through field 'port'; nested exception is org.springframework.beans.TypeMismatchException: Failed to convert value of type 'java.lang.String' to required type 'int'; nested exception is java.lang.NumberFormatException: For input string: "${spring.redis.port}"
2026-03-17 21:49:11,661 [INFO] [restartedMain] org.apache.catalina.core.StandardService [DirectJDKLog.java : 180] Stopping service [Tomcat]
2026-03-17 21:49:11,707 [WARN] [localhost-startStop-1] org.apache.catalina.loader.WebappClassLoaderBase [DirectJDKLog.java : 180] The web application [movie-recommend-api] appears to have started a thread named [Abandoned connection cleanup thread] but has failed to stop it. This is very likely to create a memory leak. Stack trace of thread:
 java.lang.Object.wait(Native Method)
 java.lang.ref.ReferenceQueue.remove(ReferenceQueue.java:144)
 com.mysql.jdbc.AbandonedConnectionCleanupThread.run(AbandonedConnectionCleanupThread.java:43)
2026-03-17 21:49:11,722 [INFO] [restartedMain] o.s.b.a.logging.ConditionEvaluationReportLoggingListener [ConditionEvaluationReportLoggingListener.java : 101] 

Error starting ApplicationContext. To display the conditions report re-run your application with 'debug' enabled.
2026-03-17 21:49:11,739 [ERROR] [restartedMain] org.springframework.boot.SpringApplication [SpringApplication.java : 863] Application run failed
org.springframework.beans.factory.UnsatisfiedDependencyException: Error creating bean with name 'redisConfig': Unsatisfied dependency expressed through field 'port'; nested exception is org.springframework.beans.TypeMismatchException: Failed to convert value of type 'java.lang.String' to required type 'int'; nested exception is java.lang.NumberFormatException: For input string: "${spring.redis.port}"
	at org.springframework.beans.factory.annotation.AutowiredAnnotationBeanPostProcessor$AutowiredFieldElement.inject(AutowiredAnnotationBeanPostProcessor.java:586)
	at org.springframework.beans.factory.annotation.InjectionMetadata.inject(InjectionMetadata.java:90)
	at org.springframework.beans.factory.annotation.AutowiredAnnotationBeanPostProcessor.postProcessPropertyValues(AutowiredAnnotationBeanPostProcessor.java:372)
	at org.springframework.beans.factory.support.AbstractAutowireCapableBeanFactory.populateBean(AbstractAutowireCapableBeanFactory.java:1341)
	at org.springframework.beans.factory.support.AbstractAutowireCapableBeanFactory.doCreateBean(AbstractAutowireCapableBeanFactory.java:572)
	at org.springframework.beans.factory.support.AbstractAutowireCapableBeanFactory.createBean(AbstractAutowireCapableBeanFactory.java:495)
	at org.springframework.beans.factory.support.AbstractBeanFactory.lambda$doGetBean$0(AbstractBeanFactory.java:317)
	at org.springframework.beans.factory.support.DefaultSingletonBeanRegistry.getSingleton(DefaultSingletonBeanRegistry.java:222)
	at org.springframework.beans.factory.support.AbstractBeanFactory.doGetBean(AbstractBeanFactory.java:315)
	at org.springframework.beans.factory.support.AbstractBeanFactory.getBean(AbstractBeanFactory.java:199)
	at org.springframework.beans.factory.support.DefaultListableBeanFactory.preInstantiateSingletons(DefaultListableBeanFactory.java:759)
	at org.springframework.context.support.AbstractApplicationContext.finishBeanFactoryInitialization(AbstractApplicationContext.java:869)
	at org.springframework.context.support.AbstractApplicationContext.refresh(AbstractApplicationContext.java:550)
	at org.springframework.boot.web.servlet.context.ServletWebServerApplicationContext.refresh(ServletWebServerApplicationContext.java:140)
	at org.springframework.boot.SpringApplication.refresh(SpringApplication.java:780)
	at org.springframework.boot.SpringApplication.refreshContext(SpringApplication.java:412)
	at org.springframework.boot.SpringApplication.run(SpringApplication.java:333)
	at org.springframework.boot.SpringApplication.run(SpringApplication.java:1277)
	at org.springframework.boot.SpringApplication.run(SpringApplication.java:1265)
	at com.zwk.movie_recommend.MovieRecommendApiApplication.main(MovieRecommendApiApplication.java:29)
	at sun.reflect.NativeMethodAccessorImpl.invoke0(Native Method)
	at sun.reflect.NativeMethodAccessorImpl.invoke(NativeMethodAccessorImpl.java:62)
	at sun.reflect.DelegatingMethodAccessorImpl.invoke(DelegatingMethodAccessorImpl.java:43)
	at java.lang.reflect.Method.invoke(Method.java:498)
	at org.springframework.boot.devtools.restart.RestartLauncher.run(RestartLauncher.java:49)
Caused by: org.springframework.beans.TypeMismatchException: Failed to convert value of type 'java.lang.String' to required type 'int'; nested exception is java.lang.NumberFormatException: For input string: "${spring.redis.port}"
	at org.springframework.beans.TypeConverterSupport.doConvert(TypeConverterSupport.java:80)
	at org.springframework.beans.TypeConverterSupport.convertIfNecessary(TypeConverterSupport.java:60)
	at org.springframework.beans.factory.support.DefaultListableBeanFactory.doResolveDependency(DefaultListableBeanFactory.java:1089)
	at org.springframework.beans.factory.support.DefaultListableBeanFactory.resolveDependency(DefaultListableBeanFactory.java:1062)
	at org.springframework.beans.factory.annotation.AutowiredAnnotationBeanPostProcessor$AutowiredFieldElement.inject(AutowiredAnnotationBeanPostProcessor.java:583)
	... 24 common frames omitted
Caused by: java.lang.NumberFormatException: For input string: "${spring.redis.port}"
	at java.lang.NumberFormatException.forInputString(NumberFormatException.java:65)
	at java.lang.Integer.parseInt(Integer.java:569)
	at java.lang.Integer.valueOf(Integer.java:766)
	at org.springframework.util.NumberUtils.parseNumber(NumberUtils.java:210)
	at org.springframework.beans.propertyeditors.CustomNumberEditor.setAsText(CustomNumberEditor.java:115)
	at org.springframework.beans.TypeConverterDelegate.doConvertTextValue(TypeConverterDelegate.java:466)
	at org.springframework.beans.TypeConverterDelegate.doConvertValue(TypeConverterDelegate.java:439)
	at org.springframework.beans.TypeConverterDelegate.convertIfNecessary(TypeConverterDelegate.java:192)
	at org.springframework.beans.TypeConverterDelegate.convertIfNecessary(TypeConverterDelegate.java:117)
	at org.springframework.beans.TypeConverterSupport.doConvert(TypeConverterSupport.java:70)
	... 28 common frames omitted
2026-03-17 21:54:16,601 [INFO] [restartedMain] com.zwk.movie_recommend.MovieRecommendApiApplication [StartupInfoLogger.java : 50] Starting MovieRecommendApiApplication on zwk with PID 25820 (D:\code\java\movie_recommend_system\movie-recommend-api\target\classes started by win10 in D:\code\java\movie_recommend_system)
2026-03-17 21:54:16,610 [DEBUG] [restartedMain] com.zwk.movie_recommend.MovieRecommendApiApplication [StartupInfoLogger.java : 53] Running with Spring Boot v2.0.5.RELEASE, Spring v5.0.9.RELEASE
2026-03-17 21:54:16,613 [INFO] [restartedMain] com.zwk.movie_recommend.MovieRecommendApiApplication [SpringApplication.java : 684] The following profiles are active: dev
2026-03-17 21:54:16,768 [INFO] [restartedMain] o.s.b.w.s.c.AnnotationConfigServletWebServerApplicationContext [AbstractApplicationContext.java : 590] Refreshing org.springframework.boot.web.servlet.context.AnnotationConfigServletWebServerApplicationContext@4f636f35: startup date [Tue Mar 17 21:54:16 CST 2026]; root of context hierarchy
2026-03-17 21:54:18,828 [INFO] [restartedMain] o.s.data.repository.config.RepositoryConfigurationDelegate [RepositoryConfigurationDelegate.java : 172] Multiple Spring Data modules found, entering strict repository configuration mode!
2026-03-17 21:54:19,756 [INFO] [restartedMain] o.s.c.s.PostProcessorRegistrationDelegate$BeanPostProcessorChecker [PostProcessorRegistrationDelegate.java : 326] Bean 'org.springframework.transaction.annotation.ProxyTransactionManagementConfiguration' of type [org.springframework.transaction.annotation.ProxyTransactionManagementConfiguration$$EnhancerBySpringCGLIB$$4a5b5ce0] is not eligible for getting processed by all BeanPostProcessors (for example: not eligible for auto-proxying)
2026-03-17 21:54:20,802 [INFO] [restartedMain] org.springframework.boot.web.embedded.tomcat.TomcatWebServer [TomcatWebServer.java : 91] Tomcat initialized with port(s): 8010 (http)
2026-03-17 21:54:20,854 [INFO] [restartedMain] org.apache.catalina.core.StandardService [DirectJDKLog.java : 180] Starting service [Tomcat]
2026-03-17 21:54:20,854 [INFO] [restartedMain] org.apache.catalina.core.StandardEngine [DirectJDKLog.java : 180] Starting Servlet Engine: Apache Tomcat/8.5.34
2026-03-17 21:54:20,879 [INFO] [localhost-startStop-1] org.apache.catalina.core.AprLifecycleListener [DirectJDKLog.java : 180] The APR based Apache Tomcat Native library which allows optimal performance in production environments was not found on the java.library.path: [D:\code\jdk\bin;C:\WINDOWS\Sun\Java\bin;C:\WINDOWS\system32;C:\WINDOWS;C:\Python314\Scripts\;C:\Python314\;C:\ProgramData\Oracle\Java\javapath;C:\WINDOWS\system32;C:\WINDOWS;C:\WINDOWS\System32\Wbem;C:\WINDOWS\System32\WindowsPowerShell\v1.0\;C:\WINDOWS\System32\OpenSSH\;C:\Program Files\Docker\Docker\resources\bin;D:\code\apache-maven-3.5.3\bin;D:\code\Git\cmd;D:\code\skaffold\skaffold-windows-amd64.exe;D:\software\mysql5.8\bin;D:\software\NodeJS\;C:\ProgramData\chocolatey\bin;C:\Program Files\NVIDIA Corporation\NVIDIA App\NvDLISR;C:\Program Files (x86)\NVIDIA Corporation\PhysX\Common;C:\Users\win10\AppData\Local\Microsoft\WindowsApps;;C:\Program Files\JetBrains\IntelliJ IDEA 2025.3.3\bin;D:\code\GoLand 2023.2.1\bin;;D:\code\VSCode\bin;C:\Users\win10\AppData\Roaming\npm;.]
2026-03-17 21:54:21,251 [INFO] [localhost-startStop-1] org.apache.jasper.servlet.TldScanner [DirectJDKLog.java : 180] At least one JAR was scanned for TLDs yet contained no TLDs. Enable debug logging for this logger for a complete list of JARs that were scanned but no TLDs were found in them. Skipping unneeded JARs during scanning can improve startup time and JSP compilation time.
2026-03-17 21:54:21,259 [INFO] [localhost-startStop-1] o.a.c.c.C.[Tomcat].[localhost].[/movie-recommend-api] [DirectJDKLog.java : 180] Initializing Spring embedded WebApplicationContext
2026-03-17 21:54:21,260 [INFO] [localhost-startStop-1] org.springframework.web.context.ContextLoader [ServletWebServerApplicationContext.java : 285] Root WebApplicationContext: initialization completed in 4492 ms
2026-03-17 21:54:21,446 [INFO] [localhost-startStop-1] org.springframework.boot.web.servlet.ServletRegistrationBean [ServletRegistrationBean.java : 187] Servlet dispatcherServlet mapped to [/]
2026-03-17 21:54:21,449 [INFO] [localhost-startStop-1] org.springframework.boot.web.servlet.ServletRegistrationBean [ServletRegistrationBean.java : 187] Servlet statViewServlet mapped to [/druid/*]
2026-03-17 21:54:21,457 [INFO] [localhost-startStop-1] org.springframework.boot.web.servlet.FilterRegistrationBean [AbstractFilterRegistrationBean.java : 245] Mapping filter: 'characterEncodingFilter' to: [/*]
2026-03-17 21:54:21,457 [INFO] [localhost-startStop-1] org.springframework.boot.web.servlet.FilterRegistrationBean [AbstractFilterRegistrationBean.java : 245] Mapping filter: 'hiddenHttpMethodFilter' to: [/*]
2026-03-17 21:54:21,457 [INFO] [localhost-startStop-1] org.springframework.boot.web.servlet.FilterRegistrationBean [AbstractFilterRegistrationBean.java : 245] Mapping filter: 'httpPutFormContentFilter' to: [/*]
2026-03-17 21:54:21,457 [INFO] [localhost-startStop-1] org.springframework.boot.web.servlet.FilterRegistrationBean [AbstractFilterRegistrationBean.java : 245] Mapping filter: 'requestContextFilter' to: [/*]
2026-03-17 21:54:21,459 [INFO] [localhost-startStop-1] org.springframework.boot.web.servlet.FilterRegistrationBean [AbstractFilterRegistrationBean.java : 258] Mapping filter: 'webStatFilter' to urls: [/*]
2026-03-17 21:54:21,868 [INFO] [restartedMain] c.a.d.spring.boot.autoconfigure.DruidDataSourceAutoConfigure [DruidDataSourceAutoConfigure.java : 56] Init DruidDataSource
2026-03-17 21:54:23,572 [ERROR] [restartedMain] com.alibaba.druid.pool.DruidDataSource [DruidDataSource.java : 872] init datasource error, url: jdbc:mysql://localhost:3306/movie?useUnicode=true&characterEncoding=UTF-8
com.mysql.jdbc.exceptions.jdbc4.MySQLNonTransientConnectionException: Could not create connection to database server.
	at sun.reflect.NativeConstructorAccessorImpl.newInstance0(Native Method)
	at sun.reflect.NativeConstructorAccessorImpl.newInstance(NativeConstructorAccessorImpl.java:62)
	at sun.reflect.DelegatingConstructorAccessorImpl.newInstance(DelegatingConstructorAccessorImpl.java:45)
	at java.lang.reflect.Constructor.newInstance(Constructor.java:423)
	at com.mysql.jdbc.Util.handleNewInstance(Util.java:404)
	at com.mysql.jdbc.Util.getInstance(Util.java:387)
	at com.mysql.jdbc.SQLError.createSQLException(SQLError.java:917)
	at com.mysql.jdbc.SQLError.createSQLException(SQLError.java:896)
	at com.mysql.jdbc.SQLError.createSQLException(SQLError.java:885)
	at com.mysql.jdbc.SQLError.createSQLException(SQLError.java:860)
	at com.mysql.jdbc.ConnectionImpl.connectOneTryOnly(ConnectionImpl.java:2332)
	at com.mysql.jdbc.ConnectionImpl.createNewIO(ConnectionImpl.java:2085)
	at com.mysql.jdbc.ConnectionImpl.<init>(ConnectionImpl.java:795)
	at com.mysql.jdbc.JDBC4Connection.<init>(JDBC4Connection.java:44)
	at sun.reflect.NativeConstructorAccessorImpl.newInstance0(Native Method)
	at sun.reflect.NativeConstructorAccessorImpl.newInstance(NativeConstructorAccessorImpl.java:62)
	at sun.reflect.DelegatingConstructorAccessorImpl.newInstance(DelegatingConstructorAccessorImpl.java:45)
	at java.lang.reflect.Constructor.newInstance(Constructor.java:423)
	at com.mysql.jdbc.Util.handleNewInstance(Util.java:404)
	at com.mysql.jdbc.ConnectionImpl.getInstance(ConnectionImpl.java:400)
	at com.mysql.jdbc.NonRegisteringDriver.connect(NonRegisteringDriver.java:327)
	at com.alibaba.druid.filter.FilterChainImpl.connection_connect(FilterChainImpl.java:156)
	at com.alibaba.druid.filter.stat.StatFilter.connection_connect(StatFilter.java:218)
	at com.alibaba.druid.filter.FilterChainImpl.connection_connect(FilterChainImpl.java:150)
	at com.alibaba.druid.pool.DruidAbstractDataSource.createPhysicalConnection(DruidAbstractDataSource.java:1560)
	at com.alibaba.druid.pool.DruidAbstractDataSource.createPhysicalConnection(DruidAbstractDataSource.java:1623)
	at com.alibaba.druid.pool.DruidDataSource.init(DruidDataSource.java:861)
	at sun.reflect.NativeMethodAccessorImpl.invoke0(Native Method)
	at sun.reflect.NativeMethodAccessorImpl.invoke(NativeMethodAccessorImpl.java:62)
	at sun.reflect.DelegatingMethodAccessorImpl.invoke(DelegatingMethodAccessorImpl.java:43)
	at java.lang.reflect.Method.invoke(Method.java:498)
	at org.springframework.beans.factory.support.AbstractAutowireCapableBeanFactory.invokeCustomInitMethod(AbstractAutowireCapableBeanFactory.java:1824)
	at org.springframework.beans.factory.support.AbstractAutowireCapableBeanFactory.invokeInitMethods(AbstractAutowireCapableBeanFactory.java:1767)
	at org.springframework.beans.factory.support.AbstractAutowireCapableBeanFactory.initializeBean(AbstractAutowireCapableBeanFactory.java:1695)
	at org.springframework.beans.factory.support.AbstractAutowireCapableBeanFactory.doCreateBean(AbstractAutowireCapableBeanFactory.java:573)
	at org.springframework.beans.factory.support.AbstractAutowireCapableBeanFactory.createBean(AbstractAutowireCapableBeanFactory.java:495)
	at org.springframework.beans.factory.support.AbstractBeanFactory.lambda$doGetBean$0(AbstractBeanFactory.java:317)
	at org.springframework.beans.factory.support.DefaultSingletonBeanRegistry.getSingleton(DefaultSingletonBeanRegistry.java:222)
	at org.springframework.beans.factory.support.AbstractBeanFactory.doGetBean(AbstractBeanFactory.java:315)
	at org.springframework.beans.factory.support.AbstractBeanFactory.getBean(AbstractBeanFactory.java:199)
	at org.springframework.beans.factory.config.DependencyDescriptor.resolveCandidate(DependencyDescriptor.java:251)
	at org.springframework.beans.factory.support.DefaultListableBeanFactory.doResolveDependency(DefaultListableBeanFactory.java:1135)
	at org.springframework.beans.factory.support.DefaultListableBeanFactory.resolveDependency(DefaultListableBeanFactory.java:1062)
	at org.springframework.beans.factory.support.ConstructorResolver.resolveAutowiredArgument(ConstructorResolver.java:818)
	at org.springframework.beans.factory.support.ConstructorResolver.createArgumentArray(ConstructorResolver.java:724)
	at org.springframework.beans.factory.support.ConstructorResolver.instantiateUsingFactoryMethod(ConstructorResolver.java:474)
	at org.springframework.beans.factory.support.AbstractAutowireCapableBeanFactory.instantiateUsingFactoryMethod(AbstractAutowireCapableBeanFactory.java:1247)
	at org.springframework.beans.factory.support.AbstractAutowireCapableBeanFactory.createBeanInstance(AbstractAutowireCapableBeanFactory.java:1096)
	at org.springframework.beans.factory.support.AbstractAutowireCapableBeanFactory.doCreateBean(AbstractAutowireCapableBeanFactory.java:535)
	at org.springframework.beans.factory.support.AbstractAutowireCapableBeanFactory.createBean(AbstractAutowireCapableBeanFactory.java:495)
	at org.springframework.beans.factory.support.AbstractBeanFactory.lambda$doGetBean$0(AbstractBeanFactory.java:317)
	at org.springframework.beans.factory.support.DefaultSingletonBeanRegistry.getSingleton(DefaultSingletonBeanRegistry.java:222)
	at org.springframework.beans.factory.support.AbstractBeanFactory.doGetBean(AbstractBeanFactory.java:315)
	at org.springframework.beans.factory.support.AbstractBeanFactory.getBean(AbstractBeanFactory.java:199)
	at org.springframework.beans.factory.config.DependencyDescriptor.resolveCandidate(DependencyDescriptor.java:251)
	at org.springframework.beans.factory.support.DefaultListableBeanFactory.doResolveDependency(DefaultListableBeanFactory.java:1135)
	at org.springframework.beans.factory.support.DefaultListableBeanFactory.resolveDependency(DefaultListableBeanFactory.java:1062)
	at org.springframework.beans.factory.support.AbstractAutowireCapableBeanFactory.autowireByType(AbstractAutowireCapableBeanFactory.java:1421)
	at org.springframework.beans.factory.support.AbstractAutowireCapableBeanFactory.populateBean(AbstractAutowireCapableBeanFactory.java:1323)
	at org.springframework.beans.factory.support.AbstractAutowireCapableBeanFactory.doCreateBean(AbstractAutowireCapableBeanFactory.java:572)
	at org.springframework.beans.factory.support.AbstractAutowireCapableBeanFactory.createBean(AbstractAutowireCapableBeanFactory.java:495)
	at org.springframework.beans.factory.support.AbstractBeanFactory.lambda$doGetBean$0(AbstractBeanFactory.java:317)
	at org.springframework.beans.factory.support.DefaultSingletonBeanRegistry.getSingleton(DefaultSingletonBeanRegistry.java:222)
	at org.springframework.beans.factory.support.AbstractBeanFactory.doGetBean(AbstractBeanFactory.java:315)
	at org.springframework.beans.factory.support.AbstractBeanFactory.getBean(AbstractBeanFactory.java:199)
	at org.springframework.beans.factory.config.DependencyDescriptor.resolveCandidate(DependencyDescriptor.java:251)
	at org.springframework.beans.factory.support.DefaultListableBeanFactory.doResolveDependency(DefaultListableBeanFactory.java:1135)
	at org.springframework.beans.factory.support.DefaultListableBeanFactory.resolveDependency(DefaultListableBeanFactory.java:1062)
	at org.springframework.beans.factory.annotation.AutowiredAnnotationBeanPostProcessor$AutowiredFieldElement.inject(AutowiredAnnotationBeanPostProcessor.java:583)
	at org.springframework.beans.factory.annotation.InjectionMetadata.inject(InjectionMetadata.java:90)
	at org.springframework.beans.factory.annotation.AutowiredAnnotationBeanPostProcessor.postProcessPropertyValues(AutowiredAnnotationBeanPostProcessor.java:372)
	at org.springframework.beans.factory.support.AbstractAutowireCapableBeanFactory.populateBean(AbstractAutowireCapableBeanFactory.java:1341)
	at org.springframework.beans.factory.support.AbstractAutowireCapableBeanFactory.doCreateBean(AbstractAutowireCapableBeanFactory.java:572)
	at org.springframework.beans.factory.support.AbstractAutowireCapableBeanFactory.createBean(AbstractAutowireCapableBeanFactory.java:495)
	at org.springframework.beans.factory.support.AbstractBeanFactory.lambda$doGetBean$0(AbstractBeanFactory.java:317)
	at org.springframework.beans.factory.support.DefaultSingletonBeanRegistry.getSingleton(DefaultSingletonBeanRegistry.java:222)
	at org.springframework.beans.factory.support.AbstractBeanFactory.doGetBean(AbstractBeanFactory.java:315)
	at org.springframework.beans.factory.support.AbstractBeanFactory.getBean(AbstractBeanFactory.java:199)
	at org.springframework.beans.factory.config.DependencyDescriptor.resolveCandidate(DependencyDescriptor.java:251)
	at org.springframework.beans.factory.support.DefaultListableBeanFactory.doResolveDependency(DefaultListableBeanFactory.java:1135)
	at org.springframework.beans.factory.support.DefaultListableBeanFactory.resolveDependency(DefaultListableBeanFactory.java:1062)
	at org.springframework.beans.factory.annotation.AutowiredAnnotationBeanPostProcessor$AutowiredFieldElement.inject(AutowiredAnnotationBeanPostProcessor.java:583)
	at org.springframework.beans.factory.annotation.InjectionMetadata.inject(InjectionMetadata.java:90)
	at org.springframework.beans.factory.annotation.AutowiredAnnotationBeanPostProcessor.postProcessPropertyValues(AutowiredAnnotationBeanPostProcessor.java:372)
	at org.springframework.beans.factory.support.AbstractAutowireCapableBeanFactory.populateBean(AbstractAutowireCapableBeanFactory.java:1341)
	at org.springframework.beans.factory.support.AbstractAutowireCapableBeanFactory.doCreateBean(AbstractAutowireCapableBeanFactory.java:572)
	at org.springframework.beans.factory.support.AbstractAutowireCapableBeanFactory.createBean(AbstractAutowireCapableBeanFactory.java:495)
	at org.springframework.beans.factory.support.AbstractBeanFactory.lambda$doGetBean$0(AbstractBeanFactory.java:317)
	at org.springframework.beans.factory.support.DefaultSingletonBeanRegistry.getSingleton(DefaultSingletonBeanRegistry.java:222)
	at org.springframework.beans.factory.support.AbstractBeanFactory.doGetBean(AbstractBeanFactory.java:315)
	at org.springframework.beans.factory.support.AbstractBeanFactory.getBean(AbstractBeanFactory.java:199)
	at org.springframework.beans.factory.support.DefaultListableBeanFactory.preInstantiateSingletons(DefaultListableBeanFactory.java:759)
	at org.springframework.context.support.AbstractApplicationContext.finishBeanFactoryInitialization(AbstractApplicationContext.java:869)
	at org.springframework.context.support.AbstractApplicationContext.refresh(AbstractApplicationContext.java:550)
	at org.springframework.boot.web.servlet.context.ServletWebServerApplicationContext.refresh(ServletWebServerApplicationContext.java:140)
	at org.springframework.boot.SpringApplication.refresh(SpringApplication.java:780)
	at org.springframework.boot.SpringApplication.refreshContext(SpringApplication.java:412)
	at org.springframework.boot.SpringApplication.run(SpringApplication.java:333)
	at org.springframework.boot.SpringApplication.run(SpringApplication.java:1277)
	at org.springframework.boot.SpringApplication.run(SpringApplication.java:1265)
	at com.zwk.movie_recommend.MovieRecommendApiApplication.main(MovieRecommendApiApplication.java:29)
	at sun.reflect.NativeMethodAccessorImpl.invoke0(Native Method)
	at sun.reflect.NativeMethodAccessorImpl.invoke(NativeMethodAccessorImpl.java:62)
	at sun.reflect.DelegatingMethodAccessorImpl.invoke(DelegatingMethodAccessorImpl.java:43)
	at java.lang.reflect.Method.invoke(Method.java:498)
	at org.springframework.boot.devtools.restart.RestartLauncher.run(RestartLauncher.java:49)
Caused by: java.lang.NullPointerException: null
	at com.mysql.jdbc.ConnectionImpl.getServerCharset(ConnectionImpl.java:3005)
	at com.mysql.jdbc.MysqlIO.sendConnectionAttributes(MysqlIO.java:1916)
	at com.mysql.jdbc.MysqlIO.proceedHandshakeWithPluggableAuthentication(MysqlIO.java:1845)
	at com.mysql.jdbc.MysqlIO.doHandshake(MysqlIO.java:1215)
	at com.mysql.jdbc.ConnectionImpl.coreConnect(ConnectionImpl.java:2255)
	at com.mysql.jdbc.ConnectionImpl.connectOneTryOnly(ConnectionImpl.java:2286)
	... 95 common frames omitted
2026-03-17 21:54:23,578 [ERROR] [restartedMain] com.alibaba.druid.pool.DruidDataSource [DruidDataSource.java : 905] {dataSource-1} init error
com.mysql.jdbc.exceptions.jdbc4.MySQLNonTransientConnectionException: Could not create connection to database server.
	at sun.reflect.NativeConstructorAccessorImpl.newInstance0(Native Method)
	at sun.reflect.NativeConstructorAccessorImpl.newInstance(NativeConstructorAccessorImpl.java:62)
	at sun.reflect.DelegatingConstructorAccessorImpl.newInstance(DelegatingConstructorAccessorImpl.java:45)
	at java.lang.reflect.Constructor.newInstance(Constructor.java:423)
	at com.mysql.jdbc.Util.handleNewInstance(Util.java:404)
	at com.mysql.jdbc.Util.getInstance(Util.java:387)
	at com.mysql.jdbc.SQLError.createSQLException(SQLError.java:917)
	at com.mysql.jdbc.SQLError.createSQLException(SQLError.java:896)
	at com.mysql.jdbc.SQLError.createSQLException(SQLError.java:885)
	at com.mysql.jdbc.SQLError.createSQLException(SQLError.java:860)
	at com.mysql.jdbc.ConnectionImpl.connectOneTryOnly(ConnectionImpl.java:2332)
	at com.mysql.jdbc.ConnectionImpl.createNewIO(ConnectionImpl.java:2085)
	at com.mysql.jdbc.ConnectionImpl.<init>(ConnectionImpl.java:795)
	at com.mysql.jdbc.JDBC4Connection.<init>(JDBC4Connection.java:44)
	at sun.reflect.NativeConstructorAccessorImpl.newInstance0(Native Method)
	at sun.reflect.NativeConstructorAccessorImpl.newInstance(NativeConstructorAccessorImpl.java:62)
	at sun.reflect.DelegatingConstructorAccessorImpl.newInstance(DelegatingConstructorAccessorImpl.java:45)
	at java.lang.reflect.Constructor.newInstance(Constructor.java:423)
	at com.mysql.jdbc.Util.handleNewInstance(Util.java:404)
	at com.mysql.jdbc.ConnectionImpl.getInstance(ConnectionImpl.java:400)
	at com.mysql.jdbc.NonRegisteringDriver.connect(NonRegisteringDriver.java:327)
	at com.alibaba.druid.filter.FilterChainImpl.connection_connect(FilterChainImpl.java:156)
	at com.alibaba.druid.filter.stat.StatFilter.connection_connect(StatFilter.java:218)
	at com.alibaba.druid.filter.FilterChainImpl.connection_connect(FilterChainImpl.java:150)
	at com.alibaba.druid.pool.DruidAbstractDataSource.createPhysicalConnection(DruidAbstractDataSource.java:1560)
	at com.alibaba.druid.pool.DruidAbstractDataSource.createPhysicalConnection(DruidAbstractDataSource.java:1623)
	at com.alibaba.druid.pool.DruidDataSource.init(DruidDataSource.java:861)
	at sun.reflect.NativeMethodAccessorImpl.invoke0(Native Method)
	at sun.reflect.NativeMethodAccessorImpl.invoke(NativeMethodAccessorImpl.java:62)
	at sun.reflect.DelegatingMethodAccessorImpl.invoke(DelegatingMethodAccessorImpl.java:43)
	at java.lang.reflect.Method.invoke(Method.java:498)
	at org.springframework.beans.factory.support.AbstractAutowireCapableBeanFactory.invokeCustomInitMethod(AbstractAutowireCapableBeanFactory.java:1824)
	at org.springframework.beans.factory.support.AbstractAutowireCapableBeanFactory.invokeInitMethods(AbstractAutowireCapableBeanFactory.java:1767)
	at org.springframework.beans.factory.support.AbstractAutowireCapableBeanFactory.initializeBean(AbstractAutowireCapableBeanFactory.java:1695)
	at org.springframework.beans.factory.support.AbstractAutowireCapableBeanFactory.doCreateBean(AbstractAutowireCapableBeanFactory.java:573)
	at org.springframework.beans.factory.support.AbstractAutowireCapableBeanFactory.createBean(AbstractAutowireCapableBeanFactory.java:495)
	at org.springframework.beans.factory.support.AbstractBeanFactory.lambda$doGetBean$0(AbstractBeanFactory.java:317)
	at org.springframework.beans.factory.support.DefaultSingletonBeanRegistry.getSingleton(DefaultSingletonBeanRegistry.java:222)
	at org.springframework.beans.factory.support.AbstractBeanFactory.doGetBean(AbstractBeanFactory.java:315)
	at org.springframework.beans.factory.support.AbstractBeanFactory.getBean(AbstractBeanFactory.java:199)
	at org.springframework.beans.factory.config.DependencyDescriptor.resolveCandidate(DependencyDescriptor.java:251)
	at org.springframework.beans.factory.support.DefaultListableBeanFactory.doResolveDependency(DefaultListableBeanFactory.java:1135)
	at org.springframework.beans.factory.support.DefaultListableBeanFactory.resolveDependency(DefaultListableBeanFactory.java:1062)
	at org.springframework.beans.factory.support.ConstructorResolver.resolveAutowiredArgument(ConstructorResolver.java:818)
	at org.springframework.beans.factory.support.ConstructorResolver.createArgumentArray(ConstructorResolver.java:724)
	at org.springframework.beans.factory.support.ConstructorResolver.instantiateUsingFactoryMethod(ConstructorResolver.java:474)
	at org.springframework.beans.factory.support.AbstractAutowireCapableBeanFactory.instantiateUsingFactoryMethod(AbstractAutowireCapableBeanFactory.java:1247)
	at org.springframework.beans.factory.support.AbstractAutowireCapableBeanFactory.createBeanInstance(AbstractAutowireCapableBeanFactory.java:1096)
	at org.springframework.beans.factory.support.AbstractAutowireCapableBeanFactory.doCreateBean(AbstractAutowireCapableBeanFactory.java:535)
	at org.springframework.beans.factory.support.AbstractAutowireCapableBeanFactory.createBean(AbstractAutowireCapableBeanFactory.java:495)
	at org.springframework.beans.factory.support.AbstractBeanFactory.lambda$doGetBean$0(AbstractBeanFactory.java:317)
	at org.springframework.beans.factory.support.DefaultSingletonBeanRegistry.getSingleton(DefaultSingletonBeanRegistry.java:222)
	at org.springframework.beans.factory.support.AbstractBeanFactory.doGetBean(AbstractBeanFactory.java:315)
	at org.springframework.beans.factory.support.AbstractBeanFactory.getBean(AbstractBeanFactory.java:199)
	at org.springframework.beans.factory.config.DependencyDescriptor.resolveCandidate(DependencyDescriptor.java:251)
	at org.springframework.beans.factory.support.DefaultListableBeanFactory.doResolveDependency(DefaultListableBeanFactory.java:1135)
	at org.springframework.beans.factory.support.DefaultListableBeanFactory.resolveDependency(DefaultListableBeanFactory.java:1062)
	at org.springframework.beans.factory.support.AbstractAutowireCapableBeanFactory.autowireByType(AbstractAutowireCapableBeanFactory.java:1421)
	at org.springframework.beans.factory.support.AbstractAutowireCapableBeanFactory.populateBean(AbstractAutowireCapableBeanFactory.java:1323)
	at org.springframework.beans.factory.support.AbstractAutowireCapableBeanFactory.doCreateBean(AbstractAutowireCapableBeanFactory.java:572)
	at org.springframework.beans.factory.support.AbstractAutowireCapableBeanFactory.createBean(AbstractAutowireCapableBeanFactory.java:495)
	at org.springframework.beans.factory.support.AbstractBeanFactory.lambda$doGetBean$0(AbstractBeanFactory.java:317)
	at org.springframework.beans.factory.support.DefaultSingletonBeanRegistry.getSingleton(DefaultSingletonBeanRegistry.java:222)
	at org.springframework.beans.factory.support.AbstractBeanFactory.doGetBean(AbstractBeanFactory.java:315)
	at org.springframework.beans.factory.support.AbstractBeanFactory.getBean(AbstractBeanFactory.java:199)
	at org.springframework.beans.factory.config.DependencyDescriptor.resolveCandidate(DependencyDescriptor.java:251)
	at org.springframework.beans.factory.support.DefaultListableBeanFactory.doResolveDependency(DefaultListableBeanFactory.java:1135)
	at org.springframework.beans.factory.support.DefaultListableBeanFactory.resolveDependency(DefaultListableBeanFactory.java:1062)
	at org.springframework.beans.factory.annotation.AutowiredAnnotationBeanPostProcessor$AutowiredFieldElement.inject(AutowiredAnnotationBeanPostProcessor.java:583)
	at org.springframework.beans.factory.annotation.InjectionMetadata.inject(InjectionMetadata.java:90)
	at org.springframework.beans.factory.annotation.AutowiredAnnotationBeanPostProcessor.postProcessPropertyValues(AutowiredAnnotationBeanPostProcessor.java:372)
	at org.springframework.beans.factory.support.AbstractAutowireCapableBeanFactory.populateBean(AbstractAutowireCapableBeanFactory.java:1341)
	at org.springframework.beans.factory.support.AbstractAutowireCapableBeanFactory.doCreateBean(AbstractAutowireCapableBeanFactory.java:572)
	at org.springframework.beans.factory.support.AbstractAutowireCapableBeanFactory.createBean(AbstractAutowireCapableBeanFactory.java:495)
	at org.springframework.beans.factory.support.AbstractBeanFactory.lambda$doGetBean$0(AbstractBeanFactory.java:317)
	at org.springframework.beans.factory.support.DefaultSingletonBeanRegistry.getSingleton(DefaultSingletonBeanRegistry.java:222)
	at org.springframework.beans.factory.support.AbstractBeanFactory.doGetBean(AbstractBeanFactory.java:315)
	at org.springframework.beans.factory.support.AbstractBeanFactory.getBean(AbstractBeanFactory.java:199)
	at org.springframework.beans.factory.config.DependencyDescriptor.resolveCandidate(DependencyDescriptor.java:251)
	at org.springframework.beans.factory.support.DefaultListableBeanFactory.doResolveDependency(DefaultListableBeanFactory.java:1135)
	at org.springframework.beans.factory.support.DefaultListableBeanFactory.resolveDependency(DefaultListableBeanFactory.java:1062)
	at org.springframework.beans.factory.annotation.AutowiredAnnotationBeanPostProcessor$AutowiredFieldElement.inject(AutowiredAnnotationBeanPostProcessor.java:583)
	at org.springframework.beans.factory.annotation.InjectionMetadata.inject(InjectionMetadata.java:90)
	at org.springframework.beans.factory.annotation.AutowiredAnnotationBeanPostProcessor.postProcessPropertyValues(AutowiredAnnotationBeanPostProcessor.java:372)
	at org.springframework.beans.factory.support.AbstractAutowireCapableBeanFactory.populateBean(AbstractAutowireCapableBeanFactory.java:1341)
	at org.springframework.beans.factory.support.AbstractAutowireCapableBeanFactory.doCreateBean(AbstractAutowireCapableBeanFactory.java:572)
	at org.springframework.beans.factory.support.AbstractAutowireCapableBeanFactory.createBean(AbstractAutowireCapableBeanFactory.java:495)
	at org.springframework.beans.factory.support.AbstractBeanFactory.lambda$doGetBean$0(AbstractBeanFactory.java:317)
	at org.springframework.beans.factory.support.DefaultSingletonBeanRegistry.getSingleton(DefaultSingletonBeanRegistry.java:222)
	at org.springframework.beans.factory.support.AbstractBeanFactory.doGetBean(AbstractBeanFactory.java:315)
	at org.springframework.beans.factory.support.AbstractBeanFactory.getBean(AbstractBeanFactory.java:199)
	at org.springframework.beans.factory.support.DefaultListableBeanFactory.preInstantiateSingletons(DefaultListableBeanFactory.java:759)
	at org.springframework.context.support.AbstractApplicationContext.finishBeanFactoryInitialization(AbstractApplicationContext.java:869)
	at org.springframework.context.support.AbstractApplicationContext.refresh(AbstractApplicationContext.java:550)
	at org.springframework.boot.web.servlet.context.ServletWebServerApplicationContext.refresh(ServletWebServerApplicationContext.java:140)
	at org.springframework.boot.SpringApplication.refresh(SpringApplication.java:780)
	at org.springframework.boot.SpringApplication.refreshContext(SpringApplication.java:412)
	at org.springframework.boot.SpringApplication.run(SpringApplication.java:333)
	at org.springframework.boot.SpringApplication.run(SpringApplication.java:1277)
	at org.springframework.boot.SpringApplication.run(SpringApplication.java:1265)
	at com.zwk.movie_recommend.MovieRecommendApiApplication.main(MovieRecommendApiApplication.java:29)
	at sun.reflect.NativeMethodAccessorImpl.invoke0(Native Method)
	at sun.reflect.NativeMethodAccessorImpl.invoke(NativeMethodAccessorImpl.java:62)
	at sun.reflect.DelegatingMethodAccessorImpl.invoke(DelegatingMethodAccessorImpl.java:43)
	at java.lang.reflect.Method.invoke(Method.java:498)
	at org.springframework.boot.devtools.restart.RestartLauncher.run(RestartLauncher.java:49)
Caused by: java.lang.NullPointerException: null
	at com.mysql.jdbc.ConnectionImpl.getServerCharset(ConnectionImpl.java:3005)
	at com.mysql.jdbc.MysqlIO.sendConnectionAttributes(MysqlIO.java:1916)
	at com.mysql.jdbc.MysqlIO.proceedHandshakeWithPluggableAuthentication(MysqlIO.java:1845)
	at com.mysql.jdbc.MysqlIO.doHandshake(MysqlIO.java:1215)
	at com.mysql.jdbc.ConnectionImpl.coreConnect(ConnectionImpl.java:2255)
	at com.mysql.jdbc.ConnectionImpl.connectOneTryOnly(ConnectionImpl.java:2286)
	... 95 common frames omitted
2026-03-17 21:54:23,581 [INFO] [restartedMain] com.alibaba.druid.pool.DruidDataSource [DruidDataSource.java : 930] {dataSource-1} inited
2026-03-17 21:54:23,590 [WARN] [restartedMain] o.s.b.w.s.c.AnnotationConfigServletWebServerApplicationContext [AbstractApplicationContext.java : 558] Exception encountered during context initialization - cancelling refresh attempt: org.springframework.beans.factory.UnsatisfiedDependencyException: Error creating bean with name 'customerController': Unsatisfied dependency expressed through field 'userService'; nested exception is org.springframework.beans.factory.UnsatisfiedDependencyException: Error creating bean with name 'userService': Unsatisfied dependency expressed through field 'baseMapper'; nested exception is org.springframework.beans.factory.UnsatisfiedDependencyException: Error creating bean with name 'userDao' defined in file [D:\code\java\movie_recommend_system\movie-recommend-api\target\classes\com\zwk\movie_recommend\dao\UserDao.class]: Unsatisfied dependency expressed through bean property 'sqlSessionFactory'; nested exception is org.springframework.beans.factory.UnsatisfiedDependencyException: Error creating bean with name 'sqlSessionFactory' defined in class path resource [com/baomidou/mybatisplus/spring/boot/starter/MybatisPlusAutoConfiguration.class]: Unsatisfied dependency expressed through method 'sqlSessionFactory' parameter 0; nested exception is org.springframework.beans.factory.BeanCreationException: Error creating bean with name 'dataSource' defined in class path resource [com/alibaba/druid/spring/boot/autoconfigure/DruidDataSourceAutoConfigure.class]: Invocation of init method failed; nested exception is com.mysql.jdbc.exceptions.jdbc4.MySQLNonTransientConnectionException: Could not create connection to database server.
2026-03-17 21:54:23,597 [INFO] [restartedMain] org.apache.catalina.core.StandardService [DirectJDKLog.java : 180] Stopping service [Tomcat]
2026-03-17 21:54:23,611 [ERROR] [Druid-ConnectionPool-Create-1249915846] com.alibaba.druid.pool.DruidDataSource [DruidDataSource.java : 2471] create connection SQLException, url: jdbc:mysql://localhost:3306/movie?useUnicode=true&characterEncoding=UTF-8, errorCode 0, state 08001
com.mysql.jdbc.exceptions.jdbc4.MySQLNonTransientConnectionException: Could not create connection to database server.
	at sun.reflect.NativeConstructorAccessorImpl.newInstance0(Native Method)
	at sun.reflect.NativeConstructorAccessorImpl.newInstance(NativeConstructorAccessorImpl.java:62)
	at sun.reflect.DelegatingConstructorAccessorImpl.newInstance(DelegatingConstructorAccessorImpl.java:45)
	at java.lang.reflect.Constructor.newInstance(Constructor.java:423)
	at com.mysql.jdbc.Util.handleNewInstance(Util.java:404)
	at com.mysql.jdbc.Util.getInstance(Util.java:387)
	at com.mysql.jdbc.SQLError.createSQLException(SQLError.java:917)
	at com.mysql.jdbc.SQLError.createSQLException(SQLError.java:896)
	at com.mysql.jdbc.SQLError.createSQLException(SQLError.java:885)
	at com.mysql.jdbc.SQLError.createSQLException(SQLError.java:860)
	at com.mysql.jdbc.ConnectionImpl.connectOneTryOnly(ConnectionImpl.java:2332)
	at com.mysql.jdbc.ConnectionImpl.createNewIO(ConnectionImpl.java:2085)
	at com.mysql.jdbc.ConnectionImpl.<init>(ConnectionImpl.java:795)
	at com.mysql.jdbc.JDBC4Connection.<init>(JDBC4Connection.java:44)
	at sun.reflect.NativeConstructorAccessorImpl.newInstance0(Native Method)
	at sun.reflect.NativeConstructorAccessorImpl.newInstance(NativeConstructorAccessorImpl.java:62)
	at sun.reflect.DelegatingConstructorAccessorImpl.newInstance(DelegatingConstructorAccessorImpl.java:45)
	at java.lang.reflect.Constructor.newInstance(Constructor.java:423)
	at com.mysql.jdbc.Util.handleNewInstance(Util.java:404)
	at com.mysql.jdbc.ConnectionImpl.getInstance(ConnectionImpl.java:400)
	at com.mysql.jdbc.NonRegisteringDriver.connect(NonRegisteringDriver.java:327)
	at com.alibaba.druid.filter.FilterChainImpl.connection_connect(FilterChainImpl.java:156)
	at com.alibaba.druid.filter.stat.StatFilter.connection_connect(StatFilter.java:218)
	at com.alibaba.druid.filter.FilterChainImpl.connection_connect(FilterChainImpl.java:150)
	at com.alibaba.druid.pool.DruidAbstractDataSource.createPhysicalConnection(DruidAbstractDataSource.java:1560)
	at com.alibaba.druid.pool.DruidAbstractDataSource.createPhysicalConnection(DruidAbstractDataSource.java:1623)
	at com.alibaba.druid.pool.DruidDataSource$CreateConnectionThread.run(DruidDataSource.java:2468)
Caused by: java.lang.NullPointerException: null
	at com.mysql.jdbc.ConnectionImpl.getServerCharset(ConnectionImpl.java:3005)
	at com.mysql.jdbc.MysqlIO.sendConnectionAttributes(MysqlIO.java:1916)
	at com.mysql.jdbc.MysqlIO.proceedHandshakeWithPluggableAuthentication(MysqlIO.java:1845)
	at com.mysql.jdbc.MysqlIO.doHandshake(MysqlIO.java:1215)
	at com.mysql.jdbc.ConnectionImpl.coreConnect(ConnectionImpl.java:2255)
	at com.mysql.jdbc.ConnectionImpl.connectOneTryOnly(ConnectionImpl.java:2286)
	... 16 common frames omitted
2026-03-17 21:54:23,621 [INFO] [restartedMain] o.s.b.a.logging.ConditionEvaluationReportLoggingListener [ConditionEvaluationReportLoggingListener.java : 101] 

Error starting ApplicationContext. To display the conditions report re-run your application with 'debug' enabled.
2026-03-17 21:54:23,634 [ERROR] [Druid-ConnectionPool-Create-1249915846] com.alibaba.druid.pool.DruidDataSource [DruidDataSource.java : 2471] create connection SQLException, url: jdbc:mysql://localhost:3306/movie?useUnicode=true&characterEncoding=UTF-8, errorCode 0, state 08001
com.mysql.jdbc.exceptions.jdbc4.MySQLNonTransientConnectionException: Could not create connection to database server.
	at sun.reflect.NativeConstructorAccessorImpl.newInstance0(Native Method)
	at sun.reflect.NativeConstructorAccessorImpl.newInstance(NativeConstructorAccessorImpl.java:62)
	at sun.reflect.DelegatingConstructorAccessorImpl.newInstance(DelegatingConstructorAccessorImpl.java:45)
	at java.lang.reflect.Constructor.newInstance(Constructor.java:423)
	at com.mysql.jdbc.Util.handleNewInstance(Util.java:404)
	at com.mysql.jdbc.Util.getInstance(Util.java:387)
	at com.mysql.jdbc.SQLError.createSQLException(SQLError.java:917)
	at com.mysql.jdbc.SQLError.createSQLException(SQLError.java:896)
	at com.mysql.jdbc.SQLError.createSQLException(SQLError.java:885)
	at com.mysql.jdbc.SQLError.createSQLException(SQLError.java:860)
	at com.mysql.jdbc.ConnectionImpl.connectOneTryOnly(ConnectionImpl.java:2332)
	at com.mysql.jdbc.ConnectionImpl.createNewIO(ConnectionImpl.java:2085)
	at com.mysql.jdbc.ConnectionImpl.<init>(ConnectionImpl.java:795)
	at com.mysql.jdbc.JDBC4Connection.<init>(JDBC4Connection.java:44)
	at sun.reflect.NativeConstructorAccessorImpl.newInstance0(Native Method)
	at sun.reflect.NativeConstructorAccessorImpl.newInstance(NativeConstructorAccessorImpl.java:62)
	at sun.reflect.DelegatingConstructorAccessorImpl.newInstance(DelegatingConstructorAccessorImpl.java:45)
	at java.lang.reflect.Constructor.newInstance(Constructor.java:423)
	at com.mysql.jdbc.Util.handleNewInstance(Util.java:404)
	at com.mysql.jdbc.ConnectionImpl.getInstance(ConnectionImpl.java:400)
	at com.mysql.jdbc.NonRegisteringDriver.connect(NonRegisteringDriver.java:327)
	at com.alibaba.druid.filter.FilterChainImpl.connection_connect(FilterChainImpl.java:156)
	at com.alibaba.druid.filter.stat.StatFilter.connection_connect(StatFilter.java:218)
	at com.alibaba.druid.filter.FilterChainImpl.connection_connect(FilterChainImpl.java:150)
	at com.alibaba.druid.pool.DruidAbstractDataSource.createPhysicalConnection(DruidAbstractDataSource.java:1560)
	at com.alibaba.druid.pool.DruidAbstractDataSource.createPhysicalConnection(DruidAbstractDataSource.java:1623)
	at com.alibaba.druid.pool.DruidDataSource$CreateConnectionThread.run(DruidDataSource.java:2468)
Caused by: java.lang.NullPointerException: null
	at com.mysql.jdbc.ConnectionImpl.getServerCharset(ConnectionImpl.java:3005)
	at com.mysql.jdbc.MysqlIO.sendConnectionAttributes(MysqlIO.java:1916)
	at com.mysql.jdbc.MysqlIO.proceedHandshakeWithPluggableAuthentication(MysqlIO.java:1845)
	at com.mysql.jdbc.MysqlIO.doHandshake(MysqlIO.java:1215)
	at com.mysql.jdbc.ConnectionImpl.coreConnect(ConnectionImpl.java:2255)
	at com.mysql.jdbc.ConnectionImpl.connectOneTryOnly(ConnectionImpl.java:2286)
	... 16 common frames omitted
2026-03-17 21:54:23,633 [ERROR] [restartedMain] org.springframework.boot.SpringApplication [SpringApplication.java : 863] Application run failed
org.springframework.beans.factory.UnsatisfiedDependencyException: Error creating bean with name 'customerController': Unsatisfied dependency expressed through field 'userService'; nested exception is org.springframework.beans.factory.UnsatisfiedDependencyException: Error creating bean with name 'userService': Unsatisfied dependency expressed through field 'baseMapper'; nested exception is org.springframework.beans.factory.UnsatisfiedDependencyException: Error creating bean with name 'userDao' defined in file [D:\code\java\movie_recommend_system\movie-recommend-api\target\classes\com\zwk\movie_recommend\dao\UserDao.class]: Unsatisfied dependency expressed through bean property 'sqlSessionFactory'; nested exception is org.springframework.beans.factory.UnsatisfiedDependencyException: Error creating bean with name 'sqlSessionFactory' defined in class path resource [com/baomidou/mybatisplus/spring/boot/starter/MybatisPlusAutoConfiguration.class]: Unsatisfied dependency expressed through method 'sqlSessionFactory' parameter 0; nested exception is org.springframework.beans.factory.BeanCreationException: Error creating bean with name 'dataSource' defined in class path resource [com/alibaba/druid/spring/boot/autoconfigure/DruidDataSourceAutoConfigure.class]: Invocation of init method failed; nested exception is com.mysql.jdbc.exceptions.jdbc4.MySQLNonTransientConnectionException: Could not create connection to database server.
	at org.springframework.beans.factory.annotation.AutowiredAnnotationBeanPostProcessor$AutowiredFieldElement.inject(AutowiredAnnotationBeanPostProcessor.java:586)
	at org.springframework.beans.factory.annotation.InjectionMetadata.inject(InjectionMetadata.java:90)
	at org.springframework.beans.factory.annotation.AutowiredAnnotationBeanPostProcessor.postProcessPropertyValues(AutowiredAnnotationBeanPostProcessor.java:372)
	at org.springframework.beans.factory.support.AbstractAutowireCapableBeanFactory.populateBean(AbstractAutowireCapableBeanFactory.java:1341)
	at org.springframework.beans.factory.support.AbstractAutowireCapableBeanFactory.doCreateBean(AbstractAutowireCapableBeanFactory.java:572)
	at org.springframework.beans.factory.support.AbstractAutowireCapableBeanFactory.createBean(AbstractAutowireCapableBeanFactory.java:495)
	at org.springframework.beans.factory.support.AbstractBeanFactory.lambda$doGetBean$0(AbstractBeanFactory.java:317)
	at org.springframework.beans.factory.support.DefaultSingletonBeanRegistry.getSingleton(DefaultSingletonBeanRegistry.java:222)
	at org.springframework.beans.factory.support.AbstractBeanFactory.doGetBean(AbstractBeanFactory.java:315)
	at org.springframework.beans.factory.support.AbstractBeanFactory.getBean(AbstractBeanFactory.java:199)
	at org.springframework.beans.factory.support.DefaultListableBeanFactory.preInstantiateSingletons(DefaultListableBeanFactory.java:759)
	at org.springframework.context.support.AbstractApplicationContext.finishBeanFactoryInitialization(AbstractApplicationContext.java:869)
	at org.springframework.context.support.AbstractApplicationContext.refresh(AbstractApplicationContext.java:550)
	at org.springframework.boot.web.servlet.context.ServletWebServerApplicationContext.refresh(ServletWebServerApplicationContext.java:140)
	at org.springframework.boot.SpringApplication.refresh(SpringApplication.java:780)
	at org.springframework.boot.SpringApplication.refreshContext(SpringApplication.java:412)
	at org.springframework.boot.SpringApplication.run(SpringApplication.java:333)
	at org.springframework.boot.SpringApplication.run(SpringApplication.java:1277)
	at org.springframework.boot.SpringApplication.run(SpringApplication.java:1265)
	at com.zwk.movie_recommend.MovieRecommendApiApplication.main(MovieRecommendApiApplication.java:29)
	at sun.reflect.NativeMethodAccessorImpl.invoke0(Native Method)
	at sun.reflect.NativeMethodAccessorImpl.invoke(NativeMethodAccessorImpl.java:62)
	at sun.reflect.DelegatingMethodAccessorImpl.invoke(DelegatingMethodAccessorImpl.java:43)
	at java.lang.reflect.Method.invoke(Method.java:498)
	at org.springframework.boot.devtools.restart.RestartLauncher.run(RestartLauncher.java:49)
Caused by: org.springframework.beans.factory.UnsatisfiedDependencyException: Error creating bean with name 'userService': Unsatisfied dependency expressed through field 'baseMapper'; nested exception is org.springframework.beans.factory.UnsatisfiedDependencyException: Error creating bean with name 'userDao' defined in file [D:\code\java\movie_recommend_system\movie-recommend-api\target\classes\com\zwk\movie_recommend\dao\UserDao.class]: Unsatisfied dependency expressed through bean property 'sqlSessionFactory'; nested exception is org.springframework.beans.factory.UnsatisfiedDependencyException: Error creating bean with name 'sqlSessionFactory' defined in class path resource [com/baomidou/mybatisplus/spring/boot/starter/MybatisPlusAutoConfiguration.class]: Unsatisfied dependency expressed through method 'sqlSessionFactory' parameter 0; nested exception is org.springframework.beans.factory.BeanCreationException: Error creating bean with name 'dataSource' defined in class path resource [com/alibaba/druid/spring/boot/autoconfigure/DruidDataSourceAutoConfigure.class]: Invocation of init method failed; nested exception is com.mysql.jdbc.exceptions.jdbc4.MySQLNonTransientConnectionException: Could not create connection to database server.
	at org.springframework.beans.factory.annotation.AutowiredAnnotationBeanPostProcessor$AutowiredFieldElement.inject(AutowiredAnnotationBeanPostProcessor.java:586)
	at org.springframework.beans.factory.annotation.InjectionMetadata.inject(InjectionMetadata.java:90)
	at org.springframework.beans.factory.annotation.AutowiredAnnotationBeanPostProcessor.postProcessPropertyValues(AutowiredAnnotationBeanPostProcessor.java:372)
	at org.springframework.beans.factory.support.AbstractAutowireCapableBeanFactory.populateBean(AbstractAutowireCapableBeanFactory.java:1341)
	at org.springframework.beans.factory.support.AbstractAutowireCapableBeanFactory.doCreateBean(AbstractAutowireCapableBeanFactory.java:572)
	at org.springframework.beans.factory.support.AbstractAutowireCapableBeanFactory.createBean(AbstractAutowireCapableBeanFactory.java:495)
	at org.springframework.beans.factory.support.AbstractBeanFactory.lambda$doGetBean$0(AbstractBeanFactory.java:317)
	at org.springframework.beans.factory.support.DefaultSingletonBeanRegistry.getSingleton(DefaultSingletonBeanRegistry.java:222)
	at org.springframework.beans.factory.support.AbstractBeanFactory.doGetBean(AbstractBeanFactory.java:315)
	at org.springframework.beans.factory.support.AbstractBeanFactory.getBean(AbstractBeanFactory.java:199)
	at org.springframework.beans.factory.config.DependencyDescriptor.resolveCandidate(DependencyDescriptor.java:251)
	at org.springframework.beans.factory.support.DefaultListableBeanFactory.doResolveDependency(DefaultListableBeanFactory.java:1135)
	at org.springframework.beans.factory.support.DefaultListableBeanFactory.resolveDependency(DefaultListableBeanFactory.java:1062)
	at org.springframework.beans.factory.annotation.AutowiredAnnotationBeanPostProcessor$AutowiredFieldElement.inject(AutowiredAnnotationBeanPostProcessor.java:583)
	... 24 common frames omitted
Caused by: org.springframework.beans.factory.UnsatisfiedDependencyException: Error creating bean with name 'userDao' defined in file [D:\code\java\movie_recommend_system\movie-recommend-api\target\classes\com\zwk\movie_recommend\dao\UserDao.class]: Unsatisfied dependency expressed through bean property 'sqlSessionFactory'; nested exception is org.springframework.beans.factory.UnsatisfiedDependencyException: Error creating bean with name 'sqlSessionFactory' defined in class path resource [com/baomidou/mybatisplus/spring/boot/starter/MybatisPlusAutoConfiguration.class]: Unsatisfied dependency expressed through method 'sqlSessionFactory' parameter 0; nested exception is org.springframework.beans.factory.BeanCreationException: Error creating bean with name 'dataSource' defined in class path resource [com/alibaba/druid/spring/boot/autoconfigure/DruidDataSourceAutoConfigure.class]: Invocation of init method failed; nested exception is com.mysql.jdbc.exceptions.jdbc4.MySQLNonTransientConnectionException: Could not create connection to database server.
	at org.springframework.beans.factory.support.AbstractAutowireCapableBeanFactory.autowireByType(AbstractAutowireCapableBeanFactory.java:1436)
	at org.springframework.beans.factory.support.AbstractAutowireCapableBeanFactory.populateBean(AbstractAutowireCapableBeanFactory.java:1323)
	at org.springframework.beans.factory.support.AbstractAutowireCapableBeanFactory.doCreateBean(AbstractAutowireCapableBeanFactory.java:572)
	at org.springframework.beans.factory.support.AbstractAutowireCapableBeanFactory.createBean(AbstractAutowireCapableBeanFactory.java:495)
	at org.springframework.beans.factory.support.AbstractBeanFactory.lambda$doGetBean$0(AbstractBeanFactory.java:317)
	at org.springframework.beans.factory.support.DefaultSingletonBeanRegistry.getSingleton(DefaultSingletonBeanRegistry.java:222)
	at org.springframework.beans.factory.support.AbstractBeanFactory.doGetBean(AbstractBeanFactory.java:315)
	at org.springframework.beans.factory.support.AbstractBeanFactory.getBean(AbstractBeanFactory.java:199)
	at org.springframework.beans.factory.config.DependencyDescriptor.resolveCandidate(DependencyDescriptor.java:251)
	at org.springframework.beans.factory.support.DefaultListableBeanFactory.doResolveDependency(DefaultListableBeanFactory.java:1135)
	at org.springframework.beans.factory.support.DefaultListableBeanFactory.resolveDependency(DefaultListableBeanFactory.java:1062)
	at org.springframework.beans.factory.annotation.AutowiredAnnotationBeanPostProcessor$AutowiredFieldElement.inject(AutowiredAnnotationBeanPostProcessor.java:583)
	... 37 common frames omitted
Caused by: org.springframework.beans.factory.UnsatisfiedDependencyException: Error creating bean with name 'sqlSessionFactory' defined in class path resource [com/baomidou/mybatisplus/spring/boot/starter/MybatisPlusAutoConfiguration.class]: Unsatisfied dependency expressed through method 'sqlSessionFactory' parameter 0; nested exception is org.springframework.beans.factory.BeanCreationException: Error creating bean with name 'dataSource' defined in class path resource [com/alibaba/druid/spring/boot/autoconfigure/DruidDataSourceAutoConfigure.class]: Invocation of init method failed; nested exception is com.mysql.jdbc.exceptions.jdbc4.MySQLNonTransientConnectionException: Could not create connection to database server.
	at org.springframework.beans.factory.support.ConstructorResolver.createArgumentArray(ConstructorResolver.java:732)
	at org.springframework.beans.factory.support.ConstructorResolver.instantiateUsingFactoryMethod(ConstructorResolver.java:474)
	at org.springframework.beans.factory.support.AbstractAutowireCapableBeanFactory.instantiateUsingFactoryMethod(AbstractAutowireCapableBeanFactory.java:1247)
	at org.springframework.beans.factory.support.AbstractAutowireCapableBeanFactory.createBeanInstance(AbstractAutowireCapableBeanFactory.java:1096)
	at org.springframework.beans.factory.support.AbstractAutowireCapableBeanFactory.doCreateBean(AbstractAutowireCapableBeanFactory.java:535)
	at org.springframework.beans.factory.support.AbstractAutowireCapableBeanFactory.createBean(AbstractAutowireCapableBeanFactory.java:495)
	at org.springframework.beans.factory.support.AbstractBeanFactory.lambda$doGetBean$0(AbstractBeanFactory.java:317)
	at org.springframework.beans.factory.support.DefaultSingletonBeanRegistry.getSingleton(DefaultSingletonBeanRegistry.java:222)
	at org.springframework.beans.factory.support.AbstractBeanFactory.doGetBean(AbstractBeanFactory.java:315)
	at org.springframework.beans.factory.support.AbstractBeanFactory.getBean(AbstractBeanFactory.java:199)
	at org.springframework.beans.factory.config.DependencyDescriptor.resolveCandidate(DependencyDescriptor.java:251)
	at org.springframework.beans.factory.support.DefaultListableBeanFactory.doResolveDependency(DefaultListableBeanFactory.java:1135)
	at org.springframework.beans.factory.support.DefaultListableBeanFactory.resolveDependency(DefaultListableBeanFactory.java:1062)
	at org.springframework.beans.factory.support.AbstractAutowireCapableBeanFactory.autowireByType(AbstractAutowireCapableBeanFactory.java:1421)
	... 48 common frames omitted
Caused by: org.springframework.beans.factory.BeanCreationException: Error creating bean with name 'dataSource' defined in class path resource [com/alibaba/druid/spring/boot/autoconfigure/DruidDataSourceAutoConfigure.class]: Invocation of init method failed; nested exception is com.mysql.jdbc.exceptions.jdbc4.MySQLNonTransientConnectionException: Could not create connection to database server.
	at org.springframework.beans.factory.support.AbstractAutowireCapableBeanFactory.initializeBean(AbstractAutowireCapableBeanFactory.java:1699)
	at org.springframework.beans.factory.support.AbstractAutowireCapableBeanFactory.doCreateBean(AbstractAutowireCapableBeanFactory.java:573)
	at org.springframework.beans.factory.support.AbstractAutowireCapableBeanFactory.createBean(AbstractAutowireCapableBeanFactory.java:495)
	at org.springframework.beans.factory.support.AbstractBeanFactory.lambda$doGetBean$0(AbstractBeanFactory.java:317)
	at org.springframework.beans.factory.support.DefaultSingletonBeanRegistry.getSingleton(DefaultSingletonBeanRegistry.java:222)
	at org.springframework.beans.factory.support.AbstractBeanFactory.doGetBean(AbstractBeanFactory.java:315)
	at org.springframework.beans.factory.support.AbstractBeanFactory.getBean(AbstractBeanFactory.java:199)
	at org.springframework.beans.factory.config.DependencyDescriptor.resolveCandidate(DependencyDescriptor.java:251)
	at org.springframework.beans.factory.support.DefaultListableBeanFactory.doResolveDependency(DefaultListableBeanFactory.java:1135)
	at org.springframework.beans.factory.support.DefaultListableBeanFactory.resolveDependency(DefaultListableBeanFactory.java:1062)
	at org.springframework.beans.factory.support.ConstructorResolver.resolveAutowiredArgument(ConstructorResolver.java:818)
	at org.springframework.beans.factory.support.ConstructorResolver.createArgumentArray(ConstructorResolver.java:724)
	... 61 common frames omitted
Caused by: com.mysql.jdbc.exceptions.jdbc4.MySQLNonTransientConnectionException: Could not create connection to database server.
	at sun.reflect.NativeConstructorAccessorImpl.newInstance0(Native Method)
	at sun.reflect.NativeConstructorAccessorImpl.newInstance(NativeConstructorAccessorImpl.java:62)
	at sun.reflect.DelegatingConstructorAccessorImpl.newInstance(DelegatingConstructorAccessorImpl.java:45)
	at java.lang.reflect.Constructor.newInstance(Constructor.java:423)
	at com.mysql.jdbc.Util.handleNewInstance(Util.java:404)
	at com.mysql.jdbc.Util.getInstance(Util.java:387)
	at com.mysql.jdbc.SQLError.createSQLException(SQLError.java:917)
	at com.mysql.jdbc.SQLError.createSQLException(SQLError.java:896)
	at com.mysql.jdbc.SQLError.createSQLException(SQLError.java:885)
	at com.mysql.jdbc.SQLError.createSQLException(SQLError.java:860)
	at com.mysql.jdbc.ConnectionImpl.connectOneTryOnly(ConnectionImpl.java:2332)
	at com.mysql.jdbc.ConnectionImpl.createNewIO(ConnectionImpl.java:2085)
	at com.mysql.jdbc.ConnectionImpl.<init>(ConnectionImpl.java:795)
	at com.mysql.jdbc.JDBC4Connection.<init>(JDBC4Connection.java:44)
	at sun.reflect.NativeConstructorAccessorImpl.newInstance0(Native Method)
	at sun.reflect.NativeConstructorAccessorImpl.newInstance(NativeConstructorAccessorImpl.java:62)
	at sun.reflect.DelegatingConstructorAccessorImpl.newInstance(DelegatingConstructorAccessorImpl.java:45)
	at java.lang.reflect.Constructor.newInstance(Constructor.java:423)
	at com.mysql.jdbc.Util.handleNewInstance(Util.java:404)
	at com.mysql.jdbc.ConnectionImpl.getInstance(ConnectionImpl.java:400)
	at com.mysql.jdbc.NonRegisteringDriver.connect(NonRegisteringDriver.java:327)
	at com.alibaba.druid.filter.FilterChainImpl.connection_connect(FilterChainImpl.java:156)
	at com.alibaba.druid.filter.stat.StatFilter.connection_connect(StatFilter.java:218)
	at com.alibaba.druid.filter.FilterChainImpl.connection_connect(FilterChainImpl.java:150)
	at com.alibaba.druid.pool.DruidAbstractDataSource.createPhysicalConnection(DruidAbstractDataSource.java:1560)
	at com.alibaba.druid.pool.DruidAbstractDataSource.createPhysicalConnection(DruidAbstractDataSource.java:1623)
	at com.alibaba.druid.pool.DruidDataSource.init(DruidDataSource.java:861)
	at sun.reflect.NativeMethodAccessorImpl.invoke0(Native Method)
	at sun.reflect.NativeMethodAccessorImpl.invoke(NativeMethodAccessorImpl.java:62)
	at sun.reflect.DelegatingMethodAccessorImpl.invoke(DelegatingMethodAccessorImpl.java:43)
	at java.lang.reflect.Method.invoke(Method.java:498)
	at org.springframework.beans.factory.support.AbstractAutowireCapableBeanFactory.invokeCustomInitMethod(AbstractAutowireCapableBeanFactory.java:1824)
	at org.springframework.beans.factory.support.AbstractAutowireCapableBeanFactory.invokeInitMethods(AbstractAutowireCapableBeanFactory.java:1767)
	at org.springframework.beans.factory.support.AbstractAutowireCapableBeanFactory.initializeBean(AbstractAutowireCapableBeanFactory.java:1695)
	... 72 common frames omitted
Caused by: java.lang.NullPointerException: null
	at com.mysql.jdbc.ConnectionImpl.getServerCharset(ConnectionImpl.java:3005)
	at com.mysql.jdbc.MysqlIO.sendConnectionAttributes(MysqlIO.java:1916)
	at com.mysql.jdbc.MysqlIO.proceedHandshakeWithPluggableAuthentication(MysqlIO.java:1845)
	at com.mysql.jdbc.MysqlIO.doHandshake(MysqlIO.java:1215)
	at com.mysql.jdbc.ConnectionImpl.coreConnect(ConnectionImpl.java:2255)
	at com.mysql.jdbc.ConnectionImpl.connectOneTryOnly(ConnectionImpl.java:2286)
	... 95 common frames omitted
2026-03-17 22:01:15,473 [INFO] [restartedMain] com.zwk.movie_recommend.MovieRecommendApiApplication [StartupInfoLogger.java : 50] Starting MovieRecommendApiApplication on zwk with PID 22704 (D:\code\java\movie_recommend_system\movie-recommend-api\target\classes started by win10 in D:\code\java\movie_recommend_system)
2026-03-17 22:01:15,479 [DEBUG] [restartedMain] com.zwk.movie_recommend.MovieRecommendApiApplication [StartupInfoLogger.java : 53] Running with Spring Boot v2.0.5.RELEASE, Spring v5.0.9.RELEASE
2026-03-17 22:01:15,480 [INFO] [restartedMain] com.zwk.movie_recommend.MovieRecommendApiApplication [SpringApplication.java : 684] The following profiles are active: dev
2026-03-17 22:01:15,521 [INFO] [restartedMain] org.springframework.core.annotation.AnnotationUtils [AnnotationUtils.java : 1948] Failed to introspect annotations on class com.zwk.movie_recommend.MovieRecommendApiApplication: java.lang.ArrayStoreException: sun.reflect.annotation.TypeNotPresentExceptionProxy
2026-03-17 22:01:15,904 [ERROR] [restartedMain] org.springframework.boot.SpringApplication [SpringApplication.java : 863] Application run failed
java.lang.ArrayStoreException: sun.reflect.annotation.TypeNotPresentExceptionProxy
	at sun.reflect.annotation.AnnotationParser.parseClassArray(AnnotationParser.java:724)
	at sun.reflect.annotation.AnnotationParser.parseArray(AnnotationParser.java:531)
	at sun.reflect.annotation.AnnotationParser.parseMemberValue(AnnotationParser.java:355)
	at sun.reflect.annotation.AnnotationParser.parseAnnotation2(AnnotationParser.java:286)
	at sun.reflect.annotation.AnnotationParser.parseAnnotations2(AnnotationParser.java:120)
	at sun.reflect.annotation.AnnotationParser.parseAnnotations(AnnotationParser.java:72)
	at java.lang.Class.createAnnotationData(Class.java:3521)
	at java.lang.Class.annotationData(Class.java:3510)
	at java.lang.Class.getAnnotations(Class.java:3446)
	at org.springframework.core.type.StandardAnnotationMetadata.<init>(StandardAnnotationMetadata.java:70)
	at org.springframework.beans.factory.annotation.AnnotatedGenericBeanDefinition.<init>(AnnotatedGenericBeanDefinition.java:58)
	at org.springframework.context.annotation.AnnotatedBeanDefinitionReader.doRegisterBean(AnnotatedBeanDefinitionReader.java:216)
	at org.springframework.context.annotation.AnnotatedBeanDefinitionReader.registerBean(AnnotatedBeanDefinitionReader.java:145)
	at org.springframework.context.annotation.AnnotatedBeanDefinitionReader.register(AnnotatedBeanDefinitionReader.java:135)
	at org.springframework.boot.BeanDefinitionLoader.load(BeanDefinitionLoader.java:158)
	at org.springframework.boot.BeanDefinitionLoader.load(BeanDefinitionLoader.java:135)
	at org.springframework.boot.BeanDefinitionLoader.load(BeanDefinitionLoader.java:127)
	at org.springframework.boot.SpringApplication.load(SpringApplication.java:722)
	at org.springframework.boot.SpringApplication.prepareContext(SpringApplication.java:407)
	at org.springframework.boot.SpringApplication.run(SpringApplication.java:331)
	at org.springframework.boot.SpringApplication.run(SpringApplication.java:1277)
	at org.springframework.boot.SpringApplication.run(SpringApplication.java:1265)
	at com.zwk.movie_recommend.MovieRecommendApiApplication.main(MovieRecommendApiApplication.java:29)
	at sun.reflect.NativeMethodAccessorImpl.invoke0(Native Method)
	at sun.reflect.NativeMethodAccessorImpl.invoke(NativeMethodAccessorImpl.java:62)
	at sun.reflect.DelegatingMethodAccessorImpl.invoke(DelegatingMethodAccessorImpl.java:43)
	at java.lang.reflect.Method.invoke(Method.java:498)
	at org.springframework.boot.devtools.restart.RestartLauncher.run(RestartLauncher.java:49)
2026-03-17 22:02:02,488 [INFO] [restartedMain] com.zwk.movie_recommend.MovieRecommendApiApplication [StartupInfoLogger.java : 50] Starting MovieRecommendApiApplication on zwk with PID 23988 (D:\code\java\movie_recommend_system\movie-recommend-api\target\classes started by win10 in D:\code\java\movie_recommend_system)
2026-03-17 22:02:02,500 [DEBUG] [restartedMain] com.zwk.movie_recommend.MovieRecommendApiApplication [StartupInfoLogger.java : 53] Running with Spring Boot v2.0.5.RELEASE, Spring v5.0.9.RELEASE
2026-03-17 22:02:02,501 [INFO] [restartedMain] com.zwk.movie_recommend.MovieRecommendApiApplication [SpringApplication.java : 684] The following profiles are active: dev
2026-03-17 22:02:02,545 [INFO] [restartedMain] org.springframework.core.annotation.AnnotationUtils [AnnotationUtils.java : 1948] Failed to introspect annotations on class com.zwk.movie_recommend.MovieRecommendApiApplication: java.lang.ArrayStoreException: sun.reflect.annotation.TypeNotPresentExceptionProxy
2026-03-17 22:02:02,932 [ERROR] [restartedMain] org.springframework.boot.SpringApplication [SpringApplication.java : 863] Application run failed
java.lang.ArrayStoreException: sun.reflect.annotation.TypeNotPresentExceptionProxy
	at sun.reflect.annotation.AnnotationParser.parseClassArray(AnnotationParser.java:724)
	at sun.reflect.annotation.AnnotationParser.parseArray(AnnotationParser.java:531)
	at sun.reflect.annotation.AnnotationParser.parseMemberValue(AnnotationParser.java:355)
	at sun.reflect.annotation.AnnotationParser.parseAnnotation2(AnnotationParser.java:286)
	at sun.reflect.annotation.AnnotationParser.parseAnnotations2(AnnotationParser.java:120)
	at sun.reflect.annotation.AnnotationParser.parseAnnotations(AnnotationParser.java:72)
	at java.lang.Class.createAnnotationData(Class.java:3521)
	at java.lang.Class.annotationData(Class.java:3510)
	at java.lang.Class.getAnnotations(Class.java:3446)
	at org.springframework.core.type.StandardAnnotationMetadata.<init>(StandardAnnotationMetadata.java:70)
	at org.springframework.beans.factory.annotation.AnnotatedGenericBeanDefinition.<init>(AnnotatedGenericBeanDefinition.java:58)
	at org.springframework.context.annotation.AnnotatedBeanDefinitionReader.doRegisterBean(AnnotatedBeanDefinitionReader.java:216)
	at org.springframework.context.annotation.AnnotatedBeanDefinitionReader.registerBean(AnnotatedBeanDefinitionReader.java:145)
	at org.springframework.context.annotation.AnnotatedBeanDefinitionReader.register(AnnotatedBeanDefinitionReader.java:135)
	at org.springframework.boot.BeanDefinitionLoader.load(BeanDefinitionLoader.java:158)
	at org.springframework.boot.BeanDefinitionLoader.load(BeanDefinitionLoader.java:135)
	at org.springframework.boot.BeanDefinitionLoader.load(BeanDefinitionLoader.java:127)
	at org.springframework.boot.SpringApplication.load(SpringApplication.java:722)
	at org.springframework.boot.SpringApplication.prepareContext(SpringApplication.java:407)
	at org.springframework.boot.SpringApplication.run(SpringApplication.java:331)
	at org.springframework.boot.SpringApplication.run(SpringApplication.java:1277)
	at org.springframework.boot.SpringApplication.run(SpringApplication.java:1265)
	at com.zwk.movie_recommend.MovieRecommendApiApplication.main(MovieRecommendApiApplication.java:29)
	at sun.reflect.NativeMethodAccessorImpl.invoke0(Native Method)
	at sun.reflect.NativeMethodAccessorImpl.invoke(NativeMethodAccessorImpl.java:62)
	at sun.reflect.DelegatingMethodAccessorImpl.invoke(DelegatingMethodAccessorImpl.java:43)
	at java.lang.reflect.Method.invoke(Method.java:498)
	at org.springframework.boot.devtools.restart.RestartLauncher.run(RestartLauncher.java:49)
2026-03-17 22:03:36,865 [INFO] [restartedMain] com.zwk.movie_recommend.MovieRecommendApiApplication [StartupInfoLogger.java : 50] Starting MovieRecommendApiApplication on zwk with PID 23824 (D:\code\java\movie_recommend_system\movie-recommend-api\target\classes started by win10 in D:\code\java\movie_recommend_system)
2026-03-17 22:03:36,876 [DEBUG] [restartedMain] com.zwk.movie_recommend.MovieRecommendApiApplication [StartupInfoLogger.java : 53] Running with Spring Boot v2.0.5.RELEASE, Spring v5.0.9.RELEASE
2026-03-17 22:03:36,877 [INFO] [restartedMain] com.zwk.movie_recommend.MovieRecommendApiApplication [SpringApplication.java : 684] The following profiles are active: dev
2026-03-17 22:03:37,040 [INFO] [restartedMain] o.s.b.w.s.c.AnnotationConfigServletWebServerApplicationContext [AbstractApplicationContext.java : 590] Refreshing org.springframework.boot.web.servlet.context.AnnotationConfigServletWebServerApplicationContext@4e77c45a: startup date [Tue Mar 17 22:03:37 CST 2026]; root of context hierarchy
2026-03-17 22:03:38,927 [INFO] [restartedMain] o.s.data.repository.config.RepositoryConfigurationDelegate [RepositoryConfigurationDelegate.java : 172] Multiple Spring Data modules found, entering strict repository configuration mode!
2026-03-17 22:03:39,721 [INFO] [restartedMain] o.s.c.s.PostProcessorRegistrationDelegate$BeanPostProcessorChecker [PostProcessorRegistrationDelegate.java : 326] Bean 'org.springframework.transaction.annotation.ProxyTransactionManagementConfiguration' of type [org.springframework.transaction.annotation.ProxyTransactionManagementConfiguration$$EnhancerBySpringCGLIB$$80dfcbc2] is not eligible for getting processed by all BeanPostProcessors (for example: not eligible for auto-proxying)
2026-03-17 22:03:40,757 [INFO] [restartedMain] org.springframework.boot.web.embedded.tomcat.TomcatWebServer [TomcatWebServer.java : 91] Tomcat initialized with port(s): 8010 (http)
2026-03-17 22:03:40,809 [INFO] [restartedMain] org.apache.catalina.core.StandardService [DirectJDKLog.java : 180] Starting service [Tomcat]
2026-03-17 22:03:40,811 [INFO] [restartedMain] org.apache.catalina.core.StandardEngine [DirectJDKLog.java : 180] Starting Servlet Engine: Apache Tomcat/8.5.34
2026-03-17 22:03:40,832 [INFO] [localhost-startStop-1] org.apache.catalina.core.AprLifecycleListener [DirectJDKLog.java : 180] The APR based Apache Tomcat Native library which allows optimal performance in production environments was not found on the java.library.path: [D:\code\jdk\bin;C:\WINDOWS\Sun\Java\bin;C:\WINDOWS\system32;C:\WINDOWS;C:\Python314\Scripts\;C:\Python314\;C:\ProgramData\Oracle\Java\javapath;C:\WINDOWS\system32;C:\WINDOWS;C:\WINDOWS\System32\Wbem;C:\WINDOWS\System32\WindowsPowerShell\v1.0\;C:\WINDOWS\System32\OpenSSH\;C:\Program Files\Docker\Docker\resources\bin;D:\code\apache-maven-3.5.3\bin;D:\code\Git\cmd;D:\code\skaffold\skaffold-windows-amd64.exe;D:\software\mysql5.8\bin;D:\software\NodeJS\;C:\ProgramData\chocolatey\bin;C:\Program Files\NVIDIA Corporation\NVIDIA App\NvDLISR;C:\Program Files (x86)\NVIDIA Corporation\PhysX\Common;C:\Users\win10\AppData\Local\Microsoft\WindowsApps;;C:\Program Files\JetBrains\IntelliJ IDEA 2025.3.3\bin;D:\code\GoLand 2023.2.1\bin;;D:\code\VSCode\bin;C:\Users\win10\AppData\Roaming\npm;.]
2026-03-17 22:03:41,210 [INFO] [localhost-startStop-1] org.apache.jasper.servlet.TldScanner [DirectJDKLog.java : 180] At least one JAR was scanned for TLDs yet contained no TLDs. Enable debug logging for this logger for a complete list of JARs that were scanned but no TLDs were found in them. Skipping unneeded JARs during scanning can improve startup time and JSP compilation time.
2026-03-17 22:03:41,220 [INFO] [localhost-startStop-1] o.a.c.c.C.[Tomcat].[localhost].[/movie-recommend-api] [DirectJDKLog.java : 180] Initializing Spring embedded WebApplicationContext
2026-03-17 22:03:41,220 [INFO] [localhost-startStop-1] org.springframework.web.context.ContextLoader [ServletWebServerApplicationContext.java : 285] Root WebApplicationContext: initialization completed in 4180 ms
2026-03-17 22:03:41,394 [INFO] [localhost-startStop-1] org.springframework.boot.web.servlet.ServletRegistrationBean [ServletRegistrationBean.java : 187] Servlet dispatcherServlet mapped to [/]
2026-03-17 22:03:41,397 [INFO] [localhost-startStop-1] org.springframework.boot.web.servlet.ServletRegistrationBean [ServletRegistrationBean.java : 187] Servlet statViewServlet mapped to [/druid/*]
2026-03-17 22:03:41,402 [INFO] [localhost-startStop-1] org.springframework.boot.web.servlet.FilterRegistrationBean [AbstractFilterRegistrationBean.java : 245] Mapping filter: 'characterEncodingFilter' to: [/*]
2026-03-17 22:03:41,402 [INFO] [localhost-startStop-1] org.springframework.boot.web.servlet.FilterRegistrationBean [AbstractFilterRegistrationBean.java : 245] Mapping filter: 'hiddenHttpMethodFilter' to: [/*]
2026-03-17 22:03:41,402 [INFO] [localhost-startStop-1] org.springframework.boot.web.servlet.FilterRegistrationBean [AbstractFilterRegistrationBean.java : 245] Mapping filter: 'httpPutFormContentFilter' to: [/*]
2026-03-17 22:03:41,404 [INFO] [localhost-startStop-1] org.springframework.boot.web.servlet.FilterRegistrationBean [AbstractFilterRegistrationBean.java : 245] Mapping filter: 'requestContextFilter' to: [/*]
2026-03-17 22:03:41,404 [INFO] [localhost-startStop-1] org.springframework.boot.web.servlet.FilterRegistrationBean [AbstractFilterRegistrationBean.java : 258] Mapping filter: 'webStatFilter' to urls: [/*]
2026-03-17 22:03:41,770 [INFO] [restartedMain] c.a.d.spring.boot.autoconfigure.DruidDataSourceAutoConfigure [DruidDataSourceAutoConfigure.java : 56] Init DruidDataSource
2026-03-17 22:03:43,215 [ERROR] [restartedMain] com.alibaba.druid.pool.DruidDataSource [DruidDataSource.java : 872] init datasource error, url: jdbc:mysql://localhost:3306/movie?useUnicode=true&characterEncoding=UTF-8
com.mysql.jdbc.exceptions.jdbc4.MySQLNonTransientConnectionException: Could not create connection to database server.
	at sun.reflect.NativeConstructorAccessorImpl.newInstance0(Native Method)
	at sun.reflect.NativeConstructorAccessorImpl.newInstance(NativeConstructorAccessorImpl.java:62)
	at sun.reflect.DelegatingConstructorAccessorImpl.newInstance(DelegatingConstructorAccessorImpl.java:45)
	at java.lang.reflect.Constructor.newInstance(Constructor.java:423)
	at com.mysql.jdbc.Util.handleNewInstance(Util.java:404)
	at com.mysql.jdbc.Util.getInstance(Util.java:387)
	at com.mysql.jdbc.SQLError.createSQLException(SQLError.java:917)
	at com.mysql.jdbc.SQLError.createSQLException(SQLError.java:896)
	at com.mysql.jdbc.SQLError.createSQLException(SQLError.java:885)
	at com.mysql.jdbc.SQLError.createSQLException(SQLError.java:860)
	at com.mysql.jdbc.ConnectionImpl.connectOneTryOnly(ConnectionImpl.java:2332)
	at com.mysql.jdbc.ConnectionImpl.createNewIO(ConnectionImpl.java:2085)
	at com.mysql.jdbc.ConnectionImpl.<init>(ConnectionImpl.java:795)
	at com.mysql.jdbc.JDBC4Connection.<init>(JDBC4Connection.java:44)
	at sun.reflect.NativeConstructorAccessorImpl.newInstance0(Native Method)
	at sun.reflect.NativeConstructorAccessorImpl.newInstance(NativeConstructorAccessorImpl.java:62)
	at sun.reflect.DelegatingConstructorAccessorImpl.newInstance(DelegatingConstructorAccessorImpl.java:45)
	at java.lang.reflect.Constructor.newInstance(Constructor.java:423)
	at com.mysql.jdbc.Util.handleNewInstance(Util.java:404)
	at com.mysql.jdbc.ConnectionImpl.getInstance(ConnectionImpl.java:400)
	at com.mysql.jdbc.NonRegisteringDriver.connect(NonRegisteringDriver.java:327)
	at com.alibaba.druid.filter.FilterChainImpl.connection_connect(FilterChainImpl.java:156)
	at com.alibaba.druid.filter.stat.StatFilter.connection_connect(StatFilter.java:218)
	at com.alibaba.druid.filter.FilterChainImpl.connection_connect(FilterChainImpl.java:150)
	at com.alibaba.druid.pool.DruidAbstractDataSource.createPhysicalConnection(DruidAbstractDataSource.java:1560)
	at com.alibaba.druid.pool.DruidAbstractDataSource.createPhysicalConnection(DruidAbstractDataSource.java:1623)
	at com.alibaba.druid.pool.DruidDataSource.init(DruidDataSource.java:861)
	at sun.reflect.NativeMethodAccessorImpl.invoke0(Native Method)
	at sun.reflect.NativeMethodAccessorImpl.invoke(NativeMethodAccessorImpl.java:62)
	at sun.reflect.DelegatingMethodAccessorImpl.invoke(DelegatingMethodAccessorImpl.java:43)
	at java.lang.reflect.Method.invoke(Method.java:498)
	at org.springframework.beans.factory.support.AbstractAutowireCapableBeanFactory.invokeCustomInitMethod(AbstractAutowireCapableBeanFactory.java:1824)
	at org.springframework.beans.factory.support.AbstractAutowireCapableBeanFactory.invokeInitMethods(AbstractAutowireCapableBeanFactory.java:1767)
	at org.springframework.beans.factory.support.AbstractAutowireCapableBeanFactory.initializeBean(AbstractAutowireCapableBeanFactory.java:1695)
	at org.springframework.beans.factory.support.AbstractAutowireCapableBeanFactory.doCreateBean(AbstractAutowireCapableBeanFactory.java:573)
	at org.springframework.beans.factory.support.AbstractAutowireCapableBeanFactory.createBean(AbstractAutowireCapableBeanFactory.java:495)
	at org.springframework.beans.factory.support.AbstractBeanFactory.lambda$doGetBean$0(AbstractBeanFactory.java:317)
	at org.springframework.beans.factory.support.DefaultSingletonBeanRegistry.getSingleton(DefaultSingletonBeanRegistry.java:222)
	at org.springframework.beans.factory.support.AbstractBeanFactory.doGetBean(AbstractBeanFactory.java:315)
	at org.springframework.beans.factory.support.AbstractBeanFactory.getBean(AbstractBeanFactory.java:199)
	at org.springframework.beans.factory.config.DependencyDescriptor.resolveCandidate(DependencyDescriptor.java:251)
	at org.springframework.beans.factory.support.DefaultListableBeanFactory.doResolveDependency(DefaultListableBeanFactory.java:1135)
	at org.springframework.beans.factory.support.DefaultListableBeanFactory.resolveDependency(DefaultListableBeanFactory.java:1062)
	at org.springframework.beans.factory.support.ConstructorResolver.resolveAutowiredArgument(ConstructorResolver.java:818)
	at org.springframework.beans.factory.support.ConstructorResolver.createArgumentArray(ConstructorResolver.java:724)
	at org.springframework.beans.factory.support.ConstructorResolver.instantiateUsingFactoryMethod(ConstructorResolver.java:474)
	at org.springframework.beans.factory.support.AbstractAutowireCapableBeanFactory.instantiateUsingFactoryMethod(AbstractAutowireCapableBeanFactory.java:1247)
	at org.springframework.beans.factory.support.AbstractAutowireCapableBeanFactory.createBeanInstance(AbstractAutowireCapableBeanFactory.java:1096)
	at org.springframework.beans.factory.support.AbstractAutowireCapableBeanFactory.doCreateBean(AbstractAutowireCapableBeanFactory.java:535)
	at org.springframework.beans.factory.support.AbstractAutowireCapableBeanFactory.createBean(AbstractAutowireCapableBeanFactory.java:495)
	at org.springframework.beans.factory.support.AbstractBeanFactory.lambda$doGetBean$0(AbstractBeanFactory.java:317)
	at org.springframework.beans.factory.support.DefaultSingletonBeanRegistry.getSingleton(DefaultSingletonBeanRegistry.java:222)
	at org.springframework.beans.factory.support.AbstractBeanFactory.doGetBean(AbstractBeanFactory.java:315)
	at org.springframework.beans.factory.support.AbstractBeanFactory.getBean(AbstractBeanFactory.java:199)
	at org.springframework.beans.factory.config.DependencyDescriptor.resolveCandidate(DependencyDescriptor.java:251)
	at org.springframework.beans.factory.support.DefaultListableBeanFactory.doResolveDependency(DefaultListableBeanFactory.java:1135)
	at org.springframework.beans.factory.support.DefaultListableBeanFactory.resolveDependency(DefaultListableBeanFactory.java:1062)
	at org.springframework.beans.factory.support.AbstractAutowireCapableBeanFactory.autowireByType(AbstractAutowireCapableBeanFactory.java:1421)
	at org.springframework.beans.factory.support.AbstractAutowireCapableBeanFactory.populateBean(AbstractAutowireCapableBeanFactory.java:1323)
	at org.springframework.beans.factory.support.AbstractAutowireCapableBeanFactory.doCreateBean(AbstractAutowireCapableBeanFactory.java:572)
	at org.springframework.beans.factory.support.AbstractAutowireCapableBeanFactory.createBean(AbstractAutowireCapableBeanFactory.java:495)
	at org.springframework.beans.factory.support.AbstractBeanFactory.lambda$doGetBean$0(AbstractBeanFactory.java:317)
	at org.springframework.beans.factory.support.DefaultSingletonBeanRegistry.getSingleton(DefaultSingletonBeanRegistry.java:222)
	at org.springframework.beans.factory.support.AbstractBeanFactory.doGetBean(AbstractBeanFactory.java:315)
	at org.springframework.beans.factory.support.AbstractBeanFactory.getBean(AbstractBeanFactory.java:199)
	at org.springframework.beans.factory.config.DependencyDescriptor.resolveCandidate(DependencyDescriptor.java:251)
	at org.springframework.beans.factory.support.DefaultListableBeanFactory.doResolveDependency(DefaultListableBeanFactory.java:1135)
	at org.springframework.beans.factory.support.DefaultListableBeanFactory.resolveDependency(DefaultListableBeanFactory.java:1062)
	at org.springframework.beans.factory.annotation.AutowiredAnnotationBeanPostProcessor$AutowiredFieldElement.inject(AutowiredAnnotationBeanPostProcessor.java:583)
	at org.springframework.beans.factory.annotation.InjectionMetadata.inject(InjectionMetadata.java:90)
	at org.springframework.beans.factory.annotation.AutowiredAnnotationBeanPostProcessor.postProcessPropertyValues(AutowiredAnnotationBeanPostProcessor.java:372)
	at org.springframework.beans.factory.support.AbstractAutowireCapableBeanFactory.populateBean(AbstractAutowireCapableBeanFactory.java:1341)
	at org.springframework.beans.factory.support.AbstractAutowireCapableBeanFactory.doCreateBean(AbstractAutowireCapableBeanFactory.java:572)
	at org.springframework.beans.factory.support.AbstractAutowireCapableBeanFactory.createBean(AbstractAutowireCapableBeanFactory.java:495)
	at org.springframework.beans.factory.support.AbstractBeanFactory.lambda$doGetBean$0(AbstractBeanFactory.java:317)
	at org.springframework.beans.factory.support.DefaultSingletonBeanRegistry.getSingleton(DefaultSingletonBeanRegistry.java:222)
	at org.springframework.beans.factory.support.AbstractBeanFactory.doGetBean(AbstractBeanFactory.java:315)
	at org.springframework.beans.factory.support.AbstractBeanFactory.getBean(AbstractBeanFactory.java:199)
	at org.springframework.beans.factory.config.DependencyDescriptor.resolveCandidate(DependencyDescriptor.java:251)
	at org.springframework.beans.factory.support.DefaultListableBeanFactory.doResolveDependency(DefaultListableBeanFactory.java:1135)
	at org.springframework.beans.factory.support.DefaultListableBeanFactory.resolveDependency(DefaultListableBeanFactory.java:1062)
	at org.springframework.beans.factory.annotation.AutowiredAnnotationBeanPostProcessor$AutowiredFieldElement.inject(AutowiredAnnotationBeanPostProcessor.java:583)
	at org.springframework.beans.factory.annotation.InjectionMetadata.inject(InjectionMetadata.java:90)
	at org.springframework.beans.factory.annotation.AutowiredAnnotationBeanPostProcessor.postProcessPropertyValues(AutowiredAnnotationBeanPostProcessor.java:372)
	at org.springframework.beans.factory.support.AbstractAutowireCapableBeanFactory.populateBean(AbstractAutowireCapableBeanFactory.java:1341)
	at org.springframework.beans.factory.support.AbstractAutowireCapableBeanFactory.doCreateBean(AbstractAutowireCapableBeanFactory.java:572)
	at org.springframework.beans.factory.support.AbstractAutowireCapableBeanFactory.createBean(AbstractAutowireCapableBeanFactory.java:495)
	at org.springframework.beans.factory.support.AbstractBeanFactory.lambda$doGetBean$0(AbstractBeanFactory.java:317)
	at org.springframework.beans.factory.support.DefaultSingletonBeanRegistry.getSingleton(DefaultSingletonBeanRegistry.java:222)
	at org.springframework.beans.factory.support.AbstractBeanFactory.doGetBean(AbstractBeanFactory.java:315)
	at org.springframework.beans.factory.support.AbstractBeanFactory.getBean(AbstractBeanFactory.java:199)
	at org.springframework.beans.factory.support.DefaultListableBeanFactory.preInstantiateSingletons(DefaultListableBeanFactory.java:759)
	at org.springframework.context.support.AbstractApplicationContext.finishBeanFactoryInitialization(AbstractApplicationContext.java:869)
	at org.springframework.context.support.AbstractApplicationContext.refresh(AbstractApplicationContext.java:550)
	at org.springframework.boot.web.servlet.context.ServletWebServerApplicationContext.refresh(ServletWebServerApplicationContext.java:140)
	at org.springframework.boot.SpringApplication.refresh(SpringApplication.java:780)
	at org.springframework.boot.SpringApplication.refreshContext(SpringApplication.java:412)
	at org.springframework.boot.SpringApplication.run(SpringApplication.java:333)
	at org.springframework.boot.SpringApplication.run(SpringApplication.java:1277)
	at org.springframework.boot.SpringApplication.run(SpringApplication.java:1265)
	at com.zwk.movie_recommend.MovieRecommendApiApplication.main(MovieRecommendApiApplication.java:29)
	at sun.reflect.NativeMethodAccessorImpl.invoke0(Native Method)
	at sun.reflect.NativeMethodAccessorImpl.invoke(NativeMethodAccessorImpl.java:62)
	at sun.reflect.DelegatingMethodAccessorImpl.invoke(DelegatingMethodAccessorImpl.java:43)
	at java.lang.reflect.Method.invoke(Method.java:498)
	at org.springframework.boot.devtools.restart.RestartLauncher.run(RestartLauncher.java:49)
Caused by: java.lang.NullPointerException: null
	at com.mysql.jdbc.ConnectionImpl.getServerCharset(ConnectionImpl.java:3005)
	at com.mysql.jdbc.MysqlIO.sendConnectionAttributes(MysqlIO.java:1916)
	at com.mysql.jdbc.MysqlIO.proceedHandshakeWithPluggableAuthentication(MysqlIO.java:1845)
	at com.mysql.jdbc.MysqlIO.doHandshake(MysqlIO.java:1215)
	at com.mysql.jdbc.ConnectionImpl.coreConnect(ConnectionImpl.java:2255)
	at com.mysql.jdbc.ConnectionImpl.connectOneTryOnly(ConnectionImpl.java:2286)
	... 95 common frames omitted
2026-03-17 22:03:43,220 [ERROR] [restartedMain] com.alibaba.druid.pool.DruidDataSource [DruidDataSource.java : 905] {dataSource-1} init error
com.mysql.jdbc.exceptions.jdbc4.MySQLNonTransientConnectionException: Could not create connection to database server.
	at sun.reflect.NativeConstructorAccessorImpl.newInstance0(Native Method)
	at sun.reflect.NativeConstructorAccessorImpl.newInstance(NativeConstructorAccessorImpl.java:62)
	at sun.reflect.DelegatingConstructorAccessorImpl.newInstance(DelegatingConstructorAccessorImpl.java:45)
	at java.lang.reflect.Constructor.newInstance(Constructor.java:423)
	at com.mysql.jdbc.Util.handleNewInstance(Util.java:404)
	at com.mysql.jdbc.Util.getInstance(Util.java:387)
	at com.mysql.jdbc.SQLError.createSQLException(SQLError.java:917)
	at com.mysql.jdbc.SQLError.createSQLException(SQLError.java:896)
	at com.mysql.jdbc.SQLError.createSQLException(SQLError.java:885)
	at com.mysql.jdbc.SQLError.createSQLException(SQLError.java:860)
	at com.mysql.jdbc.ConnectionImpl.connectOneTryOnly(ConnectionImpl.java:2332)
	at com.mysql.jdbc.ConnectionImpl.createNewIO(ConnectionImpl.java:2085)
	at com.mysql.jdbc.ConnectionImpl.<init>(ConnectionImpl.java:795)
	at com.mysql.jdbc.JDBC4Connection.<init>(JDBC4Connection.java:44)
	at sun.reflect.NativeConstructorAccessorImpl.newInstance0(Native Method)
	at sun.reflect.NativeConstructorAccessorImpl.newInstance(NativeConstructorAccessorImpl.java:62)
	at sun.reflect.DelegatingConstructorAccessorImpl.newInstance(DelegatingConstructorAccessorImpl.java:45)
	at java.lang.reflect.Constructor.newInstance(Constructor.java:423)
	at com.mysql.jdbc.Util.handleNewInstance(Util.java:404)
	at com.mysql.jdbc.ConnectionImpl.getInstance(ConnectionImpl.java:400)
	at com.mysql.jdbc.NonRegisteringDriver.connect(NonRegisteringDriver.java:327)
	at com.alibaba.druid.filter.FilterChainImpl.connection_connect(FilterChainImpl.java:156)
	at com.alibaba.druid.filter.stat.StatFilter.connection_connect(StatFilter.java:218)
	at com.alibaba.druid.filter.FilterChainImpl.connection_connect(FilterChainImpl.java:150)
	at com.alibaba.druid.pool.DruidAbstractDataSource.createPhysicalConnection(DruidAbstractDataSource.java:1560)
	at com.alibaba.druid.pool.DruidAbstractDataSource.createPhysicalConnection(DruidAbstractDataSource.java:1623)
	at com.alibaba.druid.pool.DruidDataSource.init(DruidDataSource.java:861)
	at sun.reflect.NativeMethodAccessorImpl.invoke0(Native Method)
	at sun.reflect.NativeMethodAccessorImpl.invoke(NativeMethodAccessorImpl.java:62)
	at sun.reflect.DelegatingMethodAccessorImpl.invoke(DelegatingMethodAccessorImpl.java:43)
	at java.lang.reflect.Method.invoke(Method.java:498)
	at org.springframework.beans.factory.support.AbstractAutowireCapableBeanFactory.invokeCustomInitMethod(AbstractAutowireCapableBeanFactory.java:1824)
	at org.springframework.beans.factory.support.AbstractAutowireCapableBeanFactory.invokeInitMethods(AbstractAutowireCapableBeanFactory.java:1767)
	at org.springframework.beans.factory.support.AbstractAutowireCapableBeanFactory.initializeBean(AbstractAutowireCapableBeanFactory.java:1695)
	at org.springframework.beans.factory.support.AbstractAutowireCapableBeanFactory.doCreateBean(AbstractAutowireCapableBeanFactory.java:573)
	at org.springframework.beans.factory.support.AbstractAutowireCapableBeanFactory.createBean(AbstractAutowireCapableBeanFactory.java:495)
	at org.springframework.beans.factory.support.AbstractBeanFactory.lambda$doGetBean$0(AbstractBeanFactory.java:317)
	at org.springframework.beans.factory.support.DefaultSingletonBeanRegistry.getSingleton(DefaultSingletonBeanRegistry.java:222)
	at org.springframework.beans.factory.support.AbstractBeanFactory.doGetBean(AbstractBeanFactory.java:315)
	at org.springframework.beans.factory.support.AbstractBeanFactory.getBean(AbstractBeanFactory.java:199)
	at org.springframework.beans.factory.config.DependencyDescriptor.resolveCandidate(DependencyDescriptor.java:251)
	at org.springframework.beans.factory.support.DefaultListableBeanFactory.doResolveDependency(DefaultListableBeanFactory.java:1135)
	at org.springframework.beans.factory.support.DefaultListableBeanFactory.resolveDependency(DefaultListableBeanFactory.java:1062)
	at org.springframework.beans.factory.support.ConstructorResolver.resolveAutowiredArgument(ConstructorResolver.java:818)
	at org.springframework.beans.factory.support.ConstructorResolver.createArgumentArray(ConstructorResolver.java:724)
	at org.springframework.beans.factory.support.ConstructorResolver.instantiateUsingFactoryMethod(ConstructorResolver.java:474)
	at org.springframework.beans.factory.support.AbstractAutowireCapableBeanFactory.instantiateUsingFactoryMethod(AbstractAutowireCapableBeanFactory.java:1247)
	at org.springframework.beans.factory.support.AbstractAutowireCapableBeanFactory.createBeanInstance(AbstractAutowireCapableBeanFactory.java:1096)
	at org.springframework.beans.factory.support.AbstractAutowireCapableBeanFactory.doCreateBean(AbstractAutowireCapableBeanFactory.java:535)
	at org.springframework.beans.factory.support.AbstractAutowireCapableBeanFactory.createBean(AbstractAutowireCapableBeanFactory.java:495)
	at org.springframework.beans.factory.support.AbstractBeanFactory.lambda$doGetBean$0(AbstractBeanFactory.java:317)
	at org.springframework.beans.factory.support.DefaultSingletonBeanRegistry.getSingleton(DefaultSingletonBeanRegistry.java:222)
	at org.springframework.beans.factory.support.AbstractBeanFactory.doGetBean(AbstractBeanFactory.java:315)
	at org.springframework.beans.factory.support.AbstractBeanFactory.getBean(AbstractBeanFactory.java:199)
	at org.springframework.beans.factory.config.DependencyDescriptor.resolveCandidate(DependencyDescriptor.java:251)
	at org.springframework.beans.factory.support.DefaultListableBeanFactory.doResolveDependency(DefaultListableBeanFactory.java:1135)
	at org.springframework.beans.factory.support.DefaultListableBeanFactory.resolveDependency(DefaultListableBeanFactory.java:1062)
	at org.springframework.beans.factory.support.AbstractAutowireCapableBeanFactory.autowireByType(AbstractAutowireCapableBeanFactory.java:1421)
	at org.springframework.beans.factory.support.AbstractAutowireCapableBeanFactory.populateBean(AbstractAutowireCapableBeanFactory.java:1323)
	at org.springframework.beans.factory.support.AbstractAutowireCapableBeanFactory.doCreateBean(AbstractAutowireCapableBeanFactory.java:572)
	at org.springframework.beans.factory.support.AbstractAutowireCapableBeanFactory.createBean(AbstractAutowireCapableBeanFactory.java:495)
	at org.springframework.beans.factory.support.AbstractBeanFactory.lambda$doGetBean$0(AbstractBeanFactory.java:317)
	at org.springframework.beans.factory.support.DefaultSingletonBeanRegistry.getSingleton(DefaultSingletonBeanRegistry.java:222)
	at org.springframework.beans.factory.support.AbstractBeanFactory.doGetBean(AbstractBeanFactory.java:315)
	at org.springframework.beans.factory.support.AbstractBeanFactory.getBean(AbstractBeanFactory.java:199)
	at org.springframework.beans.factory.config.DependencyDescriptor.resolveCandidate(DependencyDescriptor.java:251)
	at org.springframework.beans.factory.support.DefaultListableBeanFactory.doResolveDependency(DefaultListableBeanFactory.java:1135)
	at org.springframework.beans.factory.support.DefaultListableBeanFactory.resolveDependency(DefaultListableBeanFactory.java:1062)
	at org.springframework.beans.factory.annotation.AutowiredAnnotationBeanPostProcessor$AutowiredFieldElement.inject(AutowiredAnnotationBeanPostProcessor.java:583)
	at org.springframework.beans.factory.annotation.InjectionMetadata.inject(InjectionMetadata.java:90)
	at org.springframework.beans.factory.annotation.AutowiredAnnotationBeanPostProcessor.postProcessPropertyValues(AutowiredAnnotationBeanPostProcessor.java:372)
	at org.springframework.beans.factory.support.AbstractAutowireCapableBeanFactory.populateBean(AbstractAutowireCapableBeanFactory.java:1341)
	at org.springframework.beans.factory.support.AbstractAutowireCapableBeanFactory.doCreateBean(AbstractAutowireCapableBeanFactory.java:572)
	at org.springframework.beans.factory.support.AbstractAutowireCapableBeanFactory.createBean(AbstractAutowireCapableBeanFactory.java:495)
	at org.springframework.beans.factory.support.AbstractBeanFactory.lambda$doGetBean$0(AbstractBeanFactory.java:317)
	at org.springframework.beans.factory.support.DefaultSingletonBeanRegistry.getSingleton(DefaultSingletonBeanRegistry.java:222)
	at org.springframework.beans.factory.support.AbstractBeanFactory.doGetBean(AbstractBeanFactory.java:315)
	at org.springframework.beans.factory.support.AbstractBeanFactory.getBean(AbstractBeanFactory.java:199)
	at org.springframework.beans.factory.config.DependencyDescriptor.resolveCandidate(DependencyDescriptor.java:251)
	at org.springframework.beans.factory.support.DefaultListableBeanFactory.doResolveDependency(DefaultListableBeanFactory.java:1135)
	at org.springframework.beans.factory.support.DefaultListableBeanFactory.resolveDependency(DefaultListableBeanFactory.java:1062)
	at org.springframework.beans.factory.annotation.AutowiredAnnotationBeanPostProcessor$AutowiredFieldElement.inject(AutowiredAnnotationBeanPostProcessor.java:583)
	at org.springframework.beans.factory.annotation.InjectionMetadata.inject(InjectionMetadata.java:90)
	at org.springframework.beans.factory.annotation.AutowiredAnnotationBeanPostProcessor.postProcessPropertyValues(AutowiredAnnotationBeanPostProcessor.java:372)
	at org.springframework.beans.factory.support.AbstractAutowireCapableBeanFactory.populateBean(AbstractAutowireCapableBeanFactory.java:1341)
	at org.springframework.beans.factory.support.AbstractAutowireCapableBeanFactory.doCreateBean(AbstractAutowireCapableBeanFactory.java:572)
	at org.springframework.beans.factory.support.AbstractAutowireCapableBeanFactory.createBean(AbstractAutowireCapableBeanFactory.java:495)
	at org.springframework.beans.factory.support.AbstractBeanFactory.lambda$doGetBean$0(AbstractBeanFactory.java:317)
	at org.springframework.beans.factory.support.DefaultSingletonBeanRegistry.getSingleton(DefaultSingletonBeanRegistry.java:222)
	at org.springframework.beans.factory.support.AbstractBeanFactory.doGetBean(AbstractBeanFactory.java:315)
	at org.springframework.beans.factory.support.AbstractBeanFactory.getBean(AbstractBeanFactory.java:199)
	at org.springframework.beans.factory.support.DefaultListableBeanFactory.preInstantiateSingletons(DefaultListableBeanFactory.java:759)
	at org.springframework.context.support.AbstractApplicationContext.finishBeanFactoryInitialization(AbstractApplicationContext.java:869)
	at org.springframework.context.support.AbstractApplicationContext.refresh(AbstractApplicationContext.java:550)
	at org.springframework.boot.web.servlet.context.ServletWebServerApplicationContext.refresh(ServletWebServerApplicationContext.java:140)
	at org.springframework.boot.SpringApplication.refresh(SpringApplication.java:780)
	at org.springframework.boot.SpringApplication.refreshContext(SpringApplication.java:412)
	at org.springframework.boot.SpringApplication.run(SpringApplication.java:333)
	at org.springframework.boot.SpringApplication.run(SpringApplication.java:1277)
	at org.springframework.boot.SpringApplication.run(SpringApplication.java:1265)
	at com.zwk.movie_recommend.MovieRecommendApiApplication.main(MovieRecommendApiApplication.java:29)
	at sun.reflect.NativeMethodAccessorImpl.invoke0(Native Method)
	at sun.reflect.NativeMethodAccessorImpl.invoke(NativeMethodAccessorImpl.java:62)
	at sun.reflect.DelegatingMethodAccessorImpl.invoke(DelegatingMethodAccessorImpl.java:43)
	at java.lang.reflect.Method.invoke(Method.java:498)
	at org.springframework.boot.devtools.restart.RestartLauncher.run(RestartLauncher.java:49)
Caused by: java.lang.NullPointerException: null
	at com.mysql.jdbc.ConnectionImpl.getServerCharset(ConnectionImpl.java:3005)
	at com.mysql.jdbc.MysqlIO.sendConnectionAttributes(MysqlIO.java:1916)
	at com.mysql.jdbc.MysqlIO.proceedHandshakeWithPluggableAuthentication(MysqlIO.java:1845)
	at com.mysql.jdbc.MysqlIO.doHandshake(MysqlIO.java:1215)
	at com.mysql.jdbc.ConnectionImpl.coreConnect(ConnectionImpl.java:2255)
	at com.mysql.jdbc.ConnectionImpl.connectOneTryOnly(ConnectionImpl.java:2286)
	... 95 common frames omitted
2026-03-17 22:03:43,223 [INFO] [restartedMain] com.alibaba.druid.pool.DruidDataSource [DruidDataSource.java : 930] {dataSource-1} inited
2026-03-17 22:03:43,231 [WARN] [restartedMain] o.s.b.w.s.c.AnnotationConfigServletWebServerApplicationContext [AbstractApplicationContext.java : 558] Exception encountered during context initialization - cancelling refresh attempt: org.springframework.beans.factory.UnsatisfiedDependencyException: Error creating bean with name 'customerController': Unsatisfied dependency expressed through field 'userService'; nested exception is org.springframework.beans.factory.UnsatisfiedDependencyException: Error creating bean with name 'userService': Unsatisfied dependency expressed through field 'baseMapper'; nested exception is org.springframework.beans.factory.UnsatisfiedDependencyException: Error creating bean with name 'userDao' defined in file [D:\code\java\movie_recommend_system\movie-recommend-api\target\classes\com\zwk\movie_recommend\dao\UserDao.class]: Unsatisfied dependency expressed through bean property 'sqlSessionFactory'; nested exception is org.springframework.beans.factory.UnsatisfiedDependencyException: Error creating bean with name 'sqlSessionFactory' defined in class path resource [com/baomidou/mybatisplus/spring/boot/starter/MybatisPlusAutoConfiguration.class]: Unsatisfied dependency expressed through method 'sqlSessionFactory' parameter 0; nested exception is org.springframework.beans.factory.BeanCreationException: Error creating bean with name 'dataSource' defined in class path resource [com/alibaba/druid/spring/boot/autoconfigure/DruidDataSourceAutoConfigure.class]: Invocation of init method failed; nested exception is com.mysql.jdbc.exceptions.jdbc4.MySQLNonTransientConnectionException: Could not create connection to database server.
2026-03-17 22:03:43,239 [INFO] [restartedMain] org.apache.catalina.core.StandardService [DirectJDKLog.java : 180] Stopping service [Tomcat]
2026-03-17 22:03:43,249 [ERROR] [Druid-ConnectionPool-Create-1343314099] com.alibaba.druid.pool.DruidDataSource [DruidDataSource.java : 2471] create connection SQLException, url: jdbc:mysql://localhost:3306/movie?useUnicode=true&characterEncoding=UTF-8, errorCode 0, state 08001
com.mysql.jdbc.exceptions.jdbc4.MySQLNonTransientConnectionException: Could not create connection to database server.
	at sun.reflect.NativeConstructorAccessorImpl.newInstance0(Native Method)
	at sun.reflect.NativeConstructorAccessorImpl.newInstance(NativeConstructorAccessorImpl.java:62)
	at sun.reflect.DelegatingConstructorAccessorImpl.newInstance(DelegatingConstructorAccessorImpl.java:45)
	at java.lang.reflect.Constructor.newInstance(Constructor.java:423)
	at com.mysql.jdbc.Util.handleNewInstance(Util.java:404)
	at com.mysql.jdbc.Util.getInstance(Util.java:387)
	at com.mysql.jdbc.SQLError.createSQLException(SQLError.java:917)
	at com.mysql.jdbc.SQLError.createSQLException(SQLError.java:896)
	at com.mysql.jdbc.SQLError.createSQLException(SQLError.java:885)
	at com.mysql.jdbc.SQLError.createSQLException(SQLError.java:860)
	at com.mysql.jdbc.ConnectionImpl.connectOneTryOnly(ConnectionImpl.java:2332)
	at com.mysql.jdbc.ConnectionImpl.createNewIO(ConnectionImpl.java:2085)
	at com.mysql.jdbc.ConnectionImpl.<init>(ConnectionImpl.java:795)
	at com.mysql.jdbc.JDBC4Connection.<init>(JDBC4Connection.java:44)
	at sun.reflect.NativeConstructorAccessorImpl.newInstance0(Native Method)
	at sun.reflect.NativeConstructorAccessorImpl.newInstance(NativeConstructorAccessorImpl.java:62)
	at sun.reflect.DelegatingConstructorAccessorImpl.newInstance(DelegatingConstructorAccessorImpl.java:45)
	at java.lang.reflect.Constructor.newInstance(Constructor.java:423)
	at com.mysql.jdbc.Util.handleNewInstance(Util.java:404)
	at com.mysql.jdbc.ConnectionImpl.getInstance(ConnectionImpl.java:400)
	at com.mysql.jdbc.NonRegisteringDriver.connect(NonRegisteringDriver.java:327)
	at com.alibaba.druid.filter.FilterChainImpl.connection_connect(FilterChainImpl.java:156)
	at com.alibaba.druid.filter.stat.StatFilter.connection_connect(StatFilter.java:218)
	at com.alibaba.druid.filter.FilterChainImpl.connection_connect(FilterChainImpl.java:150)
	at com.alibaba.druid.pool.DruidAbstractDataSource.createPhysicalConnection(DruidAbstractDataSource.java:1560)
	at com.alibaba.druid.pool.DruidAbstractDataSource.createPhysicalConnection(DruidAbstractDataSource.java:1623)
	at com.alibaba.druid.pool.DruidDataSource$CreateConnectionThread.run(DruidDataSource.java:2468)
Caused by: java.lang.NullPointerException: null
	at com.mysql.jdbc.ConnectionImpl.getServerCharset(ConnectionImpl.java:3005)
	at com.mysql.jdbc.MysqlIO.sendConnectionAttributes(MysqlIO.java:1916)
	at com.mysql.jdbc.MysqlIO.proceedHandshakeWithPluggableAuthentication(MysqlIO.java:1845)
	at com.mysql.jdbc.MysqlIO.doHandshake(MysqlIO.java:1215)
	at com.mysql.jdbc.ConnectionImpl.coreConnect(ConnectionImpl.java:2255)
	at com.mysql.jdbc.ConnectionImpl.connectOneTryOnly(ConnectionImpl.java:2286)
	... 16 common frames omitted
2026-03-17 22:03:43,262 [INFO] [restartedMain] o.s.b.a.logging.ConditionEvaluationReportLoggingListener [ConditionEvaluationReportLoggingListener.java : 101] 

Error starting ApplicationContext. To display the conditions report re-run your application with 'debug' enabled.
2026-03-17 22:03:43,270 [ERROR] [Druid-ConnectionPool-Create-1343314099] com.alibaba.druid.pool.DruidDataSource [DruidDataSource.java : 2471] create connection SQLException, url: jdbc:mysql://localhost:3306/movie?useUnicode=true&characterEncoding=UTF-8, errorCode 0, state 08001
com.mysql.jdbc.exceptions.jdbc4.MySQLNonTransientConnectionException: Could not create connection to database server.
	at sun.reflect.NativeConstructorAccessorImpl.newInstance0(Native Method)
	at sun.reflect.NativeConstructorAccessorImpl.newInstance(NativeConstructorAccessorImpl.java:62)
	at sun.reflect.DelegatingConstructorAccessorImpl.newInstance(DelegatingConstructorAccessorImpl.java:45)
	at java.lang.reflect.Constructor.newInstance(Constructor.java:423)
	at com.mysql.jdbc.Util.handleNewInstance(Util.java:404)
	at com.mysql.jdbc.Util.getInstance(Util.java:387)
	at com.mysql.jdbc.SQLError.createSQLException(SQLError.java:917)
	at com.mysql.jdbc.SQLError.createSQLException(SQLError.java:896)
	at com.mysql.jdbc.SQLError.createSQLException(SQLError.java:885)
	at com.mysql.jdbc.SQLError.createSQLException(SQLError.java:860)
	at com.mysql.jdbc.ConnectionImpl.connectOneTryOnly(ConnectionImpl.java:2332)
	at com.mysql.jdbc.ConnectionImpl.createNewIO(ConnectionImpl.java:2085)
	at com.mysql.jdbc.ConnectionImpl.<init>(ConnectionImpl.java:795)
	at com.mysql.jdbc.JDBC4Connection.<init>(JDBC4Connection.java:44)
	at sun.reflect.NativeConstructorAccessorImpl.newInstance0(Native Method)
	at sun.reflect.NativeConstructorAccessorImpl.newInstance(NativeConstructorAccessorImpl.java:62)
	at sun.reflect.DelegatingConstructorAccessorImpl.newInstance(DelegatingConstructorAccessorImpl.java:45)
	at java.lang.reflect.Constructor.newInstance(Constructor.java:423)
	at com.mysql.jdbc.Util.handleNewInstance(Util.java:404)
	at com.mysql.jdbc.ConnectionImpl.getInstance(ConnectionImpl.java:400)
	at com.mysql.jdbc.NonRegisteringDriver.connect(NonRegisteringDriver.java:327)
	at com.alibaba.druid.filter.FilterChainImpl.connection_connect(FilterChainImpl.java:156)
	at com.alibaba.druid.filter.stat.StatFilter.connection_connect(StatFilter.java:218)
	at com.alibaba.druid.filter.FilterChainImpl.connection_connect(FilterChainImpl.java:150)
	at com.alibaba.druid.pool.DruidAbstractDataSource.createPhysicalConnection(DruidAbstractDataSource.java:1560)
	at com.alibaba.druid.pool.DruidAbstractDataSource.createPhysicalConnection(DruidAbstractDataSource.java:1623)
	at com.alibaba.druid.pool.DruidDataSource$CreateConnectionThread.run(DruidDataSource.java:2468)
Caused by: java.lang.NullPointerException: null
	at com.mysql.jdbc.ConnectionImpl.getServerCharset(ConnectionImpl.java:3005)
	at com.mysql.jdbc.MysqlIO.sendConnectionAttributes(MysqlIO.java:1916)
	at com.mysql.jdbc.MysqlIO.proceedHandshakeWithPluggableAuthentication(MysqlIO.java:1845)
	at com.mysql.jdbc.MysqlIO.doHandshake(MysqlIO.java:1215)
	at com.mysql.jdbc.ConnectionImpl.coreConnect(ConnectionImpl.java:2255)
	at com.mysql.jdbc.ConnectionImpl.connectOneTryOnly(ConnectionImpl.java:2286)
	... 16 common frames omitted
2026-03-17 22:03:43,277 [ERROR] [restartedMain] org.springframework.boot.SpringApplication [SpringApplication.java : 863] Application run failed
org.springframework.beans.factory.UnsatisfiedDependencyException: Error creating bean with name 'customerController': Unsatisfied dependency expressed through field 'userService'; nested exception is org.springframework.beans.factory.UnsatisfiedDependencyException: Error creating bean with name 'userService': Unsatisfied dependency expressed through field 'baseMapper'; nested exception is org.springframework.beans.factory.UnsatisfiedDependencyException: Error creating bean with name 'userDao' defined in file [D:\code\java\movie_recommend_system\movie-recommend-api\target\classes\com\zwk\movie_recommend\dao\UserDao.class]: Unsatisfied dependency expressed through bean property 'sqlSessionFactory'; nested exception is org.springframework.beans.factory.UnsatisfiedDependencyException: Error creating bean with name 'sqlSessionFactory' defined in class path resource [com/baomidou/mybatisplus/spring/boot/starter/MybatisPlusAutoConfiguration.class]: Unsatisfied dependency expressed through method 'sqlSessionFactory' parameter 0; nested exception is org.springframework.beans.factory.BeanCreationException: Error creating bean with name 'dataSource' defined in class path resource [com/alibaba/druid/spring/boot/autoconfigure/DruidDataSourceAutoConfigure.class]: Invocation of init method failed; nested exception is com.mysql.jdbc.exceptions.jdbc4.MySQLNonTransientConnectionException: Could not create connection to database server.
	at org.springframework.beans.factory.annotation.AutowiredAnnotationBeanPostProcessor$AutowiredFieldElement.inject(AutowiredAnnotationBeanPostProcessor.java:586)
	at org.springframework.beans.factory.annotation.InjectionMetadata.inject(InjectionMetadata.java:90)
	at org.springframework.beans.factory.annotation.AutowiredAnnotationBeanPostProcessor.postProcessPropertyValues(AutowiredAnnotationBeanPostProcessor.java:372)
	at org.springframework.beans.factory.support.AbstractAutowireCapableBeanFactory.populateBean(AbstractAutowireCapableBeanFactory.java:1341)
	at org.springframework.beans.factory.support.AbstractAutowireCapableBeanFactory.doCreateBean(AbstractAutowireCapableBeanFactory.java:572)
	at org.springframework.beans.factory.support.AbstractAutowireCapableBeanFactory.createBean(AbstractAutowireCapableBeanFactory.java:495)
	at org.springframework.beans.factory.support.AbstractBeanFactory.lambda$doGetBean$0(AbstractBeanFactory.java:317)
	at org.springframework.beans.factory.support.DefaultSingletonBeanRegistry.getSingleton(DefaultSingletonBeanRegistry.java:222)
	at org.springframework.beans.factory.support.AbstractBeanFactory.doGetBean(AbstractBeanFactory.java:315)
	at org.springframework.beans.factory.support.AbstractBeanFactory.getBean(AbstractBeanFactory.java:199)
	at org.springframework.beans.factory.support.DefaultListableBeanFactory.preInstantiateSingletons(DefaultListableBeanFactory.java:759)
	at org.springframework.context.support.AbstractApplicationContext.finishBeanFactoryInitialization(AbstractApplicationContext.java:869)
	at org.springframework.context.support.AbstractApplicationContext.refresh(AbstractApplicationContext.java:550)
	at org.springframework.boot.web.servlet.context.ServletWebServerApplicationContext.refresh(ServletWebServerApplicationContext.java:140)
	at org.springframework.boot.SpringApplication.refresh(SpringApplication.java:780)
	at org.springframework.boot.SpringApplication.refreshContext(SpringApplication.java:412)
	at org.springframework.boot.SpringApplication.run(SpringApplication.java:333)
	at org.springframework.boot.SpringApplication.run(SpringApplication.java:1277)
	at org.springframework.boot.SpringApplication.run(SpringApplication.java:1265)
	at com.zwk.movie_recommend.MovieRecommendApiApplication.main(MovieRecommendApiApplication.java:29)
	at sun.reflect.NativeMethodAccessorImpl.invoke0(Native Method)
	at sun.reflect.NativeMethodAccessorImpl.invoke(NativeMethodAccessorImpl.java:62)
	at sun.reflect.DelegatingMethodAccessorImpl.invoke(DelegatingMethodAccessorImpl.java:43)
	at java.lang.reflect.Method.invoke(Method.java:498)
	at org.springframework.boot.devtools.restart.RestartLauncher.run(RestartLauncher.java:49)
Caused by: org.springframework.beans.factory.UnsatisfiedDependencyException: Error creating bean with name 'userService': Unsatisfied dependency expressed through field 'baseMapper'; nested exception is org.springframework.beans.factory.UnsatisfiedDependencyException: Error creating bean with name 'userDao' defined in file [D:\code\java\movie_recommend_system\movie-recommend-api\target\classes\com\zwk\movie_recommend\dao\UserDao.class]: Unsatisfied dependency expressed through bean property 'sqlSessionFactory'; nested exception is org.springframework.beans.factory.UnsatisfiedDependencyException: Error creating bean with name 'sqlSessionFactory' defined in class path resource [com/baomidou/mybatisplus/spring/boot/starter/MybatisPlusAutoConfiguration.class]: Unsatisfied dependency expressed through method 'sqlSessionFactory' parameter 0; nested exception is org.springframework.beans.factory.BeanCreationException: Error creating bean with name 'dataSource' defined in class path resource [com/alibaba/druid/spring/boot/autoconfigure/DruidDataSourceAutoConfigure.class]: Invocation of init method failed; nested exception is com.mysql.jdbc.exceptions.jdbc4.MySQLNonTransientConnectionException: Could not create connection to database server.
	at org.springframework.beans.factory.annotation.AutowiredAnnotationBeanPostProcessor$AutowiredFieldElement.inject(AutowiredAnnotationBeanPostProcessor.java:586)
	at org.springframework.beans.factory.annotation.InjectionMetadata.inject(InjectionMetadata.java:90)
	at org.springframework.beans.factory.annotation.AutowiredAnnotationBeanPostProcessor.postProcessPropertyValues(AutowiredAnnotationBeanPostProcessor.java:372)
	at org.springframework.beans.factory.support.AbstractAutowireCapableBeanFactory.populateBean(AbstractAutowireCapableBeanFactory.java:1341)
	at org.springframework.beans.factory.support.AbstractAutowireCapableBeanFactory.doCreateBean(AbstractAutowireCapableBeanFactory.java:572)
	at org.springframework.beans.factory.support.AbstractAutowireCapableBeanFactory.createBean(AbstractAutowireCapableBeanFactory.java:495)
	at org.springframework.beans.factory.support.AbstractBeanFactory.lambda$doGetBean$0(AbstractBeanFactory.java:317)
	at org.springframework.beans.factory.support.DefaultSingletonBeanRegistry.getSingleton(DefaultSingletonBeanRegistry.java:222)
	at org.springframework.beans.factory.support.AbstractBeanFactory.doGetBean(AbstractBeanFactory.java:315)
	at org.springframework.beans.factory.support.AbstractBeanFactory.getBean(AbstractBeanFactory.java:199)
	at org.springframework.beans.factory.config.DependencyDescriptor.resolveCandidate(DependencyDescriptor.java:251)
	at org.springframework.beans.factory.support.DefaultListableBeanFactory.doResolveDependency(DefaultListableBeanFactory.java:1135)
	at org.springframework.beans.factory.support.DefaultListableBeanFactory.resolveDependency(DefaultListableBeanFactory.java:1062)
	at org.springframework.beans.factory.annotation.AutowiredAnnotationBeanPostProcessor$AutowiredFieldElement.inject(AutowiredAnnotationBeanPostProcessor.java:583)
	... 24 common frames omitted
Caused by: org.springframework.beans.factory.UnsatisfiedDependencyException: Error creating bean with name 'userDao' defined in file [D:\code\java\movie_recommend_system\movie-recommend-api\target\classes\com\zwk\movie_recommend\dao\UserDao.class]: Unsatisfied dependency expressed through bean property 'sqlSessionFactory'; nested exception is org.springframework.beans.factory.UnsatisfiedDependencyException: Error creating bean with name 'sqlSessionFactory' defined in class path resource [com/baomidou/mybatisplus/spring/boot/starter/MybatisPlusAutoConfiguration.class]: Unsatisfied dependency expressed through method 'sqlSessionFactory' parameter 0; nested exception is org.springframework.beans.factory.BeanCreationException: Error creating bean with name 'dataSource' defined in class path resource [com/alibaba/druid/spring/boot/autoconfigure/DruidDataSourceAutoConfigure.class]: Invocation of init method failed; nested exception is com.mysql.jdbc.exceptions.jdbc4.MySQLNonTransientConnectionException: Could not create connection to database server.
	at org.springframework.beans.factory.support.AbstractAutowireCapableBeanFactory.autowireByType(AbstractAutowireCapableBeanFactory.java:1436)
	at org.springframework.beans.factory.support.AbstractAutowireCapableBeanFactory.populateBean(AbstractAutowireCapableBeanFactory.java:1323)
	at org.springframework.beans.factory.support.AbstractAutowireCapableBeanFactory.doCreateBean(AbstractAutowireCapableBeanFactory.java:572)
	at org.springframework.beans.factory.support.AbstractAutowireCapableBeanFactory.createBean(AbstractAutowireCapableBeanFactory.java:495)
	at org.springframework.beans.factory.support.AbstractBeanFactory.lambda$doGetBean$0(AbstractBeanFactory.java:317)
	at org.springframework.beans.factory.support.DefaultSingletonBeanRegistry.getSingleton(DefaultSingletonBeanRegistry.java:222)
	at org.springframework.beans.factory.support.AbstractBeanFactory.doGetBean(AbstractBeanFactory.java:315)
	at org.springframework.beans.factory.support.AbstractBeanFactory.getBean(AbstractBeanFactory.java:199)
	at org.springframework.beans.factory.config.DependencyDescriptor.resolveCandidate(DependencyDescriptor.java:251)
	at org.springframework.beans.factory.support.DefaultListableBeanFactory.doResolveDependency(DefaultListableBeanFactory.java:1135)
	at org.springframework.beans.factory.support.DefaultListableBeanFactory.resolveDependency(DefaultListableBeanFactory.java:1062)
	at org.springframework.beans.factory.annotation.AutowiredAnnotationBeanPostProcessor$AutowiredFieldElement.inject(AutowiredAnnotationBeanPostProcessor.java:583)
	... 37 common frames omitted
Caused by: org.springframework.beans.factory.UnsatisfiedDependencyException: Error creating bean with name 'sqlSessionFactory' defined in class path resource [com/baomidou/mybatisplus/spring/boot/starter/MybatisPlusAutoConfiguration.class]: Unsatisfied dependency expressed through method 'sqlSessionFactory' parameter 0; nested exception is org.springframework.beans.factory.BeanCreationException: Error creating bean with name 'dataSource' defined in class path resource [com/alibaba/druid/spring/boot/autoconfigure/DruidDataSourceAutoConfigure.class]: Invocation of init method failed; nested exception is com.mysql.jdbc.exceptions.jdbc4.MySQLNonTransientConnectionException: Could not create connection to database server.
	at org.springframework.beans.factory.support.ConstructorResolver.createArgumentArray(ConstructorResolver.java:732)
	at org.springframework.beans.factory.support.ConstructorResolver.instantiateUsingFactoryMethod(ConstructorResolver.java:474)
	at org.springframework.beans.factory.support.AbstractAutowireCapableBeanFactory.instantiateUsingFactoryMethod(AbstractAutowireCapableBeanFactory.java:1247)
	at org.springframework.beans.factory.support.AbstractAutowireCapableBeanFactory.createBeanInstance(AbstractAutowireCapableBeanFactory.java:1096)
	at org.springframework.beans.factory.support.AbstractAutowireCapableBeanFactory.doCreateBean(AbstractAutowireCapableBeanFactory.java:535)
	at org.springframework.beans.factory.support.AbstractAutowireCapableBeanFactory.createBean(AbstractAutowireCapableBeanFactory.java:495)
	at org.springframework.beans.factory.support.AbstractBeanFactory.lambda$doGetBean$0(AbstractBeanFactory.java:317)
	at org.springframework.beans.factory.support.DefaultSingletonBeanRegistry.getSingleton(DefaultSingletonBeanRegistry.java:222)
	at org.springframework.beans.factory.support.AbstractBeanFactory.doGetBean(AbstractBeanFactory.java:315)
	at org.springframework.beans.factory.support.AbstractBeanFactory.getBean(AbstractBeanFactory.java:199)
	at org.springframework.beans.factory.config.DependencyDescriptor.resolveCandidate(DependencyDescriptor.java:251)
	at org.springframework.beans.factory.support.DefaultListableBeanFactory.doResolveDependency(DefaultListableBeanFactory.java:1135)
	at org.springframework.beans.factory.support.DefaultListableBeanFactory.resolveDependency(DefaultListableBeanFactory.java:1062)
	at org.springframework.beans.factory.support.AbstractAutowireCapableBeanFactory.autowireByType(AbstractAutowireCapableBeanFactory.java:1421)
	... 48 common frames omitted
Caused by: org.springframework.beans.factory.BeanCreationException: Error creating bean with name 'dataSource' defined in class path resource [com/alibaba/druid/spring/boot/autoconfigure/DruidDataSourceAutoConfigure.class]: Invocation of init method failed; nested exception is com.mysql.jdbc.exceptions.jdbc4.MySQLNonTransientConnectionException: Could not create connection to database server.
	at org.springframework.beans.factory.support.AbstractAutowireCapableBeanFactory.initializeBean(AbstractAutowireCapableBeanFactory.java:1699)
	at org.springframework.beans.factory.support.AbstractAutowireCapableBeanFactory.doCreateBean(AbstractAutowireCapableBeanFactory.java:573)
	at org.springframework.beans.factory.support.AbstractAutowireCapableBeanFactory.createBean(AbstractAutowireCapableBeanFactory.java:495)
	at org.springframework.beans.factory.support.AbstractBeanFactory.lambda$doGetBean$0(AbstractBeanFactory.java:317)
	at org.springframework.beans.factory.support.DefaultSingletonBeanRegistry.getSingleton(DefaultSingletonBeanRegistry.java:222)
	at org.springframework.beans.factory.support.AbstractBeanFactory.doGetBean(AbstractBeanFactory.java:315)
	at org.springframework.beans.factory.support.AbstractBeanFactory.getBean(AbstractBeanFactory.java:199)
	at org.springframework.beans.factory.config.DependencyDescriptor.resolveCandidate(DependencyDescriptor.java:251)
	at org.springframework.beans.factory.support.DefaultListableBeanFactory.doResolveDependency(DefaultListableBeanFactory.java:1135)
	at org.springframework.beans.factory.support.DefaultListableBeanFactory.resolveDependency(DefaultListableBeanFactory.java:1062)
	at org.springframework.beans.factory.support.ConstructorResolver.resolveAutowiredArgument(ConstructorResolver.java:818)
	at org.springframework.beans.factory.support.ConstructorResolver.createArgumentArray(ConstructorResolver.java:724)
	... 61 common frames omitted
Caused by: com.mysql.jdbc.exceptions.jdbc4.MySQLNonTransientConnectionException: Could not create connection to database server.
	at sun.reflect.NativeConstructorAccessorImpl.newInstance0(Native Method)
	at sun.reflect.NativeConstructorAccessorImpl.newInstance(NativeConstructorAccessorImpl.java:62)
	at sun.reflect.DelegatingConstructorAccessorImpl.newInstance(DelegatingConstructorAccessorImpl.java:45)
	at java.lang.reflect.Constructor.newInstance(Constructor.java:423)
	at com.mysql.jdbc.Util.handleNewInstance(Util.java:404)
	at com.mysql.jdbc.Util.getInstance(Util.java:387)
	at com.mysql.jdbc.SQLError.createSQLException(SQLError.java:917)
	at com.mysql.jdbc.SQLError.createSQLException(SQLError.java:896)
	at com.mysql.jdbc.SQLError.createSQLException(SQLError.java:885)
	at com.mysql.jdbc.SQLError.createSQLException(SQLError.java:860)
	at com.mysql.jdbc.ConnectionImpl.connectOneTryOnly(ConnectionImpl.java:2332)
	at com.mysql.jdbc.ConnectionImpl.createNewIO(ConnectionImpl.java:2085)
	at com.mysql.jdbc.ConnectionImpl.<init>(ConnectionImpl.java:795)
	at com.mysql.jdbc.JDBC4Connection.<init>(JDBC4Connection.java:44)
	at sun.reflect.NativeConstructorAccessorImpl.newInstance0(Native Method)
	at sun.reflect.NativeConstructorAccessorImpl.newInstance(NativeConstructorAccessorImpl.java:62)
	at sun.reflect.DelegatingConstructorAccessorImpl.newInstance(DelegatingConstructorAccessorImpl.java:45)
	at java.lang.reflect.Constructor.newInstance(Constructor.java:423)
	at com.mysql.jdbc.Util.handleNewInstance(Util.java:404)
	at com.mysql.jdbc.ConnectionImpl.getInstance(ConnectionImpl.java:400)
	at com.mysql.jdbc.NonRegisteringDriver.connect(NonRegisteringDriver.java:327)
	at com.alibaba.druid.filter.FilterChainImpl.connection_connect(FilterChainImpl.java:156)
	at com.alibaba.druid.filter.stat.StatFilter.connection_connect(StatFilter.java:218)
	at com.alibaba.druid.filter.FilterChainImpl.connection_connect(FilterChainImpl.java:150)
	at com.alibaba.druid.pool.DruidAbstractDataSource.createPhysicalConnection(DruidAbstractDataSource.java:1560)
	at com.alibaba.druid.pool.DruidAbstractDataSource.createPhysicalConnection(DruidAbstractDataSource.java:1623)
	at com.alibaba.druid.pool.DruidDataSource.init(DruidDataSource.java:861)
	at sun.reflect.NativeMethodAccessorImpl.invoke0(Native Method)
	at sun.reflect.NativeMethodAccessorImpl.invoke(NativeMethodAccessorImpl.java:62)
	at sun.reflect.DelegatingMethodAccessorImpl.invoke(DelegatingMethodAccessorImpl.java:43)
	at java.lang.reflect.Method.invoke(Method.java:498)
	at org.springframework.beans.factory.support.AbstractAutowireCapableBeanFactory.invokeCustomInitMethod(AbstractAutowireCapableBeanFactory.java:1824)
	at org.springframework.beans.factory.support.AbstractAutowireCapableBeanFactory.invokeInitMethods(AbstractAutowireCapableBeanFactory.java:1767)
	at org.springframework.beans.factory.support.AbstractAutowireCapableBeanFactory.initializeBean(AbstractAutowireCapableBeanFactory.java:1695)
	... 72 common frames omitted
Caused by: java.lang.NullPointerException: null
	at com.mysql.jdbc.ConnectionImpl.getServerCharset(ConnectionImpl.java:3005)
	at com.mysql.jdbc.MysqlIO.sendConnectionAttributes(MysqlIO.java:1916)
	at com.mysql.jdbc.MysqlIO.proceedHandshakeWithPluggableAuthentication(MysqlIO.java:1845)
	at com.mysql.jdbc.MysqlIO.doHandshake(MysqlIO.java:1215)
	at com.mysql.jdbc.ConnectionImpl.coreConnect(ConnectionImpl.java:2255)
	at com.mysql.jdbc.ConnectionImpl.connectOneTryOnly(ConnectionImpl.java:2286)
	... 95 common frames omitted
2026-03-17 22:04:27,664 [INFO] [restartedMain] com.zwk.movie_recommend.MovieRecommendApiApplication [StartupInfoLogger.java : 50] Starting MovieRecommendApiApplication on zwk with PID 23396 (D:\code\java\movie_recommend_system\movie-recommend-api\target\classes started by win10 in D:\code\java\movie_recommend_system)
2026-03-17 22:04:27,678 [DEBUG] [restartedMain] com.zwk.movie_recommend.MovieRecommendApiApplication [StartupInfoLogger.java : 53] Running with Spring Boot v2.0.5.RELEASE, Spring v5.0.9.RELEASE
2026-03-17 22:04:27,681 [INFO] [restartedMain] com.zwk.movie_recommend.MovieRecommendApiApplication [SpringApplication.java : 684] The following profiles are active: dev
2026-03-17 22:04:27,907 [INFO] [restartedMain] o.s.b.w.s.c.AnnotationConfigServletWebServerApplicationContext [AbstractApplicationContext.java : 590] Refreshing org.springframework.boot.web.servlet.context.AnnotationConfigServletWebServerApplicationContext@427d4d39: startup date [Tue Mar 17 22:04:27 CST 2026]; root of context hierarchy
2026-03-17 22:04:30,136 [INFO] [restartedMain] o.s.data.repository.config.RepositoryConfigurationDelegate [RepositoryConfigurationDelegate.java : 172] Multiple Spring Data modules found, entering strict repository configuration mode!
2026-03-17 22:04:31,005 [INFO] [restartedMain] o.s.c.s.PostProcessorRegistrationDelegate$BeanPostProcessorChecker [PostProcessorRegistrationDelegate.java : 326] Bean 'org.springframework.transaction.annotation.ProxyTransactionManagementConfiguration' of type [org.springframework.transaction.annotation.ProxyTransactionManagementConfiguration$$EnhancerBySpringCGLIB$$a2fd5081] is not eligible for getting processed by all BeanPostProcessors (for example: not eligible for auto-proxying)
2026-03-17 22:04:32,032 [INFO] [restartedMain] org.springframework.boot.web.embedded.tomcat.TomcatWebServer [TomcatWebServer.java : 91] Tomcat initialized with port(s): 8010 (http)
2026-03-17 22:04:32,082 [INFO] [restartedMain] org.apache.catalina.core.StandardService [DirectJDKLog.java : 180] Starting service [Tomcat]
2026-03-17 22:04:32,082 [INFO] [restartedMain] org.apache.catalina.core.StandardEngine [DirectJDKLog.java : 180] Starting Servlet Engine: Apache Tomcat/8.5.34
2026-03-17 22:04:32,107 [INFO] [localhost-startStop-1] org.apache.catalina.core.AprLifecycleListener [DirectJDKLog.java : 180] The APR based Apache Tomcat Native library which allows optimal performance in production environments was not found on the java.library.path: [D:\code\jdk\bin;C:\WINDOWS\Sun\Java\bin;C:\WINDOWS\system32;C:\WINDOWS;C:\Python314\Scripts\;C:\Python314\;C:\ProgramData\Oracle\Java\javapath;C:\WINDOWS\system32;C:\WINDOWS;C:\WINDOWS\System32\Wbem;C:\WINDOWS\System32\WindowsPowerShell\v1.0\;C:\WINDOWS\System32\OpenSSH\;C:\Program Files\Docker\Docker\resources\bin;D:\code\apache-maven-3.5.3\bin;D:\code\Git\cmd;D:\code\skaffold\skaffold-windows-amd64.exe;D:\software\mysql5.8\bin;D:\software\NodeJS\;C:\ProgramData\chocolatey\bin;C:\Program Files\NVIDIA Corporation\NVIDIA App\NvDLISR;C:\Program Files (x86)\NVIDIA Corporation\PhysX\Common;C:\Users\win10\AppData\Local\Microsoft\WindowsApps;;C:\Program Files\JetBrains\IntelliJ IDEA 2025.3.3\bin;D:\code\GoLand 2023.2.1\bin;;D:\code\VSCode\bin;C:\Users\win10\AppData\Roaming\npm;.]
2026-03-17 22:04:32,459 [INFO] [localhost-startStop-1] org.apache.jasper.servlet.TldScanner [DirectJDKLog.java : 180] At least one JAR was scanned for TLDs yet contained no TLDs. Enable debug logging for this logger for a complete list of JARs that were scanned but no TLDs were found in them. Skipping unneeded JARs during scanning can improve startup time and JSP compilation time.
2026-03-17 22:04:32,468 [INFO] [localhost-startStop-1] o.a.c.c.C.[Tomcat].[localhost].[/movie-recommend-api] [DirectJDKLog.java : 180] Initializing Spring embedded WebApplicationContext
2026-03-17 22:04:32,468 [INFO] [localhost-startStop-1] org.springframework.web.context.ContextLoader [ServletWebServerApplicationContext.java : 285] Root WebApplicationContext: initialization completed in 4561 ms
2026-03-17 22:04:32,654 [INFO] [localhost-startStop-1] org.springframework.boot.web.servlet.ServletRegistrationBean [ServletRegistrationBean.java : 187] Servlet dispatcherServlet mapped to [/]
2026-03-17 22:04:32,658 [INFO] [localhost-startStop-1] org.springframework.boot.web.servlet.ServletRegistrationBean [ServletRegistrationBean.java : 187] Servlet statViewServlet mapped to [/druid/*]
2026-03-17 22:04:32,664 [INFO] [localhost-startStop-1] org.springframework.boot.web.servlet.FilterRegistrationBean [AbstractFilterRegistrationBean.java : 245] Mapping filter: 'characterEncodingFilter' to: [/*]
2026-03-17 22:04:32,665 [INFO] [localhost-startStop-1] org.springframework.boot.web.servlet.FilterRegistrationBean [AbstractFilterRegistrationBean.java : 245] Mapping filter: 'hiddenHttpMethodFilter' to: [/*]
2026-03-17 22:04:32,665 [INFO] [localhost-startStop-1] org.springframework.boot.web.servlet.FilterRegistrationBean [AbstractFilterRegistrationBean.java : 245] Mapping filter: 'httpPutFormContentFilter' to: [/*]
2026-03-17 22:04:32,666 [INFO] [localhost-startStop-1] org.springframework.boot.web.servlet.FilterRegistrationBean [AbstractFilterRegistrationBean.java : 245] Mapping filter: 'requestContextFilter' to: [/*]
2026-03-17 22:04:32,666 [INFO] [localhost-startStop-1] org.springframework.boot.web.servlet.FilterRegistrationBean [AbstractFilterRegistrationBean.java : 258] Mapping filter: 'webStatFilter' to urls: [/*]
2026-03-17 22:04:33,091 [INFO] [restartedMain] c.a.d.spring.boot.autoconfigure.DruidDataSourceAutoConfigure [DruidDataSourceAutoConfigure.java : 56] Init DruidDataSource
2026-03-17 22:04:34,567 [ERROR] [restartedMain] com.alibaba.druid.pool.DruidDataSource [DruidDataSource.java : 872] init datasource error, url: jdbc:mysql://localhost:3306/movie?useUnicode=true&characterEncoding=UTF-8
com.mysql.jdbc.exceptions.jdbc4.MySQLNonTransientConnectionException: Could not create connection to database server.
	at sun.reflect.NativeConstructorAccessorImpl.newInstance0(Native Method)
	at sun.reflect.NativeConstructorAccessorImpl.newInstance(NativeConstructorAccessorImpl.java:62)
	at sun.reflect.DelegatingConstructorAccessorImpl.newInstance(DelegatingConstructorAccessorImpl.java:45)
	at java.lang.reflect.Constructor.newInstance(Constructor.java:423)
	at com.mysql.jdbc.Util.handleNewInstance(Util.java:404)
	at com.mysql.jdbc.Util.getInstance(Util.java:387)
	at com.mysql.jdbc.SQLError.createSQLException(SQLError.java:917)
	at com.mysql.jdbc.SQLError.createSQLException(SQLError.java:896)
	at com.mysql.jdbc.SQLError.createSQLException(SQLError.java:885)
	at com.mysql.jdbc.SQLError.createSQLException(SQLError.java:860)
	at com.mysql.jdbc.ConnectionImpl.connectOneTryOnly(ConnectionImpl.java:2332)
	at com.mysql.jdbc.ConnectionImpl.createNewIO(ConnectionImpl.java:2085)
	at com.mysql.jdbc.ConnectionImpl.<init>(ConnectionImpl.java:795)
	at com.mysql.jdbc.JDBC4Connection.<init>(JDBC4Connection.java:44)
	at sun.reflect.NativeConstructorAccessorImpl.newInstance0(Native Method)
	at sun.reflect.NativeConstructorAccessorImpl.newInstance(NativeConstructorAccessorImpl.java:62)
	at sun.reflect.DelegatingConstructorAccessorImpl.newInstance(DelegatingConstructorAccessorImpl.java:45)
	at java.lang.reflect.Constructor.newInstance(Constructor.java:423)
	at com.mysql.jdbc.Util.handleNewInstance(Util.java:404)
	at com.mysql.jdbc.ConnectionImpl.getInstance(ConnectionImpl.java:400)
	at com.mysql.jdbc.NonRegisteringDriver.connect(NonRegisteringDriver.java:327)
	at com.alibaba.druid.filter.FilterChainImpl.connection_connect(FilterChainImpl.java:156)
	at com.alibaba.druid.filter.stat.StatFilter.connection_connect(StatFilter.java:218)
	at com.alibaba.druid.filter.FilterChainImpl.connection_connect(FilterChainImpl.java:150)
	at com.alibaba.druid.pool.DruidAbstractDataSource.createPhysicalConnection(DruidAbstractDataSource.java:1560)
	at com.alibaba.druid.pool.DruidAbstractDataSource.createPhysicalConnection(DruidAbstractDataSource.java:1623)
	at com.alibaba.druid.pool.DruidDataSource.init(DruidDataSource.java:861)
	at sun.reflect.NativeMethodAccessorImpl.invoke0(Native Method)
	at sun.reflect.NativeMethodAccessorImpl.invoke(NativeMethodAccessorImpl.java:62)
	at sun.reflect.DelegatingMethodAccessorImpl.invoke(DelegatingMethodAccessorImpl.java:43)
	at java.lang.reflect.Method.invoke(Method.java:498)
	at org.springframework.beans.factory.support.AbstractAutowireCapableBeanFactory.invokeCustomInitMethod(AbstractAutowireCapableBeanFactory.java:1824)
	at org.springframework.beans.factory.support.AbstractAutowireCapableBeanFactory.invokeInitMethods(AbstractAutowireCapableBeanFactory.java:1767)
	at org.springframework.beans.factory.support.AbstractAutowireCapableBeanFactory.initializeBean(AbstractAutowireCapableBeanFactory.java:1695)
	at org.springframework.beans.factory.support.AbstractAutowireCapableBeanFactory.doCreateBean(AbstractAutowireCapableBeanFactory.java:573)
	at org.springframework.beans.factory.support.AbstractAutowireCapableBeanFactory.createBean(AbstractAutowireCapableBeanFactory.java:495)
	at org.springframework.beans.factory.support.AbstractBeanFactory.lambda$doGetBean$0(AbstractBeanFactory.java:317)
	at org.springframework.beans.factory.support.DefaultSingletonBeanRegistry.getSingleton(DefaultSingletonBeanRegistry.java:222)
	at org.springframework.beans.factory.support.AbstractBeanFactory.doGetBean(AbstractBeanFactory.java:315)
	at org.springframework.beans.factory.support.AbstractBeanFactory.getBean(AbstractBeanFactory.java:199)
	at org.springframework.beans.factory.config.DependencyDescriptor.resolveCandidate(DependencyDescriptor.java:251)
	at org.springframework.beans.factory.support.DefaultListableBeanFactory.doResolveDependency(DefaultListableBeanFactory.java:1135)
	at org.springframework.beans.factory.support.DefaultListableBeanFactory.resolveDependency(DefaultListableBeanFactory.java:1062)
	at org.springframework.beans.factory.support.ConstructorResolver.resolveAutowiredArgument(ConstructorResolver.java:818)
	at org.springframework.beans.factory.support.ConstructorResolver.createArgumentArray(ConstructorResolver.java:724)
	at org.springframework.beans.factory.support.ConstructorResolver.instantiateUsingFactoryMethod(ConstructorResolver.java:474)
	at org.springframework.beans.factory.support.AbstractAutowireCapableBeanFactory.instantiateUsingFactoryMethod(AbstractAutowireCapableBeanFactory.java:1247)
	at org.springframework.beans.factory.support.AbstractAutowireCapableBeanFactory.createBeanInstance(AbstractAutowireCapableBeanFactory.java:1096)
	at org.springframework.beans.factory.support.AbstractAutowireCapableBeanFactory.doCreateBean(AbstractAutowireCapableBeanFactory.java:535)
	at org.springframework.beans.factory.support.AbstractAutowireCapableBeanFactory.createBean(AbstractAutowireCapableBeanFactory.java:495)
	at org.springframework.beans.factory.support.AbstractBeanFactory.lambda$doGetBean$0(AbstractBeanFactory.java:317)
	at org.springframework.beans.factory.support.DefaultSingletonBeanRegistry.getSingleton(DefaultSingletonBeanRegistry.java:222)
	at org.springframework.beans.factory.support.AbstractBeanFactory.doGetBean(AbstractBeanFactory.java:315)
	at org.springframework.beans.factory.support.AbstractBeanFactory.getBean(AbstractBeanFactory.java:199)
	at org.springframework.beans.factory.config.DependencyDescriptor.resolveCandidate(DependencyDescriptor.java:251)
	at org.springframework.beans.factory.support.DefaultListableBeanFactory.doResolveDependency(DefaultListableBeanFactory.java:1135)
	at org.springframework.beans.factory.support.DefaultListableBeanFactory.resolveDependency(DefaultListableBeanFactory.java:1062)
	at org.springframework.beans.factory.support.AbstractAutowireCapableBeanFactory.autowireByType(AbstractAutowireCapableBeanFactory.java:1421)
	at org.springframework.beans.factory.support.AbstractAutowireCapableBeanFactory.populateBean(AbstractAutowireCapableBeanFactory.java:1323)
	at org.springframework.beans.factory.support.AbstractAutowireCapableBeanFactory.doCreateBean(AbstractAutowireCapableBeanFactory.java:572)
	at org.springframework.beans.factory.support.AbstractAutowireCapableBeanFactory.createBean(AbstractAutowireCapableBeanFactory.java:495)
	at org.springframework.beans.factory.support.AbstractBeanFactory.lambda$doGetBean$0(AbstractBeanFactory.java:317)
	at org.springframework.beans.factory.support.DefaultSingletonBeanRegistry.getSingleton(DefaultSingletonBeanRegistry.java:222)
	at org.springframework.beans.factory.support.AbstractBeanFactory.doGetBean(AbstractBeanFactory.java:315)
	at org.springframework.beans.factory.support.AbstractBeanFactory.getBean(AbstractBeanFactory.java:199)
	at org.springframework.beans.factory.config.DependencyDescriptor.resolveCandidate(DependencyDescriptor.java:251)
	at org.springframework.beans.factory.support.DefaultListableBeanFactory.doResolveDependency(DefaultListableBeanFactory.java:1135)
	at org.springframework.beans.factory.support.DefaultListableBeanFactory.resolveDependency(DefaultListableBeanFactory.java:1062)
	at org.springframework.beans.factory.annotation.AutowiredAnnotationBeanPostProcessor$AutowiredFieldElement.inject(AutowiredAnnotationBeanPostProcessor.java:583)
	at org.springframework.beans.factory.annotation.InjectionMetadata.inject(InjectionMetadata.java:90)
	at org.springframework.beans.factory.annotation.AutowiredAnnotationBeanPostProcessor.postProcessPropertyValues(AutowiredAnnotationBeanPostProcessor.java:372)
	at org.springframework.beans.factory.support.AbstractAutowireCapableBeanFactory.populateBean(AbstractAutowireCapableBeanFactory.java:1341)
	at org.springframework.beans.factory.support.AbstractAutowireCapableBeanFactory.doCreateBean(AbstractAutowireCapableBeanFactory.java:572)
	at org.springframework.beans.factory.support.AbstractAutowireCapableBeanFactory.createBean(AbstractAutowireCapableBeanFactory.java:495)
	at org.springframework.beans.factory.support.AbstractBeanFactory.lambda$doGetBean$0(AbstractBeanFactory.java:317)
	at org.springframework.beans.factory.support.DefaultSingletonBeanRegistry.getSingleton(DefaultSingletonBeanRegistry.java:222)
	at org.springframework.beans.factory.support.AbstractBeanFactory.doGetBean(AbstractBeanFactory.java:315)
	at org.springframework.beans.factory.support.AbstractBeanFactory.getBean(AbstractBeanFactory.java:199)
	at org.springframework.beans.factory.config.DependencyDescriptor.resolveCandidate(DependencyDescriptor.java:251)
	at org.springframework.beans.factory.support.DefaultListableBeanFactory.doResolveDependency(DefaultListableBeanFactory.java:1135)
	at org.springframework.beans.factory.support.DefaultListableBeanFactory.resolveDependency(DefaultListableBeanFactory.java:1062)
	at org.springframework.beans.factory.annotation.AutowiredAnnotationBeanPostProcessor$AutowiredFieldElement.inject(AutowiredAnnotationBeanPostProcessor.java:583)
	at org.springframework.beans.factory.annotation.InjectionMetadata.inject(InjectionMetadata.java:90)
	at org.springframework.beans.factory.annotation.AutowiredAnnotationBeanPostProcessor.postProcessPropertyValues(AutowiredAnnotationBeanPostProcessor.java:372)
	at org.springframework.beans.factory.support.AbstractAutowireCapableBeanFactory.populateBean(AbstractAutowireCapableBeanFactory.java:1341)
	at org.springframework.beans.factory.support.AbstractAutowireCapableBeanFactory.doCreateBean(AbstractAutowireCapableBeanFactory.java:572)
	at org.springframework.beans.factory.support.AbstractAutowireCapableBeanFactory.createBean(AbstractAutowireCapableBeanFactory.java:495)
	at org.springframework.beans.factory.support.AbstractBeanFactory.lambda$doGetBean$0(AbstractBeanFactory.java:317)
	at org.springframework.beans.factory.support.DefaultSingletonBeanRegistry.getSingleton(DefaultSingletonBeanRegistry.java:222)
	at org.springframework.beans.factory.support.AbstractBeanFactory.doGetBean(AbstractBeanFactory.java:315)
	at org.springframework.beans.factory.support.AbstractBeanFactory.getBean(AbstractBeanFactory.java:199)
	at org.springframework.beans.factory.support.DefaultListableBeanFactory.preInstantiateSingletons(DefaultListableBeanFactory.java:759)
	at org.springframework.context.support.AbstractApplicationContext.finishBeanFactoryInitialization(AbstractApplicationContext.java:869)
	at org.springframework.context.support.AbstractApplicationContext.refresh(AbstractApplicationContext.java:550)
	at org.springframework.boot.web.servlet.context.ServletWebServerApplicationContext.refresh(ServletWebServerApplicationContext.java:140)
	at org.springframework.boot.SpringApplication.refresh(SpringApplication.java:780)
	at org.springframework.boot.SpringApplication.refreshContext(SpringApplication.java:412)
	at org.springframework.boot.SpringApplication.run(SpringApplication.java:333)
	at org.springframework.boot.SpringApplication.run(SpringApplication.java:1277)
	at org.springframework.boot.SpringApplication.run(SpringApplication.java:1265)
	at com.zwk.movie_recommend.MovieRecommendApiApplication.main(MovieRecommendApiApplication.java:29)
	at sun.reflect.NativeMethodAccessorImpl.invoke0(Native Method)
	at sun.reflect.NativeMethodAccessorImpl.invoke(NativeMethodAccessorImpl.java:62)
	at sun.reflect.DelegatingMethodAccessorImpl.invoke(DelegatingMethodAccessorImpl.java:43)
	at java.lang.reflect.Method.invoke(Method.java:498)
	at org.springframework.boot.devtools.restart.RestartLauncher.run(RestartLauncher.java:49)
Caused by: java.lang.NullPointerException: null
	at com.mysql.jdbc.ConnectionImpl.getServerCharset(ConnectionImpl.java:3005)
	at com.mysql.jdbc.MysqlIO.sendConnectionAttributes(MysqlIO.java:1916)
	at com.mysql.jdbc.MysqlIO.proceedHandshakeWithPluggableAuthentication(MysqlIO.java:1845)
	at com.mysql.jdbc.MysqlIO.doHandshake(MysqlIO.java:1215)
	at com.mysql.jdbc.ConnectionImpl.coreConnect(ConnectionImpl.java:2255)
	at com.mysql.jdbc.ConnectionImpl.connectOneTryOnly(ConnectionImpl.java:2286)
	... 95 common frames omitted
2026-03-17 22:04:34,591 [ERROR] [restartedMain] com.alibaba.druid.pool.DruidDataSource [DruidDataSource.java : 905] {dataSource-1} init error
com.mysql.jdbc.exceptions.jdbc4.MySQLNonTransientConnectionException: Could not create connection to database server.
	at sun.reflect.NativeConstructorAccessorImpl.newInstance0(Native Method)
	at sun.reflect.NativeConstructorAccessorImpl.newInstance(NativeConstructorAccessorImpl.java:62)
	at sun.reflect.DelegatingConstructorAccessorImpl.newInstance(DelegatingConstructorAccessorImpl.java:45)
	at java.lang.reflect.Constructor.newInstance(Constructor.java:423)
	at com.mysql.jdbc.Util.handleNewInstance(Util.java:404)
	at com.mysql.jdbc.Util.getInstance(Util.java:387)
	at com.mysql.jdbc.SQLError.createSQLException(SQLError.java:917)
	at com.mysql.jdbc.SQLError.createSQLException(SQLError.java:896)
	at com.mysql.jdbc.SQLError.createSQLException(SQLError.java:885)
	at com.mysql.jdbc.SQLError.createSQLException(SQLError.java:860)
	at com.mysql.jdbc.ConnectionImpl.connectOneTryOnly(ConnectionImpl.java:2332)
	at com.mysql.jdbc.ConnectionImpl.createNewIO(ConnectionImpl.java:2085)
	at com.mysql.jdbc.ConnectionImpl.<init>(ConnectionImpl.java:795)
	at com.mysql.jdbc.JDBC4Connection.<init>(JDBC4Connection.java:44)
	at sun.reflect.NativeConstructorAccessorImpl.newInstance0(Native Method)
	at sun.reflect.NativeConstructorAccessorImpl.newInstance(NativeConstructorAccessorImpl.java:62)
	at sun.reflect.DelegatingConstructorAccessorImpl.newInstance(DelegatingConstructorAccessorImpl.java:45)
	at java.lang.reflect.Constructor.newInstance(Constructor.java:423)
	at com.mysql.jdbc.Util.handleNewInstance(Util.java:404)
	at com.mysql.jdbc.ConnectionImpl.getInstance(ConnectionImpl.java:400)
	at com.mysql.jdbc.NonRegisteringDriver.connect(NonRegisteringDriver.java:327)
	at com.alibaba.druid.filter.FilterChainImpl.connection_connect(FilterChainImpl.java:156)
	at com.alibaba.druid.filter.stat.StatFilter.connection_connect(StatFilter.java:218)
	at com.alibaba.druid.filter.FilterChainImpl.connection_connect(FilterChainImpl.java:150)
	at com.alibaba.druid.pool.DruidAbstractDataSource.createPhysicalConnection(DruidAbstractDataSource.java:1560)
	at com.alibaba.druid.pool.DruidAbstractDataSource.createPhysicalConnection(DruidAbstractDataSource.java:1623)
	at com.alibaba.druid.pool.DruidDataSource.init(DruidDataSource.java:861)
	at sun.reflect.NativeMethodAccessorImpl.invoke0(Native Method)
	at sun.reflect.NativeMethodAccessorImpl.invoke(NativeMethodAccessorImpl.java:62)
	at sun.reflect.DelegatingMethodAccessorImpl.invoke(DelegatingMethodAccessorImpl.java:43)
	at java.lang.reflect.Method.invoke(Method.java:498)
	at org.springframework.beans.factory.support.AbstractAutowireCapableBeanFactory.invokeCustomInitMethod(AbstractAutowireCapableBeanFactory.java:1824)
	at org.springframework.beans.factory.support.AbstractAutowireCapableBeanFactory.invokeInitMethods(AbstractAutowireCapableBeanFactory.java:1767)
	at org.springframework.beans.factory.support.AbstractAutowireCapableBeanFactory.initializeBean(AbstractAutowireCapableBeanFactory.java:1695)
	at org.springframework.beans.factory.support.AbstractAutowireCapableBeanFactory.doCreateBean(AbstractAutowireCapableBeanFactory.java:573)
	at org.springframework.beans.factory.support.AbstractAutowireCapableBeanFactory.createBean(AbstractAutowireCapableBeanFactory.java:495)
	at org.springframework.beans.factory.support.AbstractBeanFactory.lambda$doGetBean$0(AbstractBeanFactory.java:317)
	at org.springframework.beans.factory.support.DefaultSingletonBeanRegistry.getSingleton(DefaultSingletonBeanRegistry.java:222)
	at org.springframework.beans.factory.support.AbstractBeanFactory.doGetBean(AbstractBeanFactory.java:315)
	at org.springframework.beans.factory.support.AbstractBeanFactory.getBean(AbstractBeanFactory.java:199)
	at org.springframework.beans.factory.config.DependencyDescriptor.resolveCandidate(DependencyDescriptor.java:251)
	at org.springframework.beans.factory.support.DefaultListableBeanFactory.doResolveDependency(DefaultListableBeanFactory.java:1135)
	at org.springframework.beans.factory.support.DefaultListableBeanFactory.resolveDependency(DefaultListableBeanFactory.java:1062)
	at org.springframework.beans.factory.support.ConstructorResolver.resolveAutowiredArgument(ConstructorResolver.java:818)
	at org.springframework.beans.factory.support.ConstructorResolver.createArgumentArray(ConstructorResolver.java:724)
	at org.springframework.beans.factory.support.ConstructorResolver.instantiateUsingFactoryMethod(ConstructorResolver.java:474)
	at org.springframework.beans.factory.support.AbstractAutowireCapableBeanFactory.instantiateUsingFactoryMethod(AbstractAutowireCapableBeanFactory.java:1247)
	at org.springframework.beans.factory.support.AbstractAutowireCapableBeanFactory.createBeanInstance(AbstractAutowireCapableBeanFactory.java:1096)
	at org.springframework.beans.factory.support.AbstractAutowireCapableBeanFactory.doCreateBean(AbstractAutowireCapableBeanFactory.java:535)
	at org.springframework.beans.factory.support.AbstractAutowireCapableBeanFactory.createBean(AbstractAutowireCapableBeanFactory.java:495)
	at org.springframework.beans.factory.support.AbstractBeanFactory.lambda$doGetBean$0(AbstractBeanFactory.java:317)
	at org.springframework.beans.factory.support.DefaultSingletonBeanRegistry.getSingleton(DefaultSingletonBeanRegistry.java:222)
	at org.springframework.beans.factory.support.AbstractBeanFactory.doGetBean(AbstractBeanFactory.java:315)
	at org.springframework.beans.factory.support.AbstractBeanFactory.getBean(AbstractBeanFactory.java:199)
	at org.springframework.beans.factory.config.DependencyDescriptor.resolveCandidate(DependencyDescriptor.java:251)
	at org.springframework.beans.factory.support.DefaultListableBeanFactory.doResolveDependency(DefaultListableBeanFactory.java:1135)
	at org.springframework.beans.factory.support.DefaultListableBeanFactory.resolveDependency(DefaultListableBeanFactory.java:1062)
	at org.springframework.beans.factory.support.AbstractAutowireCapableBeanFactory.autowireByType(AbstractAutowireCapableBeanFactory.java:1421)
	at org.springframework.beans.factory.support.AbstractAutowireCapableBeanFactory.populateBean(AbstractAutowireCapableBeanFactory.java:1323)
	at org.springframework.beans.factory.support.AbstractAutowireCapableBeanFactory.doCreateBean(AbstractAutowireCapableBeanFactory.java:572)
	at org.springframework.beans.factory.support.AbstractAutowireCapableBeanFactory.createBean(AbstractAutowireCapableBeanFactory.java:495)
	at org.springframework.beans.factory.support.AbstractBeanFactory.lambda$doGetBean$0(AbstractBeanFactory.java:317)
	at org.springframework.beans.factory.support.DefaultSingletonBeanRegistry.getSingleton(DefaultSingletonBeanRegistry.java:222)
	at org.springframework.beans.factory.support.AbstractBeanFactory.doGetBean(AbstractBeanFactory.java:315)
	at org.springframework.beans.factory.support.AbstractBeanFactory.getBean(AbstractBeanFactory.java:199)
	at org.springframework.beans.factory.config.DependencyDescriptor.resolveCandidate(DependencyDescriptor.java:251)
	at org.springframework.beans.factory.support.DefaultListableBeanFactory.doResolveDependency(DefaultListableBeanFactory.java:1135)
	at org.springframework.beans.factory.support.DefaultListableBeanFactory.resolveDependency(DefaultListableBeanFactory.java:1062)
	at org.springframework.beans.factory.annotation.AutowiredAnnotationBeanPostProcessor$AutowiredFieldElement.inject(AutowiredAnnotationBeanPostProcessor.java:583)
	at org.springframework.beans.factory.annotation.InjectionMetadata.inject(InjectionMetadata.java:90)
	at org.springframework.beans.factory.annotation.AutowiredAnnotationBeanPostProcessor.postProcessPropertyValues(AutowiredAnnotationBeanPostProcessor.java:372)
	at org.springframework.beans.factory.support.AbstractAutowireCapableBeanFactory.populateBean(AbstractAutowireCapableBeanFactory.java:1341)
	at org.springframework.beans.factory.support.AbstractAutowireCapableBeanFactory.doCreateBean(AbstractAutowireCapableBeanFactory.java:572)
	at org.springframework.beans.factory.support.AbstractAutowireCapableBeanFactory.createBean(AbstractAutowireCapableBeanFactory.java:495)
	at org.springframework.beans.factory.support.AbstractBeanFactory.lambda$doGetBean$0(AbstractBeanFactory.java:317)
	at org.springframework.beans.factory.support.DefaultSingletonBeanRegistry.getSingleton(DefaultSingletonBeanRegistry.java:222)
	at org.springframework.beans.factory.support.AbstractBeanFactory.doGetBean(AbstractBeanFactory.java:315)
	at org.springframework.beans.factory.support.AbstractBeanFactory.getBean(AbstractBeanFactory.java:199)
	at org.springframework.beans.factory.config.DependencyDescriptor.resolveCandidate(DependencyDescriptor.java:251)
	at org.springframework.beans.factory.support.DefaultListableBeanFactory.doResolveDependency(DefaultListableBeanFactory.java:1135)
	at org.springframework.beans.factory.support.DefaultListableBeanFactory.resolveDependency(DefaultListableBeanFactory.java:1062)
	at org.springframework.beans.factory.annotation.AutowiredAnnotationBeanPostProcessor$AutowiredFieldElement.inject(AutowiredAnnotationBeanPostProcessor.java:583)
	at org.springframework.beans.factory.annotation.InjectionMetadata.inject(InjectionMetadata.java:90)
	at org.springframework.beans.factory.annotation.AutowiredAnnotationBeanPostProcessor.postProcessPropertyValues(AutowiredAnnotationBeanPostProcessor.java:372)
	at org.springframework.beans.factory.support.AbstractAutowireCapableBeanFactory.populateBean(AbstractAutowireCapableBeanFactory.java:1341)
	at org.springframework.beans.factory.support.AbstractAutowireCapableBeanFactory.doCreateBean(AbstractAutowireCapableBeanFactory.java:572)
	at org.springframework.beans.factory.support.AbstractAutowireCapableBeanFactory.createBean(AbstractAutowireCapableBeanFactory.java:495)
	at org.springframework.beans.factory.support.AbstractBeanFactory.lambda$doGetBean$0(AbstractBeanFactory.java:317)
	at org.springframework.beans.factory.support.DefaultSingletonBeanRegistry.getSingleton(DefaultSingletonBeanRegistry.java:222)
	at org.springframework.beans.factory.support.AbstractBeanFactory.doGetBean(AbstractBeanFactory.java:315)
	at org.springframework.beans.factory.support.AbstractBeanFactory.getBean(AbstractBeanFactory.java:199)
	at org.springframework.beans.factory.support.DefaultListableBeanFactory.preInstantiateSingletons(DefaultListableBeanFactory.java:759)
	at org.springframework.context.support.AbstractApplicationContext.finishBeanFactoryInitialization(AbstractApplicationContext.java:869)
	at org.springframework.context.support.AbstractApplicationContext.refresh(AbstractApplicationContext.java:550)
	at org.springframework.boot.web.servlet.context.ServletWebServerApplicationContext.refresh(ServletWebServerApplicationContext.java:140)
	at org.springframework.boot.SpringApplication.refresh(SpringApplication.java:780)
	at org.springframework.boot.SpringApplication.refreshContext(SpringApplication.java:412)
	at org.springframework.boot.SpringApplication.run(SpringApplication.java:333)
	at org.springframework.boot.SpringApplication.run(SpringApplication.java:1277)
	at org.springframework.boot.SpringApplication.run(SpringApplication.java:1265)
	at com.zwk.movie_recommend.MovieRecommendApiApplication.main(MovieRecommendApiApplication.java:29)
	at sun.reflect.NativeMethodAccessorImpl.invoke0(Native Method)
	at sun.reflect.NativeMethodAccessorImpl.invoke(NativeMethodAccessorImpl.java:62)
	at sun.reflect.DelegatingMethodAccessorImpl.invoke(DelegatingMethodAccessorImpl.java:43)
	at java.lang.reflect.Method.invoke(Method.java:498)
	at org.springframework.boot.devtools.restart.RestartLauncher.run(RestartLauncher.java:49)
Caused by: java.lang.NullPointerException: null
	at com.mysql.jdbc.ConnectionImpl.getServerCharset(ConnectionImpl.java:3005)
	at com.mysql.jdbc.MysqlIO.sendConnectionAttributes(MysqlIO.java:1916)
	at com.mysql.jdbc.MysqlIO.proceedHandshakeWithPluggableAuthentication(MysqlIO.java:1845)
	at com.mysql.jdbc.MysqlIO.doHandshake(MysqlIO.java:1215)
	at com.mysql.jdbc.ConnectionImpl.coreConnect(ConnectionImpl.java:2255)
	at com.mysql.jdbc.ConnectionImpl.connectOneTryOnly(ConnectionImpl.java:2286)
	... 95 common frames omitted
2026-03-17 22:04:34,593 [INFO] [restartedMain] com.alibaba.druid.pool.DruidDataSource [DruidDataSource.java : 930] {dataSource-1} inited
2026-03-17 22:04:34,601 [WARN] [restartedMain] o.s.b.w.s.c.AnnotationConfigServletWebServerApplicationContext [AbstractApplicationContext.java : 558] Exception encountered during context initialization - cancelling refresh attempt: org.springframework.beans.factory.UnsatisfiedDependencyException: Error creating bean with name 'customerController': Unsatisfied dependency expressed through field 'userService'; nested exception is org.springframework.beans.factory.UnsatisfiedDependencyException: Error creating bean with name 'userService': Unsatisfied dependency expressed through field 'baseMapper'; nested exception is org.springframework.beans.factory.UnsatisfiedDependencyException: Error creating bean with name 'userDao' defined in file [D:\code\java\movie_recommend_system\movie-recommend-api\target\classes\com\zwk\movie_recommend\dao\UserDao.class]: Unsatisfied dependency expressed through bean property 'sqlSessionFactory'; nested exception is org.springframework.beans.factory.UnsatisfiedDependencyException: Error creating bean with name 'sqlSessionFactory' defined in class path resource [com/baomidou/mybatisplus/spring/boot/starter/MybatisPlusAutoConfiguration.class]: Unsatisfied dependency expressed through method 'sqlSessionFactory' parameter 0; nested exception is org.springframework.beans.factory.BeanCreationException: Error creating bean with name 'dataSource' defined in class path resource [com/alibaba/druid/spring/boot/autoconfigure/DruidDataSourceAutoConfigure.class]: Invocation of init method failed; nested exception is com.mysql.jdbc.exceptions.jdbc4.MySQLNonTransientConnectionException: Could not create connection to database server.
2026-03-17 22:04:34,607 [INFO] [restartedMain] org.apache.catalina.core.StandardService [DirectJDKLog.java : 180] Stopping service [Tomcat]
2026-03-17 22:04:34,620 [ERROR] [Druid-ConnectionPool-Create-733416070] com.alibaba.druid.pool.DruidDataSource [DruidDataSource.java : 2471] create connection SQLException, url: jdbc:mysql://localhost:3306/movie?useUnicode=true&characterEncoding=UTF-8, errorCode 0, state 08001
com.mysql.jdbc.exceptions.jdbc4.MySQLNonTransientConnectionException: Could not create connection to database server.
	at sun.reflect.NativeConstructorAccessorImpl.newInstance0(Native Method)
	at sun.reflect.NativeConstructorAccessorImpl.newInstance(NativeConstructorAccessorImpl.java:62)
	at sun.reflect.DelegatingConstructorAccessorImpl.newInstance(DelegatingConstructorAccessorImpl.java:45)
	at java.lang.reflect.Constructor.newInstance(Constructor.java:423)
	at com.mysql.jdbc.Util.handleNewInstance(Util.java:404)
	at com.mysql.jdbc.Util.getInstance(Util.java:387)
	at com.mysql.jdbc.SQLError.createSQLException(SQLError.java:917)
	at com.mysql.jdbc.SQLError.createSQLException(SQLError.java:896)
	at com.mysql.jdbc.SQLError.createSQLException(SQLError.java:885)
	at com.mysql.jdbc.SQLError.createSQLException(SQLError.java:860)
	at com.mysql.jdbc.ConnectionImpl.connectOneTryOnly(ConnectionImpl.java:2332)
	at com.mysql.jdbc.ConnectionImpl.createNewIO(ConnectionImpl.java:2085)
	at com.mysql.jdbc.ConnectionImpl.<init>(ConnectionImpl.java:795)
	at com.mysql.jdbc.JDBC4Connection.<init>(JDBC4Connection.java:44)
	at sun.reflect.NativeConstructorAccessorImpl.newInstance0(Native Method)
	at sun.reflect.NativeConstructorAccessorImpl.newInstance(NativeConstructorAccessorImpl.java:62)
	at sun.reflect.DelegatingConstructorAccessorImpl.newInstance(DelegatingConstructorAccessorImpl.java:45)
	at java.lang.reflect.Constructor.newInstance(Constructor.java:423)
	at com.mysql.jdbc.Util.handleNewInstance(Util.java:404)
	at com.mysql.jdbc.ConnectionImpl.getInstance(ConnectionImpl.java:400)
	at com.mysql.jdbc.NonRegisteringDriver.connect(NonRegisteringDriver.java:327)
	at com.alibaba.druid.filter.FilterChainImpl.connection_connect(FilterChainImpl.java:156)
	at com.alibaba.druid.filter.stat.StatFilter.connection_connect(StatFilter.java:218)
	at com.alibaba.druid.filter.FilterChainImpl.connection_connect(FilterChainImpl.java:150)
	at com.alibaba.druid.pool.DruidAbstractDataSource.createPhysicalConnection(DruidAbstractDataSource.java:1560)
	at com.alibaba.druid.pool.DruidAbstractDataSource.createPhysicalConnection(DruidAbstractDataSource.java:1623)
	at com.alibaba.druid.pool.DruidDataSource$CreateConnectionThread.run(DruidDataSource.java:2468)
Caused by: java.lang.NullPointerException: null
	at com.mysql.jdbc.ConnectionImpl.getServerCharset(ConnectionImpl.java:3005)
	at com.mysql.jdbc.MysqlIO.sendConnectionAttributes(MysqlIO.java:1916)
	at com.mysql.jdbc.MysqlIO.proceedHandshakeWithPluggableAuthentication(MysqlIO.java:1845)
	at com.mysql.jdbc.MysqlIO.doHandshake(MysqlIO.java:1215)
	at com.mysql.jdbc.ConnectionImpl.coreConnect(ConnectionImpl.java:2255)
	at com.mysql.jdbc.ConnectionImpl.connectOneTryOnly(ConnectionImpl.java:2286)
	... 16 common frames omitted
2026-03-17 22:04:34,633 [INFO] [restartedMain] o.s.b.a.logging.ConditionEvaluationReportLoggingListener [ConditionEvaluationReportLoggingListener.java : 101] 

Error starting ApplicationContext. To display the conditions report re-run your application with 'debug' enabled.
2026-03-17 22:04:34,640 [ERROR] [Druid-ConnectionPool-Create-733416070] com.alibaba.druid.pool.DruidDataSource [DruidDataSource.java : 2471] create connection SQLException, url: jdbc:mysql://localhost:3306/movie?useUnicode=true&characterEncoding=UTF-8, errorCode 0, state 08001
com.mysql.jdbc.exceptions.jdbc4.MySQLNonTransientConnectionException: Could not create connection to database server.
	at sun.reflect.NativeConstructorAccessorImpl.newInstance0(Native Method)
	at sun.reflect.NativeConstructorAccessorImpl.newInstance(NativeConstructorAccessorImpl.java:62)
	at sun.reflect.DelegatingConstructorAccessorImpl.newInstance(DelegatingConstructorAccessorImpl.java:45)
	at java.lang.reflect.Constructor.newInstance(Constructor.java:423)
	at com.mysql.jdbc.Util.handleNewInstance(Util.java:404)
	at com.mysql.jdbc.Util.getInstance(Util.java:387)
	at com.mysql.jdbc.SQLError.createSQLException(SQLError.java:917)
	at com.mysql.jdbc.SQLError.createSQLException(SQLError.java:896)
	at com.mysql.jdbc.SQLError.createSQLException(SQLError.java:885)
	at com.mysql.jdbc.SQLError.createSQLException(SQLError.java:860)
	at com.mysql.jdbc.ConnectionImpl.connectOneTryOnly(ConnectionImpl.java:2332)
	at com.mysql.jdbc.ConnectionImpl.createNewIO(ConnectionImpl.java:2085)
	at com.mysql.jdbc.ConnectionImpl.<init>(ConnectionImpl.java:795)
	at com.mysql.jdbc.JDBC4Connection.<init>(JDBC4Connection.java:44)
	at sun.reflect.NativeConstructorAccessorImpl.newInstance0(Native Method)
	at sun.reflect.NativeConstructorAccessorImpl.newInstance(NativeConstructorAccessorImpl.java:62)
	at sun.reflect.DelegatingConstructorAccessorImpl.newInstance(DelegatingConstructorAccessorImpl.java:45)
	at java.lang.reflect.Constructor.newInstance(Constructor.java:423)
	at com.mysql.jdbc.Util.handleNewInstance(Util.java:404)
	at com.mysql.jdbc.ConnectionImpl.getInstance(ConnectionImpl.java:400)
	at com.mysql.jdbc.NonRegisteringDriver.connect(NonRegisteringDriver.java:327)
	at com.alibaba.druid.filter.FilterChainImpl.connection_connect(FilterChainImpl.java:156)
	at com.alibaba.druid.filter.stat.StatFilter.connection_connect(StatFilter.java:218)
	at com.alibaba.druid.filter.FilterChainImpl.connection_connect(FilterChainImpl.java:150)
	at com.alibaba.druid.pool.DruidAbstractDataSource.createPhysicalConnection(DruidAbstractDataSource.java:1560)
	at com.alibaba.druid.pool.DruidAbstractDataSource.createPhysicalConnection(DruidAbstractDataSource.java:1623)
	at com.alibaba.druid.pool.DruidDataSource$CreateConnectionThread.run(DruidDataSource.java:2468)
Caused by: java.lang.NullPointerException: null
	at com.mysql.jdbc.ConnectionImpl.getServerCharset(ConnectionImpl.java:3005)
	at com.mysql.jdbc.MysqlIO.sendConnectionAttributes(MysqlIO.java:1916)
	at com.mysql.jdbc.MysqlIO.proceedHandshakeWithPluggableAuthentication(MysqlIO.java:1845)
	at com.mysql.jdbc.MysqlIO.doHandshake(MysqlIO.java:1215)
	at com.mysql.jdbc.ConnectionImpl.coreConnect(ConnectionImpl.java:2255)
	at com.mysql.jdbc.ConnectionImpl.connectOneTryOnly(ConnectionImpl.java:2286)
	... 16 common frames omitted
2026-03-17 22:04:34,645 [ERROR] [restartedMain] org.springframework.boot.SpringApplication [SpringApplication.java : 863] Application run failed
org.springframework.beans.factory.UnsatisfiedDependencyException: Error creating bean with name 'customerController': Unsatisfied dependency expressed through field 'userService'; nested exception is org.springframework.beans.factory.UnsatisfiedDependencyException: Error creating bean with name 'userService': Unsatisfied dependency expressed through field 'baseMapper'; nested exception is org.springframework.beans.factory.UnsatisfiedDependencyException: Error creating bean with name 'userDao' defined in file [D:\code\java\movie_recommend_system\movie-recommend-api\target\classes\com\zwk\movie_recommend\dao\UserDao.class]: Unsatisfied dependency expressed through bean property 'sqlSessionFactory'; nested exception is org.springframework.beans.factory.UnsatisfiedDependencyException: Error creating bean with name 'sqlSessionFactory' defined in class path resource [com/baomidou/mybatisplus/spring/boot/starter/MybatisPlusAutoConfiguration.class]: Unsatisfied dependency expressed through method 'sqlSessionFactory' parameter 0; nested exception is org.springframework.beans.factory.BeanCreationException: Error creating bean with name 'dataSource' defined in class path resource [com/alibaba/druid/spring/boot/autoconfigure/DruidDataSourceAutoConfigure.class]: Invocation of init method failed; nested exception is com.mysql.jdbc.exceptions.jdbc4.MySQLNonTransientConnectionException: Could not create connection to database server.
	at org.springframework.beans.factory.annotation.AutowiredAnnotationBeanPostProcessor$AutowiredFieldElement.inject(AutowiredAnnotationBeanPostProcessor.java:586)
	at org.springframework.beans.factory.annotation.InjectionMetadata.inject(InjectionMetadata.java:90)
	at org.springframework.beans.factory.annotation.AutowiredAnnotationBeanPostProcessor.postProcessPropertyValues(AutowiredAnnotationBeanPostProcessor.java:372)
	at org.springframework.beans.factory.support.AbstractAutowireCapableBeanFactory.populateBean(AbstractAutowireCapableBeanFactory.java:1341)
	at org.springframework.beans.factory.support.AbstractAutowireCapableBeanFactory.doCreateBean(AbstractAutowireCapableBeanFactory.java:572)
	at org.springframework.beans.factory.support.AbstractAutowireCapableBeanFactory.createBean(AbstractAutowireCapableBeanFactory.java:495)
	at org.springframework.beans.factory.support.AbstractBeanFactory.lambda$doGetBean$0(AbstractBeanFactory.java:317)
	at org.springframework.beans.factory.support.DefaultSingletonBeanRegistry.getSingleton(DefaultSingletonBeanRegistry.java:222)
	at org.springframework.beans.factory.support.AbstractBeanFactory.doGetBean(AbstractBeanFactory.java:315)
	at org.springframework.beans.factory.support.AbstractBeanFactory.getBean(AbstractBeanFactory.java:199)
	at org.springframework.beans.factory.support.DefaultListableBeanFactory.preInstantiateSingletons(DefaultListableBeanFactory.java:759)
	at org.springframework.context.support.AbstractApplicationContext.finishBeanFactoryInitialization(AbstractApplicationContext.java:869)
	at org.springframework.context.support.AbstractApplicationContext.refresh(AbstractApplicationContext.java:550)
	at org.springframework.boot.web.servlet.context.ServletWebServerApplicationContext.refresh(ServletWebServerApplicationContext.java:140)
	at org.springframework.boot.SpringApplication.refresh(SpringApplication.java:780)
	at org.springframework.boot.SpringApplication.refreshContext(SpringApplication.java:412)
	at org.springframework.boot.SpringApplication.run(SpringApplication.java:333)
	at org.springframework.boot.SpringApplication.run(SpringApplication.java:1277)
	at org.springframework.boot.SpringApplication.run(SpringApplication.java:1265)
	at com.zwk.movie_recommend.MovieRecommendApiApplication.main(MovieRecommendApiApplication.java:29)
	at sun.reflect.NativeMethodAccessorImpl.invoke0(Native Method)
	at sun.reflect.NativeMethodAccessorImpl.invoke(NativeMethodAccessorImpl.java:62)
	at sun.reflect.DelegatingMethodAccessorImpl.invoke(DelegatingMethodAccessorImpl.java:43)
	at java.lang.reflect.Method.invoke(Method.java:498)
	at org.springframework.boot.devtools.restart.RestartLauncher.run(RestartLauncher.java:49)
Caused by: org.springframework.beans.factory.UnsatisfiedDependencyException: Error creating bean with name 'userService': Unsatisfied dependency expressed through field 'baseMapper'; nested exception is org.springframework.beans.factory.UnsatisfiedDependencyException: Error creating bean with name 'userDao' defined in file [D:\code\java\movie_recommend_system\movie-recommend-api\target\classes\com\zwk\movie_recommend\dao\UserDao.class]: Unsatisfied dependency expressed through bean property 'sqlSessionFactory'; nested exception is org.springframework.beans.factory.UnsatisfiedDependencyException: Error creating bean with name 'sqlSessionFactory' defined in class path resource [com/baomidou/mybatisplus/spring/boot/starter/MybatisPlusAutoConfiguration.class]: Unsatisfied dependency expressed through method 'sqlSessionFactory' parameter 0; nested exception is org.springframework.beans.factory.BeanCreationException: Error creating bean with name 'dataSource' defined in class path resource [com/alibaba/druid/spring/boot/autoconfigure/DruidDataSourceAutoConfigure.class]: Invocation of init method failed; nested exception is com.mysql.jdbc.exceptions.jdbc4.MySQLNonTransientConnectionException: Could not create connection to database server.
	at org.springframework.beans.factory.annotation.AutowiredAnnotationBeanPostProcessor$AutowiredFieldElement.inject(AutowiredAnnotationBeanPostProcessor.java:586)
	at org.springframework.beans.factory.annotation.InjectionMetadata.inject(InjectionMetadata.java:90)
	at org.springframework.beans.factory.annotation.AutowiredAnnotationBeanPostProcessor.postProcessPropertyValues(AutowiredAnnotationBeanPostProcessor.java:372)
	at org.springframework.beans.factory.support.AbstractAutowireCapableBeanFactory.populateBean(AbstractAutowireCapableBeanFactory.java:1341)
	at org.springframework.beans.factory.support.AbstractAutowireCapableBeanFactory.doCreateBean(AbstractAutowireCapableBeanFactory.java:572)
	at org.springframework.beans.factory.support.AbstractAutowireCapableBeanFactory.createBean(AbstractAutowireCapableBeanFactory.java:495)
	at org.springframework.beans.factory.support.AbstractBeanFactory.lambda$doGetBean$0(AbstractBeanFactory.java:317)
	at org.springframework.beans.factory.support.DefaultSingletonBeanRegistry.getSingleton(DefaultSingletonBeanRegistry.java:222)
	at org.springframework.beans.factory.support.AbstractBeanFactory.doGetBean(AbstractBeanFactory.java:315)
	at org.springframework.beans.factory.support.AbstractBeanFactory.getBean(AbstractBeanFactory.java:199)
	at org.springframework.beans.factory.config.DependencyDescriptor.resolveCandidate(DependencyDescriptor.java:251)
	at org.springframework.beans.factory.support.DefaultListableBeanFactory.doResolveDependency(DefaultListableBeanFactory.java:1135)
	at org.springframework.beans.factory.support.DefaultListableBeanFactory.resolveDependency(DefaultListableBeanFactory.java:1062)
	at org.springframework.beans.factory.annotation.AutowiredAnnotationBeanPostProcessor$AutowiredFieldElement.inject(AutowiredAnnotationBeanPostProcessor.java:583)
	... 24 common frames omitted
Caused by: org.springframework.beans.factory.UnsatisfiedDependencyException: Error creating bean with name 'userDao' defined in file [D:\code\java\movie_recommend_system\movie-recommend-api\target\classes\com\zwk\movie_recommend\dao\UserDao.class]: Unsatisfied dependency expressed through bean property 'sqlSessionFactory'; nested exception is org.springframework.beans.factory.UnsatisfiedDependencyException: Error creating bean with name 'sqlSessionFactory' defined in class path resource [com/baomidou/mybatisplus/spring/boot/starter/MybatisPlusAutoConfiguration.class]: Unsatisfied dependency expressed through method 'sqlSessionFactory' parameter 0; nested exception is org.springframework.beans.factory.BeanCreationException: Error creating bean with name 'dataSource' defined in class path resource [com/alibaba/druid/spring/boot/autoconfigure/DruidDataSourceAutoConfigure.class]: Invocation of init method failed; nested exception is com.mysql.jdbc.exceptions.jdbc4.MySQLNonTransientConnectionException: Could not create connection to database server.
	at org.springframework.beans.factory.support.AbstractAutowireCapableBeanFactory.autowireByType(AbstractAutowireCapableBeanFactory.java:1436)
	at org.springframework.beans.factory.support.AbstractAutowireCapableBeanFactory.populateBean(AbstractAutowireCapableBeanFactory.java:1323)
	at org.springframework.beans.factory.support.AbstractAutowireCapableBeanFactory.doCreateBean(AbstractAutowireCapableBeanFactory.java:572)
	at org.springframework.beans.factory.support.AbstractAutowireCapableBeanFactory.createBean(AbstractAutowireCapableBeanFactory.java:495)
	at org.springframework.beans.factory.support.AbstractBeanFactory.lambda$doGetBean$0(AbstractBeanFactory.java:317)
	at org.springframework.beans.factory.support.DefaultSingletonBeanRegistry.getSingleton(DefaultSingletonBeanRegistry.java:222)
	at org.springframework.beans.factory.support.AbstractBeanFactory.doGetBean(AbstractBeanFactory.java:315)
	at org.springframework.beans.factory.support.AbstractBeanFactory.getBean(AbstractBeanFactory.java:199)
	at org.springframework.beans.factory.config.DependencyDescriptor.resolveCandidate(DependencyDescriptor.java:251)
	at org.springframework.beans.factory.support.DefaultListableBeanFactory.doResolveDependency(DefaultListableBeanFactory.java:1135)
	at org.springframework.beans.factory.support.DefaultListableBeanFactory.resolveDependency(DefaultListableBeanFactory.java:1062)
	at org.springframework.beans.factory.annotation.AutowiredAnnotationBeanPostProcessor$AutowiredFieldElement.inject(AutowiredAnnotationBeanPostProcessor.java:583)
	... 37 common frames omitted
Caused by: org.springframework.beans.factory.UnsatisfiedDependencyException: Error creating bean with name 'sqlSessionFactory' defined in class path resource [com/baomidou/mybatisplus/spring/boot/starter/MybatisPlusAutoConfiguration.class]: Unsatisfied dependency expressed through method 'sqlSessionFactory' parameter 0; nested exception is org.springframework.beans.factory.BeanCreationException: Error creating bean with name 'dataSource' defined in class path resource [com/alibaba/druid/spring/boot/autoconfigure/DruidDataSourceAutoConfigure.class]: Invocation of init method failed; nested exception is com.mysql.jdbc.exceptions.jdbc4.MySQLNonTransientConnectionException: Could not create connection to database server.
	at org.springframework.beans.factory.support.ConstructorResolver.createArgumentArray(ConstructorResolver.java:732)
	at org.springframework.beans.factory.support.ConstructorResolver.instantiateUsingFactoryMethod(ConstructorResolver.java:474)
	at org.springframework.beans.factory.support.AbstractAutowireCapableBeanFactory.instantiateUsingFactoryMethod(AbstractAutowireCapableBeanFactory.java:1247)
	at org.springframework.beans.factory.support.AbstractAutowireCapableBeanFactory.createBeanInstance(AbstractAutowireCapableBeanFactory.java:1096)
	at org.springframework.beans.factory.support.AbstractAutowireCapableBeanFactory.doCreateBean(AbstractAutowireCapableBeanFactory.java:535)
	at org.springframework.beans.factory.support.AbstractAutowireCapableBeanFactory.createBean(AbstractAutowireCapableBeanFactory.java:495)
	at org.springframework.beans.factory.support.AbstractBeanFactory.lambda$doGetBean$0(AbstractBeanFactory.java:317)
	at org.springframework.beans.factory.support.DefaultSingletonBeanRegistry.getSingleton(DefaultSingletonBeanRegistry.java:222)
	at org.springframework.beans.factory.support.AbstractBeanFactory.doGetBean(AbstractBeanFactory.java:315)
	at org.springframework.beans.factory.support.AbstractBeanFactory.getBean(AbstractBeanFactory.java:199)
	at org.springframework.beans.factory.config.DependencyDescriptor.resolveCandidate(DependencyDescriptor.java:251)
	at org.springframework.beans.factory.support.DefaultListableBeanFactory.doResolveDependency(DefaultListableBeanFactory.java:1135)
	at org.springframework.beans.factory.support.DefaultListableBeanFactory.resolveDependency(DefaultListableBeanFactory.java:1062)
	at org.springframework.beans.factory.support.AbstractAutowireCapableBeanFactory.autowireByType(AbstractAutowireCapableBeanFactory.java:1421)
	... 48 common frames omitted
Caused by: org.springframework.beans.factory.BeanCreationException: Error creating bean with name 'dataSource' defined in class path resource [com/alibaba/druid/spring/boot/autoconfigure/DruidDataSourceAutoConfigure.class]: Invocation of init method failed; nested exception is com.mysql.jdbc.exceptions.jdbc4.MySQLNonTransientConnectionException: Could not create connection to database server.
	at org.springframework.beans.factory.support.AbstractAutowireCapableBeanFactory.initializeBean(AbstractAutowireCapableBeanFactory.java:1699)
	at org.springframework.beans.factory.support.AbstractAutowireCapableBeanFactory.doCreateBean(AbstractAutowireCapableBeanFactory.java:573)
	at org.springframework.beans.factory.support.AbstractAutowireCapableBeanFactory.createBean(AbstractAutowireCapableBeanFactory.java:495)
	at org.springframework.beans.factory.support.AbstractBeanFactory.lambda$doGetBean$0(AbstractBeanFactory.java:317)
	at org.springframework.beans.factory.support.DefaultSingletonBeanRegistry.getSingleton(DefaultSingletonBeanRegistry.java:222)
	at org.springframework.beans.factory.support.AbstractBeanFactory.doGetBean(AbstractBeanFactory.java:315)
	at org.springframework.beans.factory.support.AbstractBeanFactory.getBean(AbstractBeanFactory.java:199)
	at org.springframework.beans.factory.config.DependencyDescriptor.resolveCandidate(DependencyDescriptor.java:251)
	at org.springframework.beans.factory.support.DefaultListableBeanFactory.doResolveDependency(DefaultListableBeanFactory.java:1135)
	at org.springframework.beans.factory.support.DefaultListableBeanFactory.resolveDependency(DefaultListableBeanFactory.java:1062)
	at org.springframework.beans.factory.support.ConstructorResolver.resolveAutowiredArgument(ConstructorResolver.java:818)
	at org.springframework.beans.factory.support.ConstructorResolver.createArgumentArray(ConstructorResolver.java:724)
	... 61 common frames omitted
Caused by: com.mysql.jdbc.exceptions.jdbc4.MySQLNonTransientConnectionException: Could not create connection to database server.
	at sun.reflect.NativeConstructorAccessorImpl.newInstance0(Native Method)
	at sun.reflect.NativeConstructorAccessorImpl.newInstance(NativeConstructorAccessorImpl.java:62)
	at sun.reflect.DelegatingConstructorAccessorImpl.newInstance(DelegatingConstructorAccessorImpl.java:45)
	at java.lang.reflect.Constructor.newInstance(Constructor.java:423)
	at com.mysql.jdbc.Util.handleNewInstance(Util.java:404)
	at com.mysql.jdbc.Util.getInstance(Util.java:387)
	at com.mysql.jdbc.SQLError.createSQLException(SQLError.java:917)
	at com.mysql.jdbc.SQLError.createSQLException(SQLError.java:896)
	at com.mysql.jdbc.SQLError.createSQLException(SQLError.java:885)
	at com.mysql.jdbc.SQLError.createSQLException(SQLError.java:860)
	at com.mysql.jdbc.ConnectionImpl.connectOneTryOnly(ConnectionImpl.java:2332)
	at com.mysql.jdbc.ConnectionImpl.createNewIO(ConnectionImpl.java:2085)
	at com.mysql.jdbc.ConnectionImpl.<init>(ConnectionImpl.java:795)
	at com.mysql.jdbc.JDBC4Connection.<init>(JDBC4Connection.java:44)
	at sun.reflect.NativeConstructorAccessorImpl.newInstance0(Native Method)
	at sun.reflect.NativeConstructorAccessorImpl.newInstance(NativeConstructorAccessorImpl.java:62)
	at sun.reflect.DelegatingConstructorAccessorImpl.newInstance(DelegatingConstructorAccessorImpl.java:45)
	at java.lang.reflect.Constructor.newInstance(Constructor.java:423)
	at com.mysql.jdbc.Util.handleNewInstance(Util.java:404)
	at com.mysql.jdbc.ConnectionImpl.getInstance(ConnectionImpl.java:400)
	at com.mysql.jdbc.NonRegisteringDriver.connect(NonRegisteringDriver.java:327)
	at com.alibaba.druid.filter.FilterChainImpl.connection_connect(FilterChainImpl.java:156)
	at com.alibaba.druid.filter.stat.StatFilter.connection_connect(StatFilter.java:218)
	at com.alibaba.druid.filter.FilterChainImpl.connection_connect(FilterChainImpl.java:150)
	at com.alibaba.druid.pool.DruidAbstractDataSource.createPhysicalConnection(DruidAbstractDataSource.java:1560)
	at com.alibaba.druid.pool.DruidAbstractDataSource.createPhysicalConnection(DruidAbstractDataSource.java:1623)
	at com.alibaba.druid.pool.DruidDataSource.init(DruidDataSource.java:861)
	at sun.reflect.NativeMethodAccessorImpl.invoke0(Native Method)
	at sun.reflect.NativeMethodAccessorImpl.invoke(NativeMethodAccessorImpl.java:62)
	at sun.reflect.DelegatingMethodAccessorImpl.invoke(DelegatingMethodAccessorImpl.java:43)
	at java.lang.reflect.Method.invoke(Method.java:498)
	at org.springframework.beans.factory.support.AbstractAutowireCapableBeanFactory.invokeCustomInitMethod(AbstractAutowireCapableBeanFactory.java:1824)
	at org.springframework.beans.factory.support.AbstractAutowireCapableBeanFactory.invokeInitMethods(AbstractAutowireCapableBeanFactory.java:1767)
	at org.springframework.beans.factory.support.AbstractAutowireCapableBeanFactory.initializeBean(AbstractAutowireCapableBeanFactory.java:1695)
	... 72 common frames omitted
Caused by: java.lang.NullPointerException: null
	at com.mysql.jdbc.ConnectionImpl.getServerCharset(ConnectionImpl.java:3005)
	at com.mysql.jdbc.MysqlIO.sendConnectionAttributes(MysqlIO.java:1916)
	at com.mysql.jdbc.MysqlIO.proceedHandshakeWithPluggableAuthentication(MysqlIO.java:1845)
	at com.mysql.jdbc.MysqlIO.doHandshake(MysqlIO.java:1215)
	at com.mysql.jdbc.ConnectionImpl.coreConnect(ConnectionImpl.java:2255)
	at com.mysql.jdbc.ConnectionImpl.connectOneTryOnly(ConnectionImpl.java:2286)
	... 95 common frames omitted
2026-03-17 22:05:08,585 [INFO] [restartedMain] com.zwk.movie_recommend.MovieRecommendApiApplication [StartupInfoLogger.java : 50] Starting MovieRecommendApiApplication on zwk with PID 13092 (D:\code\java\movie_recommend_system\movie-recommend-api\target\classes started by win10 in D:\code\java\movie_recommend_system)
2026-03-17 22:05:08,592 [DEBUG] [restartedMain] com.zwk.movie_recommend.MovieRecommendApiApplication [StartupInfoLogger.java : 53] Running with Spring Boot v2.0.5.RELEASE, Spring v5.0.9.RELEASE
2026-03-17 22:05:08,594 [INFO] [restartedMain] com.zwk.movie_recommend.MovieRecommendApiApplication [SpringApplication.java : 684] The following profiles are active: dev
2026-03-17 22:05:08,710 [INFO] [restartedMain] o.s.b.w.s.c.AnnotationConfigServletWebServerApplicationContext [AbstractApplicationContext.java : 590] Refreshing org.springframework.boot.web.servlet.context.AnnotationConfigServletWebServerApplicationContext@3bd09a6b: startup date [Tue Mar 17 22:05:08 CST 2026]; root of context hierarchy
2026-03-17 22:05:10,565 [INFO] [restartedMain] o.s.data.repository.config.RepositoryConfigurationDelegate [RepositoryConfigurationDelegate.java : 172] Multiple Spring Data modules found, entering strict repository configuration mode!
2026-03-17 22:05:12,064 [INFO] [restartedMain] o.s.c.s.PostProcessorRegistrationDelegate$BeanPostProcessorChecker [PostProcessorRegistrationDelegate.java : 326] Bean 'org.springframework.transaction.annotation.ProxyTransactionManagementConfiguration' of type [org.springframework.transaction.annotation.ProxyTransactionManagementConfiguration$$EnhancerBySpringCGLIB$$ac5a7c70] is not eligible for getting processed by all BeanPostProcessors (for example: not eligible for auto-proxying)
2026-03-17 22:05:13,812 [INFO] [restartedMain] org.springframework.boot.web.embedded.tomcat.TomcatWebServer [TomcatWebServer.java : 91] Tomcat initialized with port(s): 8010 (http)
2026-03-17 22:05:13,875 [INFO] [restartedMain] org.apache.catalina.core.StandardService [DirectJDKLog.java : 180] Starting service [Tomcat]
2026-03-17 22:05:13,876 [INFO] [restartedMain] org.apache.catalina.core.StandardEngine [DirectJDKLog.java : 180] Starting Servlet Engine: Apache Tomcat/8.5.34
2026-03-17 22:05:13,902 [INFO] [localhost-startStop-1] org.apache.catalina.core.AprLifecycleListener [DirectJDKLog.java : 180] The APR based Apache Tomcat Native library which allows optimal performance in production environments was not found on the java.library.path: [D:\code\jdk\bin;C:\WINDOWS\Sun\Java\bin;C:\WINDOWS\system32;C:\WINDOWS;C:\Python314\Scripts\;C:\Python314\;C:\ProgramData\Oracle\Java\javapath;C:\WINDOWS\system32;C:\WINDOWS;C:\WINDOWS\System32\Wbem;C:\WINDOWS\System32\WindowsPowerShell\v1.0\;C:\WINDOWS\System32\OpenSSH\;C:\Program Files\Docker\Docker\resources\bin;D:\code\apache-maven-3.5.3\bin;D:\code\Git\cmd;D:\code\skaffold\skaffold-windows-amd64.exe;D:\software\mysql5.8\bin;D:\software\NodeJS\;C:\ProgramData\chocolatey\bin;C:\Program Files\NVIDIA Corporation\NVIDIA App\NvDLISR;C:\Program Files (x86)\NVIDIA Corporation\PhysX\Common;C:\Users\win10\AppData\Local\Microsoft\WindowsApps;;C:\Program Files\JetBrains\IntelliJ IDEA 2025.3.3\bin;D:\code\GoLand 2023.2.1\bin;;D:\code\VSCode\bin;C:\Users\win10\AppData\Roaming\npm;.]
2026-03-17 22:05:14,470 [INFO] [localhost-startStop-1] org.apache.jasper.servlet.TldScanner [DirectJDKLog.java : 180] At least one JAR was scanned for TLDs yet contained no TLDs. Enable debug logging for this logger for a complete list of JARs that were scanned but no TLDs were found in them. Skipping unneeded JARs during scanning can improve startup time and JSP compilation time.
2026-03-17 22:05:14,477 [INFO] [localhost-startStop-1] o.a.c.c.C.[Tomcat].[localhost].[/movie-recommend-api] [DirectJDKLog.java : 180] Initializing Spring embedded WebApplicationContext
2026-03-17 22:05:14,479 [INFO] [localhost-startStop-1] org.springframework.web.context.ContextLoader [ServletWebServerApplicationContext.java : 285] Root WebApplicationContext: initialization completed in 5771 ms
2026-03-17 22:05:14,704 [INFO] [localhost-startStop-1] org.springframework.boot.web.servlet.ServletRegistrationBean [ServletRegistrationBean.java : 187] Servlet dispatcherServlet mapped to [/]
2026-03-17 22:05:14,708 [INFO] [localhost-startStop-1] org.springframework.boot.web.servlet.ServletRegistrationBean [ServletRegistrationBean.java : 187] Servlet statViewServlet mapped to [/druid/*]
2026-03-17 22:05:14,718 [INFO] [localhost-startStop-1] org.springframework.boot.web.servlet.FilterRegistrationBean [AbstractFilterRegistrationBean.java : 245] Mapping filter: 'characterEncodingFilter' to: [/*]
2026-03-17 22:05:14,719 [INFO] [localhost-startStop-1] org.springframework.boot.web.servlet.FilterRegistrationBean [AbstractFilterRegistrationBean.java : 245] Mapping filter: 'hiddenHttpMethodFilter' to: [/*]
2026-03-17 22:05:14,720 [INFO] [localhost-startStop-1] org.springframework.boot.web.servlet.FilterRegistrationBean [AbstractFilterRegistrationBean.java : 245] Mapping filter: 'httpPutFormContentFilter' to: [/*]
2026-03-17 22:05:14,720 [INFO] [localhost-startStop-1] org.springframework.boot.web.servlet.FilterRegistrationBean [AbstractFilterRegistrationBean.java : 245] Mapping filter: 'requestContextFilter' to: [/*]
2026-03-17 22:05:14,720 [INFO] [localhost-startStop-1] org.springframework.boot.web.servlet.FilterRegistrationBean [AbstractFilterRegistrationBean.java : 258] Mapping filter: 'webStatFilter' to urls: [/*]
2026-03-17 22:05:15,282 [INFO] [restartedMain] c.a.d.spring.boot.autoconfigure.DruidDataSourceAutoConfigure [DruidDataSourceAutoConfigure.java : 56] Init DruidDataSource
2026-03-17 22:05:17,375 [ERROR] [restartedMain] com.alibaba.druid.pool.DruidDataSource [DruidDataSource.java : 872] init datasource error, url: jdbc:mysql://127.0.0.1:3306/movie?useUnicode=true&characterEncoding=UTF-8
com.mysql.jdbc.exceptions.jdbc4.MySQLNonTransientConnectionException: Could not create connection to database server.
	at sun.reflect.NativeConstructorAccessorImpl.newInstance0(Native Method)
	at sun.reflect.NativeConstructorAccessorImpl.newInstance(NativeConstructorAccessorImpl.java:62)
	at sun.reflect.DelegatingConstructorAccessorImpl.newInstance(DelegatingConstructorAccessorImpl.java:45)
	at java.lang.reflect.Constructor.newInstance(Constructor.java:423)
	at com.mysql.jdbc.Util.handleNewInstance(Util.java:404)
	at com.mysql.jdbc.Util.getInstance(Util.java:387)
	at com.mysql.jdbc.SQLError.createSQLException(SQLError.java:917)
	at com.mysql.jdbc.SQLError.createSQLException(SQLError.java:896)
	at com.mysql.jdbc.SQLError.createSQLException(SQLError.java:885)
	at com.mysql.jdbc.SQLError.createSQLException(SQLError.java:860)
	at com.mysql.jdbc.ConnectionImpl.connectOneTryOnly(ConnectionImpl.java:2332)
	at com.mysql.jdbc.ConnectionImpl.createNewIO(ConnectionImpl.java:2085)
	at com.mysql.jdbc.ConnectionImpl.<init>(ConnectionImpl.java:795)
	at com.mysql.jdbc.JDBC4Connection.<init>(JDBC4Connection.java:44)
	at sun.reflect.NativeConstructorAccessorImpl.newInstance0(Native Method)
	at sun.reflect.NativeConstructorAccessorImpl.newInstance(NativeConstructorAccessorImpl.java:62)
	at sun.reflect.DelegatingConstructorAccessorImpl.newInstance(DelegatingConstructorAccessorImpl.java:45)
	at java.lang.reflect.Constructor.newInstance(Constructor.java:423)
	at com.mysql.jdbc.Util.handleNewInstance(Util.java:404)
	at com.mysql.jdbc.ConnectionImpl.getInstance(ConnectionImpl.java:400)
	at com.mysql.jdbc.NonRegisteringDriver.connect(NonRegisteringDriver.java:327)
	at com.alibaba.druid.filter.FilterChainImpl.connection_connect(FilterChainImpl.java:156)
	at com.alibaba.druid.filter.stat.StatFilter.connection_connect(StatFilter.java:218)
	at com.alibaba.druid.filter.FilterChainImpl.connection_connect(FilterChainImpl.java:150)
	at com.alibaba.druid.pool.DruidAbstractDataSource.createPhysicalConnection(DruidAbstractDataSource.java:1560)
	at com.alibaba.druid.pool.DruidAbstractDataSource.createPhysicalConnection(DruidAbstractDataSource.java:1623)
	at com.alibaba.druid.pool.DruidDataSource.init(DruidDataSource.java:861)
	at sun.reflect.NativeMethodAccessorImpl.invoke0(Native Method)
	at sun.reflect.NativeMethodAccessorImpl.invoke(NativeMethodAccessorImpl.java:62)
	at sun.reflect.DelegatingMethodAccessorImpl.invoke(DelegatingMethodAccessorImpl.java:43)
	at java.lang.reflect.Method.invoke(Method.java:498)
	at org.springframework.beans.factory.support.AbstractAutowireCapableBeanFactory.invokeCustomInitMethod(AbstractAutowireCapableBeanFactory.java:1824)
	at org.springframework.beans.factory.support.AbstractAutowireCapableBeanFactory.invokeInitMethods(AbstractAutowireCapableBeanFactory.java:1767)
	at org.springframework.beans.factory.support.AbstractAutowireCapableBeanFactory.initializeBean(AbstractAutowireCapableBeanFactory.java:1695)
	at org.springframework.beans.factory.support.AbstractAutowireCapableBeanFactory.doCreateBean(AbstractAutowireCapableBeanFactory.java:573)
	at org.springframework.beans.factory.support.AbstractAutowireCapableBeanFactory.createBean(AbstractAutowireCapableBeanFactory.java:495)
	at org.springframework.beans.factory.support.AbstractBeanFactory.lambda$doGetBean$0(AbstractBeanFactory.java:317)
	at org.springframework.beans.factory.support.DefaultSingletonBeanRegistry.getSingleton(DefaultSingletonBeanRegistry.java:222)
	at org.springframework.beans.factory.support.AbstractBeanFactory.doGetBean(AbstractBeanFactory.java:315)
	at org.springframework.beans.factory.support.AbstractBeanFactory.getBean(AbstractBeanFactory.java:199)
	at org.springframework.beans.factory.config.DependencyDescriptor.resolveCandidate(DependencyDescriptor.java:251)
	at org.springframework.beans.factory.support.DefaultListableBeanFactory.doResolveDependency(DefaultListableBeanFactory.java:1135)
	at org.springframework.beans.factory.support.DefaultListableBeanFactory.resolveDependency(DefaultListableBeanFactory.java:1062)
	at org.springframework.beans.factory.support.ConstructorResolver.resolveAutowiredArgument(ConstructorResolver.java:818)
	at org.springframework.beans.factory.support.ConstructorResolver.createArgumentArray(ConstructorResolver.java:724)
	at org.springframework.beans.factory.support.ConstructorResolver.instantiateUsingFactoryMethod(ConstructorResolver.java:474)
	at org.springframework.beans.factory.support.AbstractAutowireCapableBeanFactory.instantiateUsingFactoryMethod(AbstractAutowireCapableBeanFactory.java:1247)
	at org.springframework.beans.factory.support.AbstractAutowireCapableBeanFactory.createBeanInstance(AbstractAutowireCapableBeanFactory.java:1096)
	at org.springframework.beans.factory.support.AbstractAutowireCapableBeanFactory.doCreateBean(AbstractAutowireCapableBeanFactory.java:535)
	at org.springframework.beans.factory.support.AbstractAutowireCapableBeanFactory.createBean(AbstractAutowireCapableBeanFactory.java:495)
	at org.springframework.beans.factory.support.AbstractBeanFactory.lambda$doGetBean$0(AbstractBeanFactory.java:317)
	at org.springframework.beans.factory.support.DefaultSingletonBeanRegistry.getSingleton(DefaultSingletonBeanRegistry.java:222)
	at org.springframework.beans.factory.support.AbstractBeanFactory.doGetBean(AbstractBeanFactory.java:315)
	at org.springframework.beans.factory.support.AbstractBeanFactory.getBean(AbstractBeanFactory.java:199)
	at org.springframework.beans.factory.config.DependencyDescriptor.resolveCandidate(DependencyDescriptor.java:251)
	at org.springframework.beans.factory.support.DefaultListableBeanFactory.doResolveDependency(DefaultListableBeanFactory.java:1135)
	at org.springframework.beans.factory.support.DefaultListableBeanFactory.resolveDependency(DefaultListableBeanFactory.java:1062)
	at org.springframework.beans.factory.support.AbstractAutowireCapableBeanFactory.autowireByType(AbstractAutowireCapableBeanFactory.java:1421)
	at org.springframework.beans.factory.support.AbstractAutowireCapableBeanFactory.populateBean(AbstractAutowireCapableBeanFactory.java:1323)
	at org.springframework.beans.factory.support.AbstractAutowireCapableBeanFactory.doCreateBean(AbstractAutowireCapableBeanFactory.java:572)
	at org.springframework.beans.factory.support.AbstractAutowireCapableBeanFactory.createBean(AbstractAutowireCapableBeanFactory.java:495)
	at org.springframework.beans.factory.support.AbstractBeanFactory.lambda$doGetBean$0(AbstractBeanFactory.java:317)
	at org.springframework.beans.factory.support.DefaultSingletonBeanRegistry.getSingleton(DefaultSingletonBeanRegistry.java:222)
	at org.springframework.beans.factory.support.AbstractBeanFactory.doGetBean(AbstractBeanFactory.java:315)
	at org.springframework.beans.factory.support.AbstractBeanFactory.getBean(AbstractBeanFactory.java:199)
	at org.springframework.beans.factory.config.DependencyDescriptor.resolveCandidate(DependencyDescriptor.java:251)
	at org.springframework.beans.factory.support.DefaultListableBeanFactory.doResolveDependency(DefaultListableBeanFactory.java:1135)
	at org.springframework.beans.factory.support.DefaultListableBeanFactory.resolveDependency(DefaultListableBeanFactory.java:1062)
	at org.springframework.beans.factory.annotation.AutowiredAnnotationBeanPostProcessor$AutowiredFieldElement.inject(AutowiredAnnotationBeanPostProcessor.java:583)
	at org.springframework.beans.factory.annotation.InjectionMetadata.inject(InjectionMetadata.java:90)
	at org.springframework.beans.factory.annotation.AutowiredAnnotationBeanPostProcessor.postProcessPropertyValues(AutowiredAnnotationBeanPostProcessor.java:372)
	at org.springframework.beans.factory.support.AbstractAutowireCapableBeanFactory.populateBean(AbstractAutowireCapableBeanFactory.java:1341)
	at org.springframework.beans.factory.support.AbstractAutowireCapableBeanFactory.doCreateBean(AbstractAutowireCapableBeanFactory.java:572)
	at org.springframework.beans.factory.support.AbstractAutowireCapableBeanFactory.createBean(AbstractAutowireCapableBeanFactory.java:495)
	at org.springframework.beans.factory.support.AbstractBeanFactory.lambda$doGetBean$0(AbstractBeanFactory.java:317)
	at org.springframework.beans.factory.support.DefaultSingletonBeanRegistry.getSingleton(DefaultSingletonBeanRegistry.java:222)
	at org.springframework.beans.factory.support.AbstractBeanFactory.doGetBean(AbstractBeanFactory.java:315)
	at org.springframework.beans.factory.support.AbstractBeanFactory.getBean(AbstractBeanFactory.java:199)
	at org.springframework.beans.factory.config.DependencyDescriptor.resolveCandidate(DependencyDescriptor.java:251)
	at org.springframework.beans.factory.support.DefaultListableBeanFactory.doResolveDependency(DefaultListableBeanFactory.java:1135)
	at org.springframework.beans.factory.support.DefaultListableBeanFactory.resolveDependency(DefaultListableBeanFactory.java:1062)
	at org.springframework.beans.factory.annotation.AutowiredAnnotationBeanPostProcessor$AutowiredFieldElement.inject(AutowiredAnnotationBeanPostProcessor.java:583)
	at org.springframework.beans.factory.annotation.InjectionMetadata.inject(InjectionMetadata.java:90)
	at org.springframework.beans.factory.annotation.AutowiredAnnotationBeanPostProcessor.postProcessPropertyValues(AutowiredAnnotationBeanPostProcessor.java:372)
	at org.springframework.beans.factory.support.AbstractAutowireCapableBeanFactory.populateBean(AbstractAutowireCapableBeanFactory.java:1341)
	at org.springframework.beans.factory.support.AbstractAutowireCapableBeanFactory.doCreateBean(AbstractAutowireCapableBeanFactory.java:572)
	at org.springframework.beans.factory.support.AbstractAutowireCapableBeanFactory.createBean(AbstractAutowireCapableBeanFactory.java:495)
	at org.springframework.beans.factory.support.AbstractBeanFactory.lambda$doGetBean$0(AbstractBeanFactory.java:317)
	at org.springframework.beans.factory.support.DefaultSingletonBeanRegistry.getSingleton(DefaultSingletonBeanRegistry.java:222)
	at org.springframework.beans.factory.support.AbstractBeanFactory.doGetBean(AbstractBeanFactory.java:315)
	at org.springframework.beans.factory.support.AbstractBeanFactory.getBean(AbstractBeanFactory.java:199)
	at org.springframework.beans.factory.support.DefaultListableBeanFactory.preInstantiateSingletons(DefaultListableBeanFactory.java:759)
	at org.springframework.context.support.AbstractApplicationContext.finishBeanFactoryInitialization(AbstractApplicationContext.java:869)
	at org.springframework.context.support.AbstractApplicationContext.refresh(AbstractApplicationContext.java:550)
	at org.springframework.boot.web.servlet.context.ServletWebServerApplicationContext.refresh(ServletWebServerApplicationContext.java:140)
	at org.springframework.boot.SpringApplication.refresh(SpringApplication.java:780)
	at org.springframework.boot.SpringApplication.refreshContext(SpringApplication.java:412)
	at org.springframework.boot.SpringApplication.run(SpringApplication.java:333)
	at org.springframework.boot.SpringApplication.run(SpringApplication.java:1277)
	at org.springframework.boot.SpringApplication.run(SpringApplication.java:1265)
	at com.zwk.movie_recommend.MovieRecommendApiApplication.main(MovieRecommendApiApplication.java:29)
	at sun.reflect.NativeMethodAccessorImpl.invoke0(Native Method)
	at sun.reflect.NativeMethodAccessorImpl.invoke(NativeMethodAccessorImpl.java:62)
	at sun.reflect.DelegatingMethodAccessorImpl.invoke(DelegatingMethodAccessorImpl.java:43)
	at java.lang.reflect.Method.invoke(Method.java:498)
	at org.springframework.boot.devtools.restart.RestartLauncher.run(RestartLauncher.java:49)
Caused by: java.lang.NullPointerException: null
	at com.mysql.jdbc.ConnectionImpl.getServerCharset(ConnectionImpl.java:3005)
	at com.mysql.jdbc.MysqlIO.sendConnectionAttributes(MysqlIO.java:1916)
	at com.mysql.jdbc.MysqlIO.proceedHandshakeWithPluggableAuthentication(MysqlIO.java:1845)
	at com.mysql.jdbc.MysqlIO.doHandshake(MysqlIO.java:1215)
	at com.mysql.jdbc.ConnectionImpl.coreConnect(ConnectionImpl.java:2255)
	at com.mysql.jdbc.ConnectionImpl.connectOneTryOnly(ConnectionImpl.java:2286)
	... 95 common frames omitted
2026-03-17 22:05:17,385 [ERROR] [restartedMain] com.alibaba.druid.pool.DruidDataSource [DruidDataSource.java : 905] {dataSource-1} init error
com.mysql.jdbc.exceptions.jdbc4.MySQLNonTransientConnectionException: Could not create connection to database server.
	at sun.reflect.NativeConstructorAccessorImpl.newInstance0(Native Method)
	at sun.reflect.NativeConstructorAccessorImpl.newInstance(NativeConstructorAccessorImpl.java:62)
	at sun.reflect.DelegatingConstructorAccessorImpl.newInstance(DelegatingConstructorAccessorImpl.java:45)
	at java.lang.reflect.Constructor.newInstance(Constructor.java:423)
	at com.mysql.jdbc.Util.handleNewInstance(Util.java:404)
	at com.mysql.jdbc.Util.getInstance(Util.java:387)
	at com.mysql.jdbc.SQLError.createSQLException(SQLError.java:917)
	at com.mysql.jdbc.SQLError.createSQLException(SQLError.java:896)
	at com.mysql.jdbc.SQLError.createSQLException(SQLError.java:885)
	at com.mysql.jdbc.SQLError.createSQLException(SQLError.java:860)
	at com.mysql.jdbc.ConnectionImpl.connectOneTryOnly(ConnectionImpl.java:2332)
	at com.mysql.jdbc.ConnectionImpl.createNewIO(ConnectionImpl.java:2085)
	at com.mysql.jdbc.ConnectionImpl.<init>(ConnectionImpl.java:795)
	at com.mysql.jdbc.JDBC4Connection.<init>(JDBC4Connection.java:44)
	at sun.reflect.NativeConstructorAccessorImpl.newInstance0(Native Method)
	at sun.reflect.NativeConstructorAccessorImpl.newInstance(NativeConstructorAccessorImpl.java:62)
	at sun.reflect.DelegatingConstructorAccessorImpl.newInstance(DelegatingConstructorAccessorImpl.java:45)
	at java.lang.reflect.Constructor.newInstance(Constructor.java:423)
	at com.mysql.jdbc.Util.handleNewInstance(Util.java:404)
	at com.mysql.jdbc.ConnectionImpl.getInstance(ConnectionImpl.java:400)
	at com.mysql.jdbc.NonRegisteringDriver.connect(NonRegisteringDriver.java:327)
	at com.alibaba.druid.filter.FilterChainImpl.connection_connect(FilterChainImpl.java:156)
	at com.alibaba.druid.filter.stat.StatFilter.connection_connect(StatFilter.java:218)
	at com.alibaba.druid.filter.FilterChainImpl.connection_connect(FilterChainImpl.java:150)
	at com.alibaba.druid.pool.DruidAbstractDataSource.createPhysicalConnection(DruidAbstractDataSource.java:1560)
	at com.alibaba.druid.pool.DruidAbstractDataSource.createPhysicalConnection(DruidAbstractDataSource.java:1623)
	at com.alibaba.druid.pool.DruidDataSource.init(DruidDataSource.java:861)
	at sun.reflect.NativeMethodAccessorImpl.invoke0(Native Method)
	at sun.reflect.NativeMethodAccessorImpl.invoke(NativeMethodAccessorImpl.java:62)
	at sun.reflect.DelegatingMethodAccessorImpl.invoke(DelegatingMethodAccessorImpl.java:43)
	at java.lang.reflect.Method.invoke(Method.java:498)
	at org.springframework.beans.factory.support.AbstractAutowireCapableBeanFactory.invokeCustomInitMethod(AbstractAutowireCapableBeanFactory.java:1824)
	at org.springframework.beans.factory.support.AbstractAutowireCapableBeanFactory.invokeInitMethods(AbstractAutowireCapableBeanFactory.java:1767)
	at org.springframework.beans.factory.support.AbstractAutowireCapableBeanFactory.initializeBean(AbstractAutowireCapableBeanFactory.java:1695)
	at org.springframework.beans.factory.support.AbstractAutowireCapableBeanFactory.doCreateBean(AbstractAutowireCapableBeanFactory.java:573)
	at org.springframework.beans.factory.support.AbstractAutowireCapableBeanFactory.createBean(AbstractAutowireCapableBeanFactory.java:495)
	at org.springframework.beans.factory.support.AbstractBeanFactory.lambda$doGetBean$0(AbstractBeanFactory.java:317)
	at org.springframework.beans.factory.support.DefaultSingletonBeanRegistry.getSingleton(DefaultSingletonBeanRegistry.java:222)
	at org.springframework.beans.factory.support.AbstractBeanFactory.doGetBean(AbstractBeanFactory.java:315)
	at org.springframework.beans.factory.support.AbstractBeanFactory.getBean(AbstractBeanFactory.java:199)
	at org.springframework.beans.factory.config.DependencyDescriptor.resolveCandidate(DependencyDescriptor.java:251)
	at org.springframework.beans.factory.support.DefaultListableBeanFactory.doResolveDependency(DefaultListableBeanFactory.java:1135)
	at org.springframework.beans.factory.support.DefaultListableBeanFactory.resolveDependency(DefaultListableBeanFactory.java:1062)
	at org.springframework.beans.factory.support.ConstructorResolver.resolveAutowiredArgument(ConstructorResolver.java:818)
	at org.springframework.beans.factory.support.ConstructorResolver.createArgumentArray(ConstructorResolver.java:724)
	at org.springframework.beans.factory.support.ConstructorResolver.instantiateUsingFactoryMethod(ConstructorResolver.java:474)
	at org.springframework.beans.factory.support.AbstractAutowireCapableBeanFactory.instantiateUsingFactoryMethod(AbstractAutowireCapableBeanFactory.java:1247)
	at org.springframework.beans.factory.support.AbstractAutowireCapableBeanFactory.createBeanInstance(AbstractAutowireCapableBeanFactory.java:1096)
	at org.springframework.beans.factory.support.AbstractAutowireCapableBeanFactory.doCreateBean(AbstractAutowireCapableBeanFactory.java:535)
	at org.springframework.beans.factory.support.AbstractAutowireCapableBeanFactory.createBean(AbstractAutowireCapableBeanFactory.java:495)
	at org.springframework.beans.factory.support.AbstractBeanFactory.lambda$doGetBean$0(AbstractBeanFactory.java:317)
	at org.springframework.beans.factory.support.DefaultSingletonBeanRegistry.getSingleton(DefaultSingletonBeanRegistry.java:222)
	at org.springframework.beans.factory.support.AbstractBeanFactory.doGetBean(AbstractBeanFactory.java:315)
	at org.springframework.beans.factory.support.AbstractBeanFactory.getBean(AbstractBeanFactory.java:199)
	at org.springframework.beans.factory.config.DependencyDescriptor.resolveCandidate(DependencyDescriptor.java:251)
	at org.springframework.beans.factory.support.DefaultListableBeanFactory.doResolveDependency(DefaultListableBeanFactory.java:1135)
	at org.springframework.beans.factory.support.DefaultListableBeanFactory.resolveDependency(DefaultListableBeanFactory.java:1062)
	at org.springframework.beans.factory.support.AbstractAutowireCapableBeanFactory.autowireByType(AbstractAutowireCapableBeanFactory.java:1421)
	at org.springframework.beans.factory.support.AbstractAutowireCapableBeanFactory.populateBean(AbstractAutowireCapableBeanFactory.java:1323)
	at org.springframework.beans.factory.support.AbstractAutowireCapableBeanFactory.doCreateBean(AbstractAutowireCapableBeanFactory.java:572)
	at org.springframework.beans.factory.support.AbstractAutowireCapableBeanFactory.createBean(AbstractAutowireCapableBeanFactory.java:495)
	at org.springframework.beans.factory.support.AbstractBeanFactory.lambda$doGetBean$0(AbstractBeanFactory.java:317)
	at org.springframework.beans.factory.support.DefaultSingletonBeanRegistry.getSingleton(DefaultSingletonBeanRegistry.java:222)
	at org.springframework.beans.factory.support.AbstractBeanFactory.doGetBean(AbstractBeanFactory.java:315)
	at org.springframework.beans.factory.support.AbstractBeanFactory.getBean(AbstractBeanFactory.java:199)
	at org.springframework.beans.factory.config.DependencyDescriptor.resolveCandidate(DependencyDescriptor.java:251)
	at org.springframework.beans.factory.support.DefaultListableBeanFactory.doResolveDependency(DefaultListableBeanFactory.java:1135)
	at org.springframework.beans.factory.support.DefaultListableBeanFactory.resolveDependency(DefaultListableBeanFactory.java:1062)
	at org.springframework.beans.factory.annotation.AutowiredAnnotationBeanPostProcessor$AutowiredFieldElement.inject(AutowiredAnnotationBeanPostProcessor.java:583)
	at org.springframework.beans.factory.annotation.InjectionMetadata.inject(InjectionMetadata.java:90)
	at org.springframework.beans.factory.annotation.AutowiredAnnotationBeanPostProcessor.postProcessPropertyValues(AutowiredAnnotationBeanPostProcessor.java:372)
	at org.springframework.beans.factory.support.AbstractAutowireCapableBeanFactory.populateBean(AbstractAutowireCapableBeanFactory.java:1341)
	at org.springframework.beans.factory.support.AbstractAutowireCapableBeanFactory.doCreateBean(AbstractAutowireCapableBeanFactory.java:572)
	at org.springframework.beans.factory.support.AbstractAutowireCapableBeanFactory.createBean(AbstractAutowireCapableBeanFactory.java:495)
	at org.springframework.beans.factory.support.AbstractBeanFactory.lambda$doGetBean$0(AbstractBeanFactory.java:317)
	at org.springframework.beans.factory.support.DefaultSingletonBeanRegistry.getSingleton(DefaultSingletonBeanRegistry.java:222)
	at org.springframework.beans.factory.support.AbstractBeanFactory.doGetBean(AbstractBeanFactory.java:315)
	at org.springframework.beans.factory.support.AbstractBeanFactory.getBean(AbstractBeanFactory.java:199)
	at org.springframework.beans.factory.config.DependencyDescriptor.resolveCandidate(DependencyDescriptor.java:251)
	at org.springframework.beans.factory.support.DefaultListableBeanFactory.doResolveDependency(DefaultListableBeanFactory.java:1135)
	at org.springframework.beans.factory.support.DefaultListableBeanFactory.resolveDependency(DefaultListableBeanFactory.java:1062)
	at org.springframework.beans.factory.annotation.AutowiredAnnotationBeanPostProcessor$AutowiredFieldElement.inject(AutowiredAnnotationBeanPostProcessor.java:583)
	at org.springframework.beans.factory.annotation.InjectionMetadata.inject(InjectionMetadata.java:90)
	at org.springframework.beans.factory.annotation.AutowiredAnnotationBeanPostProcessor.postProcessPropertyValues(AutowiredAnnotationBeanPostProcessor.java:372)
	at org.springframework.beans.factory.support.AbstractAutowireCapableBeanFactory.populateBean(AbstractAutowireCapableBeanFactory.java:1341)
	at org.springframework.beans.factory.support.AbstractAutowireCapableBeanFactory.doCreateBean(AbstractAutowireCapableBeanFactory.java:572)
	at org.springframework.beans.factory.support.AbstractAutowireCapableBeanFactory.createBean(AbstractAutowireCapableBeanFactory.java:495)
	at org.springframework.beans.factory.support.AbstractBeanFactory.lambda$doGetBean$0(AbstractBeanFactory.java:317)
	at org.springframework.beans.factory.support.DefaultSingletonBeanRegistry.getSingleton(DefaultSingletonBeanRegistry.java:222)
	at org.springframework.beans.factory.support.AbstractBeanFactory.doGetBean(AbstractBeanFactory.java:315)
	at org.springframework.beans.factory.support.AbstractBeanFactory.getBean(AbstractBeanFactory.java:199)
	at org.springframework.beans.factory.support.DefaultListableBeanFactory.preInstantiateSingletons(DefaultListableBeanFactory.java:759)
	at org.springframework.context.support.AbstractApplicationContext.finishBeanFactoryInitialization(AbstractApplicationContext.java:869)
	at org.springframework.context.support.AbstractApplicationContext.refresh(AbstractApplicationContext.java:550)
	at org.springframework.boot.web.servlet.context.ServletWebServerApplicationContext.refresh(ServletWebServerApplicationContext.java:140)
	at org.springframework.boot.SpringApplication.refresh(SpringApplication.java:780)
	at org.springframework.boot.SpringApplication.refreshContext(SpringApplication.java:412)
	at org.springframework.boot.SpringApplication.run(SpringApplication.java:333)
	at org.springframework.boot.SpringApplication.run(SpringApplication.java:1277)
	at org.springframework.boot.SpringApplication.run(SpringApplication.java:1265)
	at com.zwk.movie_recommend.MovieRecommendApiApplication.main(MovieRecommendApiApplication.java:29)
	at sun.reflect.NativeMethodAccessorImpl.invoke0(Native Method)
	at sun.reflect.NativeMethodAccessorImpl.invoke(NativeMethodAccessorImpl.java:62)
	at sun.reflect.DelegatingMethodAccessorImpl.invoke(DelegatingMethodAccessorImpl.java:43)
	at java.lang.reflect.Method.invoke(Method.java:498)
	at org.springframework.boot.devtools.restart.RestartLauncher.run(RestartLauncher.java:49)
Caused by: java.lang.NullPointerException: null
	at com.mysql.jdbc.ConnectionImpl.getServerCharset(ConnectionImpl.java:3005)
	at com.mysql.jdbc.MysqlIO.sendConnectionAttributes(MysqlIO.java:1916)
	at com.mysql.jdbc.MysqlIO.proceedHandshakeWithPluggableAuthentication(MysqlIO.java:1845)
	at com.mysql.jdbc.MysqlIO.doHandshake(MysqlIO.java:1215)
	at com.mysql.jdbc.ConnectionImpl.coreConnect(ConnectionImpl.java:2255)
	at com.mysql.jdbc.ConnectionImpl.connectOneTryOnly(ConnectionImpl.java:2286)
	... 95 common frames omitted
2026-03-17 22:05:17,388 [INFO] [restartedMain] com.alibaba.druid.pool.DruidDataSource [DruidDataSource.java : 930] {dataSource-1} inited
2026-03-17 22:05:17,402 [WARN] [restartedMain] o.s.b.w.s.c.AnnotationConfigServletWebServerApplicationContext [AbstractApplicationContext.java : 558] Exception encountered during context initialization - cancelling refresh attempt: org.springframework.beans.factory.UnsatisfiedDependencyException: Error creating bean with name 'customerController': Unsatisfied dependency expressed through field 'userService'; nested exception is org.springframework.beans.factory.UnsatisfiedDependencyException: Error creating bean with name 'userService': Unsatisfied dependency expressed through field 'baseMapper'; nested exception is org.springframework.beans.factory.UnsatisfiedDependencyException: Error creating bean with name 'userDao' defined in file [D:\code\java\movie_recommend_system\movie-recommend-api\target\classes\com\zwk\movie_recommend\dao\UserDao.class]: Unsatisfied dependency expressed through bean property 'sqlSessionFactory'; nested exception is org.springframework.beans.factory.UnsatisfiedDependencyException: Error creating bean with name 'sqlSessionFactory' defined in class path resource [com/baomidou/mybatisplus/spring/boot/starter/MybatisPlusAutoConfiguration.class]: Unsatisfied dependency expressed through method 'sqlSessionFactory' parameter 0; nested exception is org.springframework.beans.factory.BeanCreationException: Error creating bean with name 'dataSource' defined in class path resource [com/alibaba/druid/spring/boot/autoconfigure/DruidDataSourceAutoConfigure.class]: Invocation of init method failed; nested exception is com.mysql.jdbc.exceptions.jdbc4.MySQLNonTransientConnectionException: Could not create connection to database server.
2026-03-17 22:05:17,416 [INFO] [restartedMain] org.apache.catalina.core.StandardService [DirectJDKLog.java : 180] Stopping service [Tomcat]
2026-03-17 22:05:17,427 [ERROR] [Druid-ConnectionPool-Create-871846101] com.alibaba.druid.pool.DruidDataSource [DruidDataSource.java : 2471] create connection SQLException, url: jdbc:mysql://127.0.0.1:3306/movie?useUnicode=true&characterEncoding=UTF-8, errorCode 0, state 08001
com.mysql.jdbc.exceptions.jdbc4.MySQLNonTransientConnectionException: Could not create connection to database server.
	at sun.reflect.NativeConstructorAccessorImpl.newInstance0(Native Method)
	at sun.reflect.NativeConstructorAccessorImpl.newInstance(NativeConstructorAccessorImpl.java:62)
	at sun.reflect.DelegatingConstructorAccessorImpl.newInstance(DelegatingConstructorAccessorImpl.java:45)
	at java.lang.reflect.Constructor.newInstance(Constructor.java:423)
	at com.mysql.jdbc.Util.handleNewInstance(Util.java:404)
	at com.mysql.jdbc.Util.getInstance(Util.java:387)
	at com.mysql.jdbc.SQLError.createSQLException(SQLError.java:917)
	at com.mysql.jdbc.SQLError.createSQLException(SQLError.java:896)
	at com.mysql.jdbc.SQLError.createSQLException(SQLError.java:885)
	at com.mysql.jdbc.SQLError.createSQLException(SQLError.java:860)
	at com.mysql.jdbc.ConnectionImpl.connectOneTryOnly(ConnectionImpl.java:2332)
	at com.mysql.jdbc.ConnectionImpl.createNewIO(ConnectionImpl.java:2085)
	at com.mysql.jdbc.ConnectionImpl.<init>(ConnectionImpl.java:795)
	at com.mysql.jdbc.JDBC4Connection.<init>(JDBC4Connection.java:44)
	at sun.reflect.NativeConstructorAccessorImpl.newInstance0(Native Method)
	at sun.reflect.NativeConstructorAccessorImpl.newInstance(NativeConstructorAccessorImpl.java:62)
	at sun.reflect.DelegatingConstructorAccessorImpl.newInstance(DelegatingConstructorAccessorImpl.java:45)
	at java.lang.reflect.Constructor.newInstance(Constructor.java:423)
	at com.mysql.jdbc.Util.handleNewInstance(Util.java:404)
	at com.mysql.jdbc.ConnectionImpl.getInstance(ConnectionImpl.java:400)
	at com.mysql.jdbc.NonRegisteringDriver.connect(NonRegisteringDriver.java:327)
	at com.alibaba.druid.filter.FilterChainImpl.connection_connect(FilterChainImpl.java:156)
	at com.alibaba.druid.filter.stat.StatFilter.connection_connect(StatFilter.java:218)
	at com.alibaba.druid.filter.FilterChainImpl.connection_connect(FilterChainImpl.java:150)
	at com.alibaba.druid.pool.DruidAbstractDataSource.createPhysicalConnection(DruidAbstractDataSource.java:1560)
	at com.alibaba.druid.pool.DruidAbstractDataSource.createPhysicalConnection(DruidAbstractDataSource.java:1623)
	at com.alibaba.druid.pool.DruidDataSource$CreateConnectionThread.run(DruidDataSource.java:2468)
Caused by: java.lang.NullPointerException: null
	at com.mysql.jdbc.ConnectionImpl.getServerCharset(ConnectionImpl.java:3005)
	at com.mysql.jdbc.MysqlIO.sendConnectionAttributes(MysqlIO.java:1916)
	at com.mysql.jdbc.MysqlIO.proceedHandshakeWithPluggableAuthentication(MysqlIO.java:1845)
	at com.mysql.jdbc.MysqlIO.doHandshake(MysqlIO.java:1215)
	at com.mysql.jdbc.ConnectionImpl.coreConnect(ConnectionImpl.java:2255)
	at com.mysql.jdbc.ConnectionImpl.connectOneTryOnly(ConnectionImpl.java:2286)
	... 16 common frames omitted
2026-03-17 22:05:17,463 [ERROR] [Druid-ConnectionPool-Create-871846101] com.alibaba.druid.pool.DruidDataSource [DruidDataSource.java : 2471] create connection SQLException, url: jdbc:mysql://127.0.0.1:3306/movie?useUnicode=true&characterEncoding=UTF-8, errorCode 0, state 08001
com.mysql.jdbc.exceptions.jdbc4.MySQLNonTransientConnectionException: Could not create connection to database server.
	at sun.reflect.NativeConstructorAccessorImpl.newInstance0(Native Method)
	at sun.reflect.NativeConstructorAccessorImpl.newInstance(NativeConstructorAccessorImpl.java:62)
	at sun.reflect.DelegatingConstructorAccessorImpl.newInstance(DelegatingConstructorAccessorImpl.java:45)
	at java.lang.reflect.Constructor.newInstance(Constructor.java:423)
	at com.mysql.jdbc.Util.handleNewInstance(Util.java:404)
	at com.mysql.jdbc.Util.getInstance(Util.java:387)
	at com.mysql.jdbc.SQLError.createSQLException(SQLError.java:917)
	at com.mysql.jdbc.SQLError.createSQLException(SQLError.java:896)
	at com.mysql.jdbc.SQLError.createSQLException(SQLError.java:885)
	at com.mysql.jdbc.SQLError.createSQLException(SQLError.java:860)
	at com.mysql.jdbc.ConnectionImpl.connectOneTryOnly(ConnectionImpl.java:2332)
	at com.mysql.jdbc.ConnectionImpl.createNewIO(ConnectionImpl.java:2085)
	at com.mysql.jdbc.ConnectionImpl.<init>(ConnectionImpl.java:795)
	at com.mysql.jdbc.JDBC4Connection.<init>(JDBC4Connection.java:44)
	at sun.reflect.NativeConstructorAccessorImpl.newInstance0(Native Method)
	at sun.reflect.NativeConstructorAccessorImpl.newInstance(NativeConstructorAccessorImpl.java:62)
	at sun.reflect.DelegatingConstructorAccessorImpl.newInstance(DelegatingConstructorAccessorImpl.java:45)
	at java.lang.reflect.Constructor.newInstance(Constructor.java:423)
	at com.mysql.jdbc.Util.handleNewInstance(Util.java:404)
	at com.mysql.jdbc.ConnectionImpl.getInstance(ConnectionImpl.java:400)
	at com.mysql.jdbc.NonRegisteringDriver.connect(NonRegisteringDriver.java:327)
	at com.alibaba.druid.filter.FilterChainImpl.connection_connect(FilterChainImpl.java:156)
	at com.alibaba.druid.filter.stat.StatFilter.connection_connect(StatFilter.java:218)
	at com.alibaba.druid.filter.FilterChainImpl.connection_connect(FilterChainImpl.java:150)
	at com.alibaba.druid.pool.DruidAbstractDataSource.createPhysicalConnection(DruidAbstractDataSource.java:1560)
	at com.alibaba.druid.pool.DruidAbstractDataSource.createPhysicalConnection(DruidAbstractDataSource.java:1623)
	at com.alibaba.druid.pool.DruidDataSource$CreateConnectionThread.run(DruidDataSource.java:2468)
Caused by: java.lang.NullPointerException: null
	at com.mysql.jdbc.ConnectionImpl.getServerCharset(ConnectionImpl.java:3005)
	at com.mysql.jdbc.MysqlIO.sendConnectionAttributes(MysqlIO.java:1916)
	at com.mysql.jdbc.MysqlIO.proceedHandshakeWithPluggableAuthentication(MysqlIO.java:1845)
	at com.mysql.jdbc.MysqlIO.doHandshake(MysqlIO.java:1215)
	at com.mysql.jdbc.ConnectionImpl.coreConnect(ConnectionImpl.java:2255)
	at com.mysql.jdbc.ConnectionImpl.connectOneTryOnly(ConnectionImpl.java:2286)
	... 16 common frames omitted
2026-03-17 22:05:17,472 [INFO] [restartedMain] o.s.b.a.logging.ConditionEvaluationReportLoggingListener [ConditionEvaluationReportLoggingListener.java : 101] 

Error starting ApplicationContext. To display the conditions report re-run your application with 'debug' enabled.
2026-03-17 22:05:17,496 [ERROR] [restartedMain] org.springframework.boot.SpringApplication [SpringApplication.java : 863] Application run failed
org.springframework.beans.factory.UnsatisfiedDependencyException: Error creating bean with name 'customerController': Unsatisfied dependency expressed through field 'userService'; nested exception is org.springframework.beans.factory.UnsatisfiedDependencyException: Error creating bean with name 'userService': Unsatisfied dependency expressed through field 'baseMapper'; nested exception is org.springframework.beans.factory.UnsatisfiedDependencyException: Error creating bean with name 'userDao' defined in file [D:\code\java\movie_recommend_system\movie-recommend-api\target\classes\com\zwk\movie_recommend\dao\UserDao.class]: Unsatisfied dependency expressed through bean property 'sqlSessionFactory'; nested exception is org.springframework.beans.factory.UnsatisfiedDependencyException: Error creating bean with name 'sqlSessionFactory' defined in class path resource [com/baomidou/mybatisplus/spring/boot/starter/MybatisPlusAutoConfiguration.class]: Unsatisfied dependency expressed through method 'sqlSessionFactory' parameter 0; nested exception is org.springframework.beans.factory.BeanCreationException: Error creating bean with name 'dataSource' defined in class path resource [com/alibaba/druid/spring/boot/autoconfigure/DruidDataSourceAutoConfigure.class]: Invocation of init method failed; nested exception is com.mysql.jdbc.exceptions.jdbc4.MySQLNonTransientConnectionException: Could not create connection to database server.
	at org.springframework.beans.factory.annotation.AutowiredAnnotationBeanPostProcessor$AutowiredFieldElement.inject(AutowiredAnnotationBeanPostProcessor.java:586)
	at org.springframework.beans.factory.annotation.InjectionMetadata.inject(InjectionMetadata.java:90)
	at org.springframework.beans.factory.annotation.AutowiredAnnotationBeanPostProcessor.postProcessPropertyValues(AutowiredAnnotationBeanPostProcessor.java:372)
	at org.springframework.beans.factory.support.AbstractAutowireCapableBeanFactory.populateBean(AbstractAutowireCapableBeanFactory.java:1341)
	at org.springframework.beans.factory.support.AbstractAutowireCapableBeanFactory.doCreateBean(AbstractAutowireCapableBeanFactory.java:572)
	at org.springframework.beans.factory.support.AbstractAutowireCapableBeanFactory.createBean(AbstractAutowireCapableBeanFactory.java:495)
	at org.springframework.beans.factory.support.AbstractBeanFactory.lambda$doGetBean$0(AbstractBeanFactory.java:317)
	at org.springframework.beans.factory.support.DefaultSingletonBeanRegistry.getSingleton(DefaultSingletonBeanRegistry.java:222)
	at org.springframework.beans.factory.support.AbstractBeanFactory.doGetBean(AbstractBeanFactory.java:315)
	at org.springframework.beans.factory.support.AbstractBeanFactory.getBean(AbstractBeanFactory.java:199)
	at org.springframework.beans.factory.support.DefaultListableBeanFactory.preInstantiateSingletons(DefaultListableBeanFactory.java:759)
	at org.springframework.context.support.AbstractApplicationContext.finishBeanFactoryInitialization(AbstractApplicationContext.java:869)
	at org.springframework.context.support.AbstractApplicationContext.refresh(AbstractApplicationContext.java:550)
	at org.springframework.boot.web.servlet.context.ServletWebServerApplicationContext.refresh(ServletWebServerApplicationContext.java:140)
	at org.springframework.boot.SpringApplication.refresh(SpringApplication.java:780)
	at org.springframework.boot.SpringApplication.refreshContext(SpringApplication.java:412)
	at org.springframework.boot.SpringApplication.run(SpringApplication.java:333)
	at org.springframework.boot.SpringApplication.run(SpringApplication.java:1277)
	at org.springframework.boot.SpringApplication.run(SpringApplication.java:1265)
	at com.zwk.movie_recommend.MovieRecommendApiApplication.main(MovieRecommendApiApplication.java:29)
	at sun.reflect.NativeMethodAccessorImpl.invoke0(Native Method)
	at sun.reflect.NativeMethodAccessorImpl.invoke(NativeMethodAccessorImpl.java:62)
	at sun.reflect.DelegatingMethodAccessorImpl.invoke(DelegatingMethodAccessorImpl.java:43)
	at java.lang.reflect.Method.invoke(Method.java:498)
	at org.springframework.boot.devtools.restart.RestartLauncher.run(RestartLauncher.java:49)
Caused by: org.springframework.beans.factory.UnsatisfiedDependencyException: Error creating bean with name 'userService': Unsatisfied dependency expressed through field 'baseMapper'; nested exception is org.springframework.beans.factory.UnsatisfiedDependencyException: Error creating bean with name 'userDao' defined in file [D:\code\java\movie_recommend_system\movie-recommend-api\target\classes\com\zwk\movie_recommend\dao\UserDao.class]: Unsatisfied dependency expressed through bean property 'sqlSessionFactory'; nested exception is org.springframework.beans.factory.UnsatisfiedDependencyException: Error creating bean with name 'sqlSessionFactory' defined in class path resource [com/baomidou/mybatisplus/spring/boot/starter/MybatisPlusAutoConfiguration.class]: Unsatisfied dependency expressed through method 'sqlSessionFactory' parameter 0; nested exception is org.springframework.beans.factory.BeanCreationException: Error creating bean with name 'dataSource' defined in class path resource [com/alibaba/druid/spring/boot/autoconfigure/DruidDataSourceAutoConfigure.class]: Invocation of init method failed; nested exception is com.mysql.jdbc.exceptions.jdbc4.MySQLNonTransientConnectionException: Could not create connection to database server.
	at org.springframework.beans.factory.annotation.AutowiredAnnotationBeanPostProcessor$AutowiredFieldElement.inject(AutowiredAnnotationBeanPostProcessor.java:586)
	at org.springframework.beans.factory.annotation.InjectionMetadata.inject(InjectionMetadata.java:90)
	at org.springframework.beans.factory.annotation.AutowiredAnnotationBeanPostProcessor.postProcessPropertyValues(AutowiredAnnotationBeanPostProcessor.java:372)
	at org.springframework.beans.factory.support.AbstractAutowireCapableBeanFactory.populateBean(AbstractAutowireCapableBeanFactory.java:1341)
	at org.springframework.beans.factory.support.AbstractAutowireCapableBeanFactory.doCreateBean(AbstractAutowireCapableBeanFactory.java:572)
	at org.springframework.beans.factory.support.AbstractAutowireCapableBeanFactory.createBean(AbstractAutowireCapableBeanFactory.java:495)
	at org.springframework.beans.factory.support.AbstractBeanFactory.lambda$doGetBean$0(AbstractBeanFactory.java:317)
	at org.springframework.beans.factory.support.DefaultSingletonBeanRegistry.getSingleton(DefaultSingletonBeanRegistry.java:222)
	at org.springframework.beans.factory.support.AbstractBeanFactory.doGetBean(AbstractBeanFactory.java:315)
	at org.springframework.beans.factory.support.AbstractBeanFactory.getBean(AbstractBeanFactory.java:199)
	at org.springframework.beans.factory.config.DependencyDescriptor.resolveCandidate(DependencyDescriptor.java:251)
	at org.springframework.beans.factory.support.DefaultListableBeanFactory.doResolveDependency(DefaultListableBeanFactory.java:1135)
	at org.springframework.beans.factory.support.DefaultListableBeanFactory.resolveDependency(DefaultListableBeanFactory.java:1062)
	at org.springframework.beans.factory.annotation.AutowiredAnnotationBeanPostProcessor$AutowiredFieldElement.inject(AutowiredAnnotationBeanPostProcessor.java:583)
	... 24 common frames omitted
Caused by: org.springframework.beans.factory.UnsatisfiedDependencyException: Error creating bean with name 'userDao' defined in file [D:\code\java\movie_recommend_system\movie-recommend-api\target\classes\com\zwk\movie_recommend\dao\UserDao.class]: Unsatisfied dependency expressed through bean property 'sqlSessionFactory'; nested exception is org.springframework.beans.factory.UnsatisfiedDependencyException: Error creating bean with name 'sqlSessionFactory' defined in class path resource [com/baomidou/mybatisplus/spring/boot/starter/MybatisPlusAutoConfiguration.class]: Unsatisfied dependency expressed through method 'sqlSessionFactory' parameter 0; nested exception is org.springframework.beans.factory.BeanCreationException: Error creating bean with name 'dataSource' defined in class path resource [com/alibaba/druid/spring/boot/autoconfigure/DruidDataSourceAutoConfigure.class]: Invocation of init method failed; nested exception is com.mysql.jdbc.exceptions.jdbc4.MySQLNonTransientConnectionException: Could not create connection to database server.
	at org.springframework.beans.factory.support.AbstractAutowireCapableBeanFactory.autowireByType(AbstractAutowireCapableBeanFactory.java:1436)
	at org.springframework.beans.factory.support.AbstractAutowireCapableBeanFactory.populateBean(AbstractAutowireCapableBeanFactory.java:1323)
	at org.springframework.beans.factory.support.AbstractAutowireCapableBeanFactory.doCreateBean(AbstractAutowireCapableBeanFactory.java:572)
	at org.springframework.beans.factory.support.AbstractAutowireCapableBeanFactory.createBean(AbstractAutowireCapableBeanFactory.java:495)
	at org.springframework.beans.factory.support.AbstractBeanFactory.lambda$doGetBean$0(AbstractBeanFactory.java:317)
	at org.springframework.beans.factory.support.DefaultSingletonBeanRegistry.getSingleton(DefaultSingletonBeanRegistry.java:222)
	at org.springframework.beans.factory.support.AbstractBeanFactory.doGetBean(AbstractBeanFactory.java:315)
	at org.springframework.beans.factory.support.AbstractBeanFactory.getBean(AbstractBeanFactory.java:199)
	at org.springframework.beans.factory.config.DependencyDescriptor.resolveCandidate(DependencyDescriptor.java:251)
	at org.springframework.beans.factory.support.DefaultListableBeanFactory.doResolveDependency(DefaultListableBeanFactory.java:1135)
	at org.springframework.beans.factory.support.DefaultListableBeanFactory.resolveDependency(DefaultListableBeanFactory.java:1062)
	at org.springframework.beans.factory.annotation.AutowiredAnnotationBeanPostProcessor$AutowiredFieldElement.inject(AutowiredAnnotationBeanPostProcessor.java:583)
	... 37 common frames omitted
Caused by: org.springframework.beans.factory.UnsatisfiedDependencyException: Error creating bean with name 'sqlSessionFactory' defined in class path resource [com/baomidou/mybatisplus/spring/boot/starter/MybatisPlusAutoConfiguration.class]: Unsatisfied dependency expressed through method 'sqlSessionFactory' parameter 0; nested exception is org.springframework.beans.factory.BeanCreationException: Error creating bean with name 'dataSource' defined in class path resource [com/alibaba/druid/spring/boot/autoconfigure/DruidDataSourceAutoConfigure.class]: Invocation of init method failed; nested exception is com.mysql.jdbc.exceptions.jdbc4.MySQLNonTransientConnectionException: Could not create connection to database server.
	at org.springframework.beans.factory.support.ConstructorResolver.createArgumentArray(ConstructorResolver.java:732)
	at org.springframework.beans.factory.support.ConstructorResolver.instantiateUsingFactoryMethod(ConstructorResolver.java:474)
	at org.springframework.beans.factory.support.AbstractAutowireCapableBeanFactory.instantiateUsingFactoryMethod(AbstractAutowireCapableBeanFactory.java:1247)
	at org.springframework.beans.factory.support.AbstractAutowireCapableBeanFactory.createBeanInstance(AbstractAutowireCapableBeanFactory.java:1096)
	at org.springframework.beans.factory.support.AbstractAutowireCapableBeanFactory.doCreateBean(AbstractAutowireCapableBeanFactory.java:535)
	at org.springframework.beans.factory.support.AbstractAutowireCapableBeanFactory.createBean(AbstractAutowireCapableBeanFactory.java:495)
	at org.springframework.beans.factory.support.AbstractBeanFactory.lambda$doGetBean$0(AbstractBeanFactory.java:317)
	at org.springframework.beans.factory.support.DefaultSingletonBeanRegistry.getSingleton(DefaultSingletonBeanRegistry.java:222)
	at org.springframework.beans.factory.support.AbstractBeanFactory.doGetBean(AbstractBeanFactory.java:315)
	at org.springframework.beans.factory.support.AbstractBeanFactory.getBean(AbstractBeanFactory.java:199)
	at org.springframework.beans.factory.config.DependencyDescriptor.resolveCandidate(DependencyDescriptor.java:251)
	at org.springframework.beans.factory.support.DefaultListableBeanFactory.doResolveDependency(DefaultListableBeanFactory.java:1135)
	at org.springframework.beans.factory.support.DefaultListableBeanFactory.resolveDependency(DefaultListableBeanFactory.java:1062)
	at org.springframework.beans.factory.support.AbstractAutowireCapableBeanFactory.autowireByType(AbstractAutowireCapableBeanFactory.java:1421)
	... 48 common frames omitted
Caused by: org.springframework.beans.factory.BeanCreationException: Error creating bean with name 'dataSource' defined in class path resource [com/alibaba/druid/spring/boot/autoconfigure/DruidDataSourceAutoConfigure.class]: Invocation of init method failed; nested exception is com.mysql.jdbc.exceptions.jdbc4.MySQLNonTransientConnectionException: Could not create connection to database server.
	at org.springframework.beans.factory.support.AbstractAutowireCapableBeanFactory.initializeBean(AbstractAutowireCapableBeanFactory.java:1699)
	at org.springframework.beans.factory.support.AbstractAutowireCapableBeanFactory.doCreateBean(AbstractAutowireCapableBeanFactory.java:573)
	at org.springframework.beans.factory.support.AbstractAutowireCapableBeanFactory.createBean(AbstractAutowireCapableBeanFactory.java:495)
	at org.springframework.beans.factory.support.AbstractBeanFactory.lambda$doGetBean$0(AbstractBeanFactory.java:317)
	at org.springframework.beans.factory.support.DefaultSingletonBeanRegistry.getSingleton(DefaultSingletonBeanRegistry.java:222)
	at org.springframework.beans.factory.support.AbstractBeanFactory.doGetBean(AbstractBeanFactory.java:315)
	at org.springframework.beans.factory.support.AbstractBeanFactory.getBean(AbstractBeanFactory.java:199)
	at org.springframework.beans.factory.config.DependencyDescriptor.resolveCandidate(DependencyDescriptor.java:251)
	at org.springframework.beans.factory.support.DefaultListableBeanFactory.doResolveDependency(DefaultListableBeanFactory.java:1135)
	at org.springframework.beans.factory.support.DefaultListableBeanFactory.resolveDependency(DefaultListableBeanFactory.java:1062)
	at org.springframework.beans.factory.support.ConstructorResolver.resolveAutowiredArgument(ConstructorResolver.java:818)
	at org.springframework.beans.factory.support.ConstructorResolver.createArgumentArray(ConstructorResolver.java:724)
	... 61 common frames omitted
Caused by: com.mysql.jdbc.exceptions.jdbc4.MySQLNonTransientConnectionException: Could not create connection to database server.
	at sun.reflect.NativeConstructorAccessorImpl.newInstance0(Native Method)
	at sun.reflect.NativeConstructorAccessorImpl.newInstance(NativeConstructorAccessorImpl.java:62)
	at sun.reflect.DelegatingConstructorAccessorImpl.newInstance(DelegatingConstructorAccessorImpl.java:45)
	at java.lang.reflect.Constructor.newInstance(Constructor.java:423)
	at com.mysql.jdbc.Util.handleNewInstance(Util.java:404)
	at com.mysql.jdbc.Util.getInstance(Util.java:387)
	at com.mysql.jdbc.SQLError.createSQLException(SQLError.java:917)
	at com.mysql.jdbc.SQLError.createSQLException(SQLError.java:896)
	at com.mysql.jdbc.SQLError.createSQLException(SQLError.java:885)
	at com.mysql.jdbc.SQLError.createSQLException(SQLError.java:860)
	at com.mysql.jdbc.ConnectionImpl.connectOneTryOnly(ConnectionImpl.java:2332)
	at com.mysql.jdbc.ConnectionImpl.createNewIO(ConnectionImpl.java:2085)
	at com.mysql.jdbc.ConnectionImpl.<init>(ConnectionImpl.java:795)
	at com.mysql.jdbc.JDBC4Connection.<init>(JDBC4Connection.java:44)
	at sun.reflect.NativeConstructorAccessorImpl.newInstance0(Native Method)
	at sun.reflect.NativeConstructorAccessorImpl.newInstance(NativeConstructorAccessorImpl.java:62)
	at sun.reflect.DelegatingConstructorAccessorImpl.newInstance(DelegatingConstructorAccessorImpl.java:45)
	at java.lang.reflect.Constructor.newInstance(Constructor.java:423)
	at com.mysql.jdbc.Util.handleNewInstance(Util.java:404)
	at com.mysql.jdbc.ConnectionImpl.getInstance(ConnectionImpl.java:400)
	at com.mysql.jdbc.NonRegisteringDriver.connect(NonRegisteringDriver.java:327)
	at com.alibaba.druid.filter.FilterChainImpl.connection_connect(FilterChainImpl.java:156)
	at com.alibaba.druid.filter.stat.StatFilter.connection_connect(StatFilter.java:218)
	at com.alibaba.druid.filter.FilterChainImpl.connection_connect(FilterChainImpl.java:150)
	at com.alibaba.druid.pool.DruidAbstractDataSource.createPhysicalConnection(DruidAbstractDataSource.java:1560)
	at com.alibaba.druid.pool.DruidAbstractDataSource.createPhysicalConnection(DruidAbstractDataSource.java:1623)
	at com.alibaba.druid.pool.DruidDataSource.init(DruidDataSource.java:861)
	at sun.reflect.NativeMethodAccessorImpl.invoke0(Native Method)
	at sun.reflect.NativeMethodAccessorImpl.invoke(NativeMethodAccessorImpl.java:62)
	at sun.reflect.DelegatingMethodAccessorImpl.invoke(DelegatingMethodAccessorImpl.java:43)
	at java.lang.reflect.Method.invoke(Method.java:498)
	at org.springframework.beans.factory.support.AbstractAutowireCapableBeanFactory.invokeCustomInitMethod(AbstractAutowireCapableBeanFactory.java:1824)
	at org.springframework.beans.factory.support.AbstractAutowireCapableBeanFactory.invokeInitMethods(AbstractAutowireCapableBeanFactory.java:1767)
	at org.springframework.beans.factory.support.AbstractAutowireCapableBeanFactory.initializeBean(AbstractAutowireCapableBeanFactory.java:1695)
	... 72 common frames omitted
Caused by: java.lang.NullPointerException: null
	at com.mysql.jdbc.ConnectionImpl.getServerCharset(ConnectionImpl.java:3005)
	at com.mysql.jdbc.MysqlIO.sendConnectionAttributes(MysqlIO.java:1916)
	at com.mysql.jdbc.MysqlIO.proceedHandshakeWithPluggableAuthentication(MysqlIO.java:1845)
	at com.mysql.jdbc.MysqlIO.doHandshake(MysqlIO.java:1215)
	at com.mysql.jdbc.ConnectionImpl.coreConnect(ConnectionImpl.java:2255)
	at com.mysql.jdbc.ConnectionImpl.connectOneTryOnly(ConnectionImpl.java:2286)
	... 95 common frames omitted
2026-03-17 22:15:17,794 [INFO] [restartedMain] com.zwk.movie_recommend.MovieRecommendApiApplication [StartupInfoLogger.java : 50] Starting MovieRecommendApiApplication on zwk with PID 13912 (D:\code\java\movie_recommend_system\movie-recommend-api\target\classes started by win10 in D:\code\java\movie_recommend_system)
2026-03-17 22:15:17,806 [DEBUG] [restartedMain] com.zwk.movie_recommend.MovieRecommendApiApplication [StartupInfoLogger.java : 53] Running with Spring Boot v2.0.5.RELEASE, Spring v5.0.9.RELEASE
2026-03-17 22:15:17,810 [INFO] [restartedMain] com.zwk.movie_recommend.MovieRecommendApiApplication [SpringApplication.java : 684] The following profiles are active: dev
2026-03-17 22:15:17,960 [INFO] [restartedMain] o.s.b.w.s.c.AnnotationConfigServletWebServerApplicationContext [AbstractApplicationContext.java : 590] Refreshing org.springframework.boot.web.servlet.context.AnnotationConfigServletWebServerApplicationContext@44e53f66: startup date [Tue Mar 17 22:15:17 CST 2026]; root of context hierarchy
2026-03-17 22:15:19,683 [INFO] [restartedMain] o.s.data.repository.config.RepositoryConfigurationDelegate [RepositoryConfigurationDelegate.java : 172] Multiple Spring Data modules found, entering strict repository configuration mode!
2026-03-17 22:15:20,485 [INFO] [restartedMain] o.s.c.s.PostProcessorRegistrationDelegate$BeanPostProcessorChecker [PostProcessorRegistrationDelegate.java : 326] Bean 'org.springframework.transaction.annotation.ProxyTransactionManagementConfiguration' of type [org.springframework.transaction.annotation.ProxyTransactionManagementConfiguration$$EnhancerBySpringCGLIB$$73cda714] is not eligible for getting processed by all BeanPostProcessors (for example: not eligible for auto-proxying)
2026-03-17 22:15:21,457 [INFO] [restartedMain] org.springframework.boot.web.embedded.tomcat.TomcatWebServer [TomcatWebServer.java : 91] Tomcat initialized with port(s): 8010 (http)
2026-03-17 22:15:21,498 [INFO] [restartedMain] org.apache.catalina.core.StandardService [DirectJDKLog.java : 180] Starting service [Tomcat]
2026-03-17 22:15:21,500 [INFO] [restartedMain] org.apache.catalina.core.StandardEngine [DirectJDKLog.java : 180] Starting Servlet Engine: Apache Tomcat/8.5.34
2026-03-17 22:15:21,520 [INFO] [localhost-startStop-1] org.apache.catalina.core.AprLifecycleListener [DirectJDKLog.java : 180] The APR based Apache Tomcat Native library which allows optimal performance in production environments was not found on the java.library.path: [D:\code\jdk\bin;C:\WINDOWS\Sun\Java\bin;C:\WINDOWS\system32;C:\WINDOWS;C:\Python314\Scripts\;C:\Python314\;C:\ProgramData\Oracle\Java\javapath;C:\WINDOWS\system32;C:\WINDOWS;C:\WINDOWS\System32\Wbem;C:\WINDOWS\System32\WindowsPowerShell\v1.0\;C:\WINDOWS\System32\OpenSSH\;C:\Program Files\Docker\Docker\resources\bin;D:\code\apache-maven-3.5.3\bin;D:\code\Git\cmd;D:\code\skaffold\skaffold-windows-amd64.exe;D:\software\mysql5.8\bin;D:\software\NodeJS\;C:\ProgramData\chocolatey\bin;C:\Program Files\NVIDIA Corporation\NVIDIA App\NvDLISR;C:\Program Files (x86)\NVIDIA Corporation\PhysX\Common;C:\Users\win10\AppData\Local\Microsoft\WindowsApps;;C:\Program Files\JetBrains\IntelliJ IDEA 2025.3.3\bin;D:\code\GoLand 2023.2.1\bin;;D:\code\VSCode\bin;C:\Users\win10\AppData\Roaming\npm;.]
2026-03-17 22:15:21,853 [INFO] [localhost-startStop-1] org.apache.jasper.servlet.TldScanner [DirectJDKLog.java : 180] At least one JAR was scanned for TLDs yet contained no TLDs. Enable debug logging for this logger for a complete list of JARs that were scanned but no TLDs were found in them. Skipping unneeded JARs during scanning can improve startup time and JSP compilation time.
2026-03-17 22:15:21,860 [INFO] [localhost-startStop-1] o.a.c.c.C.[Tomcat].[localhost].[/movie-recommend-api] [DirectJDKLog.java : 180] Initializing Spring embedded WebApplicationContext
2026-03-17 22:15:21,860 [INFO] [localhost-startStop-1] org.springframework.web.context.ContextLoader [ServletWebServerApplicationContext.java : 285] Root WebApplicationContext: initialization completed in 3900 ms
2026-03-17 22:15:22,025 [INFO] [localhost-startStop-1] org.springframework.boot.web.servlet.ServletRegistrationBean [ServletRegistrationBean.java : 187] Servlet dispatcherServlet mapped to [/]
2026-03-17 22:15:22,029 [INFO] [localhost-startStop-1] org.springframework.boot.web.servlet.ServletRegistrationBean [ServletRegistrationBean.java : 187] Servlet statViewServlet mapped to [/druid/*]
2026-03-17 22:15:22,035 [INFO] [localhost-startStop-1] org.springframework.boot.web.servlet.FilterRegistrationBean [AbstractFilterRegistrationBean.java : 245] Mapping filter: 'characterEncodingFilter' to: [/*]
2026-03-17 22:15:22,036 [INFO] [localhost-startStop-1] org.springframework.boot.web.servlet.FilterRegistrationBean [AbstractFilterRegistrationBean.java : 245] Mapping filter: 'hiddenHttpMethodFilter' to: [/*]
2026-03-17 22:15:22,036 [INFO] [localhost-startStop-1] org.springframework.boot.web.servlet.FilterRegistrationBean [AbstractFilterRegistrationBean.java : 245] Mapping filter: 'httpPutFormContentFilter' to: [/*]
2026-03-17 22:15:22,037 [INFO] [localhost-startStop-1] org.springframework.boot.web.servlet.FilterRegistrationBean [AbstractFilterRegistrationBean.java : 245] Mapping filter: 'requestContextFilter' to: [/*]
2026-03-17 22:15:22,037 [INFO] [localhost-startStop-1] org.springframework.boot.web.servlet.FilterRegistrationBean [AbstractFilterRegistrationBean.java : 258] Mapping filter: 'webStatFilter' to urls: [/*]
2026-03-17 22:15:22,461 [INFO] [restartedMain] c.a.d.spring.boot.autoconfigure.DruidDataSourceAutoConfigure [DruidDataSourceAutoConfigure.java : 56] Init DruidDataSource
2026-03-17 22:15:23,903 [ERROR] [restartedMain] com.alibaba.druid.pool.DruidDataSource [DruidDataSource.java : 872] init datasource error, url: jdbc:mysql://127.0.0.1:3306/movie?useUnicode=true&characterEncoding=UTF-8
com.mysql.jdbc.exceptions.jdbc4.MySQLNonTransientConnectionException: Could not create connection to database server.
	at sun.reflect.NativeConstructorAccessorImpl.newInstance0(Native Method)
	at sun.reflect.NativeConstructorAccessorImpl.newInstance(NativeConstructorAccessorImpl.java:62)
	at sun.reflect.DelegatingConstructorAccessorImpl.newInstance(DelegatingConstructorAccessorImpl.java:45)
	at java.lang.reflect.Constructor.newInstance(Constructor.java:423)
	at com.mysql.jdbc.Util.handleNewInstance(Util.java:404)
	at com.mysql.jdbc.Util.getInstance(Util.java:387)
	at com.mysql.jdbc.SQLError.createSQLException(SQLError.java:917)
	at com.mysql.jdbc.SQLError.createSQLException(SQLError.java:896)
	at com.mysql.jdbc.SQLError.createSQLException(SQLError.java:885)
	at com.mysql.jdbc.SQLError.createSQLException(SQLError.java:860)
	at com.mysql.jdbc.ConnectionImpl.connectOneTryOnly(ConnectionImpl.java:2332)
	at com.mysql.jdbc.ConnectionImpl.createNewIO(ConnectionImpl.java:2085)
	at com.mysql.jdbc.ConnectionImpl.<init>(ConnectionImpl.java:795)
	at com.mysql.jdbc.JDBC4Connection.<init>(JDBC4Connection.java:44)
	at sun.reflect.NativeConstructorAccessorImpl.newInstance0(Native Method)
	at sun.reflect.NativeConstructorAccessorImpl.newInstance(NativeConstructorAccessorImpl.java:62)
	at sun.reflect.DelegatingConstructorAccessorImpl.newInstance(DelegatingConstructorAccessorImpl.java:45)
	at java.lang.reflect.Constructor.newInstance(Constructor.java:423)
	at com.mysql.jdbc.Util.handleNewInstance(Util.java:404)
	at com.mysql.jdbc.ConnectionImpl.getInstance(ConnectionImpl.java:400)
	at com.mysql.jdbc.NonRegisteringDriver.connect(NonRegisteringDriver.java:327)
	at com.alibaba.druid.filter.FilterChainImpl.connection_connect(FilterChainImpl.java:156)
	at com.alibaba.druid.filter.stat.StatFilter.connection_connect(StatFilter.java:218)
	at com.alibaba.druid.filter.FilterChainImpl.connection_connect(FilterChainImpl.java:150)
	at com.alibaba.druid.pool.DruidAbstractDataSource.createPhysicalConnection(DruidAbstractDataSource.java:1560)
	at com.alibaba.druid.pool.DruidAbstractDataSource.createPhysicalConnection(DruidAbstractDataSource.java:1623)
	at com.alibaba.druid.pool.DruidDataSource.init(DruidDataSource.java:861)
	at sun.reflect.NativeMethodAccessorImpl.invoke0(Native Method)
	at sun.reflect.NativeMethodAccessorImpl.invoke(NativeMethodAccessorImpl.java:62)
	at sun.reflect.DelegatingMethodAccessorImpl.invoke(DelegatingMethodAccessorImpl.java:43)
	at java.lang.reflect.Method.invoke(Method.java:498)
	at org.springframework.beans.factory.support.AbstractAutowireCapableBeanFactory.invokeCustomInitMethod(AbstractAutowireCapableBeanFactory.java:1824)
	at org.springframework.beans.factory.support.AbstractAutowireCapableBeanFactory.invokeInitMethods(AbstractAutowireCapableBeanFactory.java:1767)
	at org.springframework.beans.factory.support.AbstractAutowireCapableBeanFactory.initializeBean(AbstractAutowireCapableBeanFactory.java:1695)
	at org.springframework.beans.factory.support.AbstractAutowireCapableBeanFactory.doCreateBean(AbstractAutowireCapableBeanFactory.java:573)
	at org.springframework.beans.factory.support.AbstractAutowireCapableBeanFactory.createBean(AbstractAutowireCapableBeanFactory.java:495)
	at org.springframework.beans.factory.support.AbstractBeanFactory.lambda$doGetBean$0(AbstractBeanFactory.java:317)
	at org.springframework.beans.factory.support.DefaultSingletonBeanRegistry.getSingleton(DefaultSingletonBeanRegistry.java:222)
	at org.springframework.beans.factory.support.AbstractBeanFactory.doGetBean(AbstractBeanFactory.java:315)
	at org.springframework.beans.factory.support.AbstractBeanFactory.getBean(AbstractBeanFactory.java:199)
	at org.springframework.beans.factory.config.DependencyDescriptor.resolveCandidate(DependencyDescriptor.java:251)
	at org.springframework.beans.factory.support.DefaultListableBeanFactory.doResolveDependency(DefaultListableBeanFactory.java:1135)
	at org.springframework.beans.factory.support.DefaultListableBeanFactory.resolveDependency(DefaultListableBeanFactory.java:1062)
	at org.springframework.beans.factory.support.ConstructorResolver.resolveAutowiredArgument(ConstructorResolver.java:818)
	at org.springframework.beans.factory.support.ConstructorResolver.createArgumentArray(ConstructorResolver.java:724)
	at org.springframework.beans.factory.support.ConstructorResolver.instantiateUsingFactoryMethod(ConstructorResolver.java:474)
	at org.springframework.beans.factory.support.AbstractAutowireCapableBeanFactory.instantiateUsingFactoryMethod(AbstractAutowireCapableBeanFactory.java:1247)
	at org.springframework.beans.factory.support.AbstractAutowireCapableBeanFactory.createBeanInstance(AbstractAutowireCapableBeanFactory.java:1096)
	at org.springframework.beans.factory.support.AbstractAutowireCapableBeanFactory.doCreateBean(AbstractAutowireCapableBeanFactory.java:535)
	at org.springframework.beans.factory.support.AbstractAutowireCapableBeanFactory.createBean(AbstractAutowireCapableBeanFactory.java:495)
	at org.springframework.beans.factory.support.AbstractBeanFactory.lambda$doGetBean$0(AbstractBeanFactory.java:317)
	at org.springframework.beans.factory.support.DefaultSingletonBeanRegistry.getSingleton(DefaultSingletonBeanRegistry.java:222)
	at org.springframework.beans.factory.support.AbstractBeanFactory.doGetBean(AbstractBeanFactory.java:315)
	at org.springframework.beans.factory.support.AbstractBeanFactory.getBean(AbstractBeanFactory.java:199)
	at org.springframework.beans.factory.config.DependencyDescriptor.resolveCandidate(DependencyDescriptor.java:251)
	at org.springframework.beans.factory.support.DefaultListableBeanFactory.doResolveDependency(DefaultListableBeanFactory.java:1135)
	at org.springframework.beans.factory.support.DefaultListableBeanFactory.resolveDependency(DefaultListableBeanFactory.java:1062)
	at org.springframework.beans.factory.support.AbstractAutowireCapableBeanFactory.autowireByType(AbstractAutowireCapableBeanFactory.java:1421)
	at org.springframework.beans.factory.support.AbstractAutowireCapableBeanFactory.populateBean(AbstractAutowireCapableBeanFactory.java:1323)
	at org.springframework.beans.factory.support.AbstractAutowireCapableBeanFactory.doCreateBean(AbstractAutowireCapableBeanFactory.java:572)
	at org.springframework.beans.factory.support.AbstractAutowireCapableBeanFactory.createBean(AbstractAutowireCapableBeanFactory.java:495)
	at org.springframework.beans.factory.support.AbstractBeanFactory.lambda$doGetBean$0(AbstractBeanFactory.java:317)
	at org.springframework.beans.factory.support.DefaultSingletonBeanRegistry.getSingleton(DefaultSingletonBeanRegistry.java:222)
	at org.springframework.beans.factory.support.AbstractBeanFactory.doGetBean(AbstractBeanFactory.java:315)
	at org.springframework.beans.factory.support.AbstractBeanFactory.getBean(AbstractBeanFactory.java:199)
	at org.springframework.beans.factory.config.DependencyDescriptor.resolveCandidate(DependencyDescriptor.java:251)
	at org.springframework.beans.factory.support.DefaultListableBeanFactory.doResolveDependency(DefaultListableBeanFactory.java:1135)
	at org.springframework.beans.factory.support.DefaultListableBeanFactory.resolveDependency(DefaultListableBeanFactory.java:1062)
	at org.springframework.beans.factory.annotation.AutowiredAnnotationBeanPostProcessor$AutowiredFieldElement.inject(AutowiredAnnotationBeanPostProcessor.java:583)
	at org.springframework.beans.factory.annotation.InjectionMetadata.inject(InjectionMetadata.java:90)
	at org.springframework.beans.factory.annotation.AutowiredAnnotationBeanPostProcessor.postProcessPropertyValues(AutowiredAnnotationBeanPostProcessor.java:372)
	at org.springframework.beans.factory.support.AbstractAutowireCapableBeanFactory.populateBean(AbstractAutowireCapableBeanFactory.java:1341)
	at org.springframework.beans.factory.support.AbstractAutowireCapableBeanFactory.doCreateBean(AbstractAutowireCapableBeanFactory.java:572)
	at org.springframework.beans.factory.support.AbstractAutowireCapableBeanFactory.createBean(AbstractAutowireCapableBeanFactory.java:495)
	at org.springframework.beans.factory.support.AbstractBeanFactory.lambda$doGetBean$0(AbstractBeanFactory.java:317)
	at org.springframework.beans.factory.support.DefaultSingletonBeanRegistry.getSingleton(DefaultSingletonBeanRegistry.java:222)
	at org.springframework.beans.factory.support.AbstractBeanFactory.doGetBean(AbstractBeanFactory.java:315)
	at org.springframework.beans.factory.support.AbstractBeanFactory.getBean(AbstractBeanFactory.java:199)
	at org.springframework.beans.factory.config.DependencyDescriptor.resolveCandidate(DependencyDescriptor.java:251)
	at org.springframework.beans.factory.support.DefaultListableBeanFactory.doResolveDependency(DefaultListableBeanFactory.java:1135)
	at org.springframework.beans.factory.support.DefaultListableBeanFactory.resolveDependency(DefaultListableBeanFactory.java:1062)
	at org.springframework.beans.factory.annotation.AutowiredAnnotationBeanPostProcessor$AutowiredFieldElement.inject(AutowiredAnnotationBeanPostProcessor.java:583)
	at org.springframework.beans.factory.annotation.InjectionMetadata.inject(InjectionMetadata.java:90)
	at org.springframework.beans.factory.annotation.AutowiredAnnotationBeanPostProcessor.postProcessPropertyValues(AutowiredAnnotationBeanPostProcessor.java:372)
	at org.springframework.beans.factory.support.AbstractAutowireCapableBeanFactory.populateBean(AbstractAutowireCapableBeanFactory.java:1341)
	at org.springframework.beans.factory.support.AbstractAutowireCapableBeanFactory.doCreateBean(AbstractAutowireCapableBeanFactory.java:572)
	at org.springframework.beans.factory.support.AbstractAutowireCapableBeanFactory.createBean(AbstractAutowireCapableBeanFactory.java:495)
	at org.springframework.beans.factory.support.AbstractBeanFactory.lambda$doGetBean$0(AbstractBeanFactory.java:317)
	at org.springframework.beans.factory.support.DefaultSingletonBeanRegistry.getSingleton(DefaultSingletonBeanRegistry.java:222)
	at org.springframework.beans.factory.support.AbstractBeanFactory.doGetBean(AbstractBeanFactory.java:315)
	at org.springframework.beans.factory.support.AbstractBeanFactory.getBean(AbstractBeanFactory.java:199)
	at org.springframework.beans.factory.support.DefaultListableBeanFactory.preInstantiateSingletons(DefaultListableBeanFactory.java:759)
	at org.springframework.context.support.AbstractApplicationContext.finishBeanFactoryInitialization(AbstractApplicationContext.java:869)
	at org.springframework.context.support.AbstractApplicationContext.refresh(AbstractApplicationContext.java:550)
	at org.springframework.boot.web.servlet.context.ServletWebServerApplicationContext.refresh(ServletWebServerApplicationContext.java:140)
	at org.springframework.boot.SpringApplication.refresh(SpringApplication.java:780)
	at org.springframework.boot.SpringApplication.refreshContext(SpringApplication.java:412)
	at org.springframework.boot.SpringApplication.run(SpringApplication.java:333)
	at org.springframework.boot.SpringApplication.run(SpringApplication.java:1277)
	at org.springframework.boot.SpringApplication.run(SpringApplication.java:1265)
	at com.zwk.movie_recommend.MovieRecommendApiApplication.main(MovieRecommendApiApplication.java:29)
	at sun.reflect.NativeMethodAccessorImpl.invoke0(Native Method)
	at sun.reflect.NativeMethodAccessorImpl.invoke(NativeMethodAccessorImpl.java:62)
	at sun.reflect.DelegatingMethodAccessorImpl.invoke(DelegatingMethodAccessorImpl.java:43)
	at java.lang.reflect.Method.invoke(Method.java:498)
	at org.springframework.boot.devtools.restart.RestartLauncher.run(RestartLauncher.java:49)
Caused by: java.lang.NullPointerException: null
	at com.mysql.jdbc.ConnectionImpl.getServerCharset(ConnectionImpl.java:3005)
	at com.mysql.jdbc.MysqlIO.sendConnectionAttributes(MysqlIO.java:1916)
	at com.mysql.jdbc.MysqlIO.proceedHandshakeWithPluggableAuthentication(MysqlIO.java:1845)
	at com.mysql.jdbc.MysqlIO.doHandshake(MysqlIO.java:1215)
	at com.mysql.jdbc.ConnectionImpl.coreConnect(ConnectionImpl.java:2255)
	at com.mysql.jdbc.ConnectionImpl.connectOneTryOnly(ConnectionImpl.java:2286)
	... 95 common frames omitted
2026-03-17 22:15:23,910 [ERROR] [restartedMain] com.alibaba.druid.pool.DruidDataSource [DruidDataSource.java : 905] {dataSource-1} init error
com.mysql.jdbc.exceptions.jdbc4.MySQLNonTransientConnectionException: Could not create connection to database server.
	at sun.reflect.NativeConstructorAccessorImpl.newInstance0(Native Method)
	at sun.reflect.NativeConstructorAccessorImpl.newInstance(NativeConstructorAccessorImpl.java:62)
	at sun.reflect.DelegatingConstructorAccessorImpl.newInstance(DelegatingConstructorAccessorImpl.java:45)
	at java.lang.reflect.Constructor.newInstance(Constructor.java:423)
	at com.mysql.jdbc.Util.handleNewInstance(Util.java:404)
	at com.mysql.jdbc.Util.getInstance(Util.java:387)
	at com.mysql.jdbc.SQLError.createSQLException(SQLError.java:917)
	at com.mysql.jdbc.SQLError.createSQLException(SQLError.java:896)
	at com.mysql.jdbc.SQLError.createSQLException(SQLError.java:885)
	at com.mysql.jdbc.SQLError.createSQLException(SQLError.java:860)
	at com.mysql.jdbc.ConnectionImpl.connectOneTryOnly(ConnectionImpl.java:2332)
	at com.mysql.jdbc.ConnectionImpl.createNewIO(ConnectionImpl.java:2085)
	at com.mysql.jdbc.ConnectionImpl.<init>(ConnectionImpl.java:795)
	at com.mysql.jdbc.JDBC4Connection.<init>(JDBC4Connection.java:44)
	at sun.reflect.NativeConstructorAccessorImpl.newInstance0(Native Method)
	at sun.reflect.NativeConstructorAccessorImpl.newInstance(NativeConstructorAccessorImpl.java:62)
	at sun.reflect.DelegatingConstructorAccessorImpl.newInstance(DelegatingConstructorAccessorImpl.java:45)
	at java.lang.reflect.Constructor.newInstance(Constructor.java:423)
	at com.mysql.jdbc.Util.handleNewInstance(Util.java:404)
	at com.mysql.jdbc.ConnectionImpl.getInstance(ConnectionImpl.java:400)
	at com.mysql.jdbc.NonRegisteringDriver.connect(NonRegisteringDriver.java:327)
	at com.alibaba.druid.filter.FilterChainImpl.connection_connect(FilterChainImpl.java:156)
	at com.alibaba.druid.filter.stat.StatFilter.connection_connect(StatFilter.java:218)
	at com.alibaba.druid.filter.FilterChainImpl.connection_connect(FilterChainImpl.java:150)
	at com.alibaba.druid.pool.DruidAbstractDataSource.createPhysicalConnection(DruidAbstractDataSource.java:1560)
	at com.alibaba.druid.pool.DruidAbstractDataSource.createPhysicalConnection(DruidAbstractDataSource.java:1623)
	at com.alibaba.druid.pool.DruidDataSource.init(DruidDataSource.java:861)
	at sun.reflect.NativeMethodAccessorImpl.invoke0(Native Method)
	at sun.reflect.NativeMethodAccessorImpl.invoke(NativeMethodAccessorImpl.java:62)
	at sun.reflect.DelegatingMethodAccessorImpl.invoke(DelegatingMethodAccessorImpl.java:43)
	at java.lang.reflect.Method.invoke(Method.java:498)
	at org.springframework.beans.factory.support.AbstractAutowireCapableBeanFactory.invokeCustomInitMethod(AbstractAutowireCapableBeanFactory.java:1824)
	at org.springframework.beans.factory.support.AbstractAutowireCapableBeanFactory.invokeInitMethods(AbstractAutowireCapableBeanFactory.java:1767)
	at org.springframework.beans.factory.support.AbstractAutowireCapableBeanFactory.initializeBean(AbstractAutowireCapableBeanFactory.java:1695)
	at org.springframework.beans.factory.support.AbstractAutowireCapableBeanFactory.doCreateBean(AbstractAutowireCapableBeanFactory.java:573)
	at org.springframework.beans.factory.support.AbstractAutowireCapableBeanFactory.createBean(AbstractAutowireCapableBeanFactory.java:495)
	at org.springframework.beans.factory.support.AbstractBeanFactory.lambda$doGetBean$0(AbstractBeanFactory.java:317)
	at org.springframework.beans.factory.support.DefaultSingletonBeanRegistry.getSingleton(DefaultSingletonBeanRegistry.java:222)
	at org.springframework.beans.factory.support.AbstractBeanFactory.doGetBean(AbstractBeanFactory.java:315)
	at org.springframework.beans.factory.support.AbstractBeanFactory.getBean(AbstractBeanFactory.java:199)
	at org.springframework.beans.factory.config.DependencyDescriptor.resolveCandidate(DependencyDescriptor.java:251)
	at org.springframework.beans.factory.support.DefaultListableBeanFactory.doResolveDependency(DefaultListableBeanFactory.java:1135)
	at org.springframework.beans.factory.support.DefaultListableBeanFactory.resolveDependency(DefaultListableBeanFactory.java:1062)
	at org.springframework.beans.factory.support.ConstructorResolver.resolveAutowiredArgument(ConstructorResolver.java:818)
	at org.springframework.beans.factory.support.ConstructorResolver.createArgumentArray(ConstructorResolver.java:724)
	at org.springframework.beans.factory.support.ConstructorResolver.instantiateUsingFactoryMethod(ConstructorResolver.java:474)
	at org.springframework.beans.factory.support.AbstractAutowireCapableBeanFactory.instantiateUsingFactoryMethod(AbstractAutowireCapableBeanFactory.java:1247)
	at org.springframework.beans.factory.support.AbstractAutowireCapableBeanFactory.createBeanInstance(AbstractAutowireCapableBeanFactory.java:1096)
	at org.springframework.beans.factory.support.AbstractAutowireCapableBeanFactory.doCreateBean(AbstractAutowireCapableBeanFactory.java:535)
	at org.springframework.beans.factory.support.AbstractAutowireCapableBeanFactory.createBean(AbstractAutowireCapableBeanFactory.java:495)
	at org.springframework.beans.factory.support.AbstractBeanFactory.lambda$doGetBean$0(AbstractBeanFactory.java:317)
	at org.springframework.beans.factory.support.DefaultSingletonBeanRegistry.getSingleton(DefaultSingletonBeanRegistry.java:222)
	at org.springframework.beans.factory.support.AbstractBeanFactory.doGetBean(AbstractBeanFactory.java:315)
	at org.springframework.beans.factory.support.AbstractBeanFactory.getBean(AbstractBeanFactory.java:199)
	at org.springframework.beans.factory.config.DependencyDescriptor.resolveCandidate(DependencyDescriptor.java:251)
	at org.springframework.beans.factory.support.DefaultListableBeanFactory.doResolveDependency(DefaultListableBeanFactory.java:1135)
	at org.springframework.beans.factory.support.DefaultListableBeanFactory.resolveDependency(DefaultListableBeanFactory.java:1062)
	at org.springframework.beans.factory.support.AbstractAutowireCapableBeanFactory.autowireByType(AbstractAutowireCapableBeanFactory.java:1421)
	at org.springframework.beans.factory.support.AbstractAutowireCapableBeanFactory.populateBean(AbstractAutowireCapableBeanFactory.java:1323)
	at org.springframework.beans.factory.support.AbstractAutowireCapableBeanFactory.doCreateBean(AbstractAutowireCapableBeanFactory.java:572)
	at org.springframework.beans.factory.support.AbstractAutowireCapableBeanFactory.createBean(AbstractAutowireCapableBeanFactory.java:495)
	at org.springframework.beans.factory.support.AbstractBeanFactory.lambda$doGetBean$0(AbstractBeanFactory.java:317)
	at org.springframework.beans.factory.support.DefaultSingletonBeanRegistry.getSingleton(DefaultSingletonBeanRegistry.java:222)
	at org.springframework.beans.factory.support.AbstractBeanFactory.doGetBean(AbstractBeanFactory.java:315)
	at org.springframework.beans.factory.support.AbstractBeanFactory.getBean(AbstractBeanFactory.java:199)
	at org.springframework.beans.factory.config.DependencyDescriptor.resolveCandidate(DependencyDescriptor.java:251)
	at org.springframework.beans.factory.support.DefaultListableBeanFactory.doResolveDependency(DefaultListableBeanFactory.java:1135)
	at org.springframework.beans.factory.support.DefaultListableBeanFactory.resolveDependency(DefaultListableBeanFactory.java:1062)
	at org.springframework.beans.factory.annotation.AutowiredAnnotationBeanPostProcessor$AutowiredFieldElement.inject(AutowiredAnnotationBeanPostProcessor.java:583)
	at org.springframework.beans.factory.annotation.InjectionMetadata.inject(InjectionMetadata.java:90)
	at org.springframework.beans.factory.annotation.AutowiredAnnotationBeanPostProcessor.postProcessPropertyValues(AutowiredAnnotationBeanPostProcessor.java:372)
	at org.springframework.beans.factory.support.AbstractAutowireCapableBeanFactory.populateBean(AbstractAutowireCapableBeanFactory.java:1341)
	at org.springframework.beans.factory.support.AbstractAutowireCapableBeanFactory.doCreateBean(AbstractAutowireCapableBeanFactory.java:572)
	at org.springframework.beans.factory.support.AbstractAutowireCapableBeanFactory.createBean(AbstractAutowireCapableBeanFactory.java:495)
	at org.springframework.beans.factory.support.AbstractBeanFactory.lambda$doGetBean$0(AbstractBeanFactory.java:317)
	at org.springframework.beans.factory.support.DefaultSingletonBeanRegistry.getSingleton(DefaultSingletonBeanRegistry.java:222)
	at org.springframework.beans.factory.support.AbstractBeanFactory.doGetBean(AbstractBeanFactory.java:315)
	at org.springframework.beans.factory.support.AbstractBeanFactory.getBean(AbstractBeanFactory.java:199)
	at org.springframework.beans.factory.config.DependencyDescriptor.resolveCandidate(DependencyDescriptor.java:251)
	at org.springframework.beans.factory.support.DefaultListableBeanFactory.doResolveDependency(DefaultListableBeanFactory.java:1135)
	at org.springframework.beans.factory.support.DefaultListableBeanFactory.resolveDependency(DefaultListableBeanFactory.java:1062)
	at org.springframework.beans.factory.annotation.AutowiredAnnotationBeanPostProcessor$AutowiredFieldElement.inject(AutowiredAnnotationBeanPostProcessor.java:583)
	at org.springframework.beans.factory.annotation.InjectionMetadata.inject(InjectionMetadata.java:90)
	at org.springframework.beans.factory.annotation.AutowiredAnnotationBeanPostProcessor.postProcessPropertyValues(AutowiredAnnotationBeanPostProcessor.java:372)
	at org.springframework.beans.factory.support.AbstractAutowireCapableBeanFactory.populateBean(AbstractAutowireCapableBeanFactory.java:1341)
	at org.springframework.beans.factory.support.AbstractAutowireCapableBeanFactory.doCreateBean(AbstractAutowireCapableBeanFactory.java:572)
	at org.springframework.beans.factory.support.AbstractAutowireCapableBeanFactory.createBean(AbstractAutowireCapableBeanFactory.java:495)
	at org.springframework.beans.factory.support.AbstractBeanFactory.lambda$doGetBean$0(AbstractBeanFactory.java:317)
	at org.springframework.beans.factory.support.DefaultSingletonBeanRegistry.getSingleton(DefaultSingletonBeanRegistry.java:222)
	at org.springframework.beans.factory.support.AbstractBeanFactory.doGetBean(AbstractBeanFactory.java:315)
	at org.springframework.beans.factory.support.AbstractBeanFactory.getBean(AbstractBeanFactory.java:199)
	at org.springframework.beans.factory.support.DefaultListableBeanFactory.preInstantiateSingletons(DefaultListableBeanFactory.java:759)
	at org.springframework.context.support.AbstractApplicationContext.finishBeanFactoryInitialization(AbstractApplicationContext.java:869)
	at org.springframework.context.support.AbstractApplicationContext.refresh(AbstractApplicationContext.java:550)
	at org.springframework.boot.web.servlet.context.ServletWebServerApplicationContext.refresh(ServletWebServerApplicationContext.java:140)
	at org.springframework.boot.SpringApplication.refresh(SpringApplication.java:780)
	at org.springframework.boot.SpringApplication.refreshContext(SpringApplication.java:412)
	at org.springframework.boot.SpringApplication.run(SpringApplication.java:333)
	at org.springframework.boot.SpringApplication.run(SpringApplication.java:1277)
	at org.springframework.boot.SpringApplication.run(SpringApplication.java:1265)
	at com.zwk.movie_recommend.MovieRecommendApiApplication.main(MovieRecommendApiApplication.java:29)
	at sun.reflect.NativeMethodAccessorImpl.invoke0(Native Method)
	at sun.reflect.NativeMethodAccessorImpl.invoke(NativeMethodAccessorImpl.java:62)
	at sun.reflect.DelegatingMethodAccessorImpl.invoke(DelegatingMethodAccessorImpl.java:43)
	at java.lang.reflect.Method.invoke(Method.java:498)
	at org.springframework.boot.devtools.restart.RestartLauncher.run(RestartLauncher.java:49)
Caused by: java.lang.NullPointerException: null
	at com.mysql.jdbc.ConnectionImpl.getServerCharset(ConnectionImpl.java:3005)
	at com.mysql.jdbc.MysqlIO.sendConnectionAttributes(MysqlIO.java:1916)
	at com.mysql.jdbc.MysqlIO.proceedHandshakeWithPluggableAuthentication(MysqlIO.java:1845)
	at com.mysql.jdbc.MysqlIO.doHandshake(MysqlIO.java:1215)
	at com.mysql.jdbc.ConnectionImpl.coreConnect(ConnectionImpl.java:2255)
	at com.mysql.jdbc.ConnectionImpl.connectOneTryOnly(ConnectionImpl.java:2286)
	... 95 common frames omitted
2026-03-17 22:15:23,912 [INFO] [restartedMain] com.alibaba.druid.pool.DruidDataSource [DruidDataSource.java : 930] {dataSource-1} inited
2026-03-17 22:15:23,922 [WARN] [restartedMain] o.s.b.w.s.c.AnnotationConfigServletWebServerApplicationContext [AbstractApplicationContext.java : 558] Exception encountered during context initialization - cancelling refresh attempt: org.springframework.beans.factory.UnsatisfiedDependencyException: Error creating bean with name 'customerController': Unsatisfied dependency expressed through field 'userService'; nested exception is org.springframework.beans.factory.UnsatisfiedDependencyException: Error creating bean with name 'userService': Unsatisfied dependency expressed through field 'baseMapper'; nested exception is org.springframework.beans.factory.UnsatisfiedDependencyException: Error creating bean with name 'userDao' defined in file [D:\code\java\movie_recommend_system\movie-recommend-api\target\classes\com\zwk\movie_recommend\dao\UserDao.class]: Unsatisfied dependency expressed through bean property 'sqlSessionFactory'; nested exception is org.springframework.beans.factory.UnsatisfiedDependencyException: Error creating bean with name 'sqlSessionFactory' defined in class path resource [com/baomidou/mybatisplus/spring/boot/starter/MybatisPlusAutoConfiguration.class]: Unsatisfied dependency expressed through method 'sqlSessionFactory' parameter 0; nested exception is org.springframework.beans.factory.BeanCreationException: Error creating bean with name 'dataSource' defined in class path resource [com/alibaba/druid/spring/boot/autoconfigure/DruidDataSourceAutoConfigure.class]: Invocation of init method failed; nested exception is com.mysql.jdbc.exceptions.jdbc4.MySQLNonTransientConnectionException: Could not create connection to database server.
2026-03-17 22:15:23,934 [INFO] [restartedMain] org.apache.catalina.core.StandardService [DirectJDKLog.java : 180] Stopping service [Tomcat]
2026-03-17 22:15:23,943 [ERROR] [Druid-ConnectionPool-Create-11722753] com.alibaba.druid.pool.DruidDataSource [DruidDataSource.java : 2471] create connection SQLException, url: jdbc:mysql://127.0.0.1:3306/movie?useUnicode=true&characterEncoding=UTF-8, errorCode 0, state 08001
com.mysql.jdbc.exceptions.jdbc4.MySQLNonTransientConnectionException: Could not create connection to database server.
	at sun.reflect.NativeConstructorAccessorImpl.newInstance0(Native Method)
	at sun.reflect.NativeConstructorAccessorImpl.newInstance(NativeConstructorAccessorImpl.java:62)
	at sun.reflect.DelegatingConstructorAccessorImpl.newInstance(DelegatingConstructorAccessorImpl.java:45)
	at java.lang.reflect.Constructor.newInstance(Constructor.java:423)
	at com.mysql.jdbc.Util.handleNewInstance(Util.java:404)
	at com.mysql.jdbc.Util.getInstance(Util.java:387)
	at com.mysql.jdbc.SQLError.createSQLException(SQLError.java:917)
	at com.mysql.jdbc.SQLError.createSQLException(SQLError.java:896)
	at com.mysql.jdbc.SQLError.createSQLException(SQLError.java:885)
	at com.mysql.jdbc.SQLError.createSQLException(SQLError.java:860)
	at com.mysql.jdbc.ConnectionImpl.connectOneTryOnly(ConnectionImpl.java:2332)
	at com.mysql.jdbc.ConnectionImpl.createNewIO(ConnectionImpl.java:2085)
	at com.mysql.jdbc.ConnectionImpl.<init>(ConnectionImpl.java:795)
	at com.mysql.jdbc.JDBC4Connection.<init>(JDBC4Connection.java:44)
	at sun.reflect.NativeConstructorAccessorImpl.newInstance0(Native Method)
	at sun.reflect.NativeConstructorAccessorImpl.newInstance(NativeConstructorAccessorImpl.java:62)
	at sun.reflect.DelegatingConstructorAccessorImpl.newInstance(DelegatingConstructorAccessorImpl.java:45)
	at java.lang.reflect.Constructor.newInstance(Constructor.java:423)
	at com.mysql.jdbc.Util.handleNewInstance(Util.java:404)
	at com.mysql.jdbc.ConnectionImpl.getInstance(ConnectionImpl.java:400)
	at com.mysql.jdbc.NonRegisteringDriver.connect(NonRegisteringDriver.java:327)
	at com.alibaba.druid.filter.FilterChainImpl.connection_connect(FilterChainImpl.java:156)
	at com.alibaba.druid.filter.stat.StatFilter.connection_connect(StatFilter.java:218)
	at com.alibaba.druid.filter.FilterChainImpl.connection_connect(FilterChainImpl.java:150)
	at com.alibaba.druid.pool.DruidAbstractDataSource.createPhysicalConnection(DruidAbstractDataSource.java:1560)
	at com.alibaba.druid.pool.DruidAbstractDataSource.createPhysicalConnection(DruidAbstractDataSource.java:1623)
	at com.alibaba.druid.pool.DruidDataSource$CreateConnectionThread.run(DruidDataSource.java:2468)
Caused by: java.lang.NullPointerException: null
	at com.mysql.jdbc.ConnectionImpl.getServerCharset(ConnectionImpl.java:3005)
	at com.mysql.jdbc.MysqlIO.sendConnectionAttributes(MysqlIO.java:1916)
	at com.mysql.jdbc.MysqlIO.proceedHandshakeWithPluggableAuthentication(MysqlIO.java:1845)
	at com.mysql.jdbc.MysqlIO.doHandshake(MysqlIO.java:1215)
	at com.mysql.jdbc.ConnectionImpl.coreConnect(ConnectionImpl.java:2255)
	at com.mysql.jdbc.ConnectionImpl.connectOneTryOnly(ConnectionImpl.java:2286)
	... 16 common frames omitted
2026-03-17 22:15:23,958 [INFO] [restartedMain] o.s.b.a.logging.ConditionEvaluationReportLoggingListener [ConditionEvaluationReportLoggingListener.java : 101] 

Error starting ApplicationContext. To display the conditions report re-run your application with 'debug' enabled.
2026-03-17 22:15:23,962 [ERROR] [Druid-ConnectionPool-Create-11722753] com.alibaba.druid.pool.DruidDataSource [DruidDataSource.java : 2471] create connection SQLException, url: jdbc:mysql://127.0.0.1:3306/movie?useUnicode=true&characterEncoding=UTF-8, errorCode 0, state 08001
com.mysql.jdbc.exceptions.jdbc4.MySQLNonTransientConnectionException: Could not create connection to database server.
	at sun.reflect.NativeConstructorAccessorImpl.newInstance0(Native Method)
	at sun.reflect.NativeConstructorAccessorImpl.newInstance(NativeConstructorAccessorImpl.java:62)
	at sun.reflect.DelegatingConstructorAccessorImpl.newInstance(DelegatingConstructorAccessorImpl.java:45)
	at java.lang.reflect.Constructor.newInstance(Constructor.java:423)
	at com.mysql.jdbc.Util.handleNewInstance(Util.java:404)
	at com.mysql.jdbc.Util.getInstance(Util.java:387)
	at com.mysql.jdbc.SQLError.createSQLException(SQLError.java:917)
	at com.mysql.jdbc.SQLError.createSQLException(SQLError.java:896)
	at com.mysql.jdbc.SQLError.createSQLException(SQLError.java:885)
	at com.mysql.jdbc.SQLError.createSQLException(SQLError.java:860)
	at com.mysql.jdbc.ConnectionImpl.connectOneTryOnly(ConnectionImpl.java:2332)
	at com.mysql.jdbc.ConnectionImpl.createNewIO(ConnectionImpl.java:2085)
	at com.mysql.jdbc.ConnectionImpl.<init>(ConnectionImpl.java:795)
	at com.mysql.jdbc.JDBC4Connection.<init>(JDBC4Connection.java:44)
	at sun.reflect.NativeConstructorAccessorImpl.newInstance0(Native Method)
	at sun.reflect.NativeConstructorAccessorImpl.newInstance(NativeConstructorAccessorImpl.java:62)
	at sun.reflect.DelegatingConstructorAccessorImpl.newInstance(DelegatingConstructorAccessorImpl.java:45)
	at java.lang.reflect.Constructor.newInstance(Constructor.java:423)
	at com.mysql.jdbc.Util.handleNewInstance(Util.java:404)
	at com.mysql.jdbc.ConnectionImpl.getInstance(ConnectionImpl.java:400)
	at com.mysql.jdbc.NonRegisteringDriver.connect(NonRegisteringDriver.java:327)
	at com.alibaba.druid.filter.FilterChainImpl.connection_connect(FilterChainImpl.java:156)
	at com.alibaba.druid.filter.stat.StatFilter.connection_connect(StatFilter.java:218)
	at com.alibaba.druid.filter.FilterChainImpl.connection_connect(FilterChainImpl.java:150)
	at com.alibaba.druid.pool.DruidAbstractDataSource.createPhysicalConnection(DruidAbstractDataSource.java:1560)
	at com.alibaba.druid.pool.DruidAbstractDataSource.createPhysicalConnection(DruidAbstractDataSource.java:1623)
	at com.alibaba.druid.pool.DruidDataSource$CreateConnectionThread.run(DruidDataSource.java:2468)
Caused by: java.lang.NullPointerException: null
	at com.mysql.jdbc.ConnectionImpl.getServerCharset(ConnectionImpl.java:3005)
	at com.mysql.jdbc.MysqlIO.sendConnectionAttributes(MysqlIO.java:1916)
	at com.mysql.jdbc.MysqlIO.proceedHandshakeWithPluggableAuthentication(MysqlIO.java:1845)
	at com.mysql.jdbc.MysqlIO.doHandshake(MysqlIO.java:1215)
	at com.mysql.jdbc.ConnectionImpl.coreConnect(ConnectionImpl.java:2255)
	at com.mysql.jdbc.ConnectionImpl.connectOneTryOnly(ConnectionImpl.java:2286)
	... 16 common frames omitted
2026-03-17 22:15:23,970 [ERROR] [restartedMain] org.springframework.boot.SpringApplication [SpringApplication.java : 863] Application run failed
org.springframework.beans.factory.UnsatisfiedDependencyException: Error creating bean with name 'customerController': Unsatisfied dependency expressed through field 'userService'; nested exception is org.springframework.beans.factory.UnsatisfiedDependencyException: Error creating bean with name 'userService': Unsatisfied dependency expressed through field 'baseMapper'; nested exception is org.springframework.beans.factory.UnsatisfiedDependencyException: Error creating bean with name 'userDao' defined in file [D:\code\java\movie_recommend_system\movie-recommend-api\target\classes\com\zwk\movie_recommend\dao\UserDao.class]: Unsatisfied dependency expressed through bean property 'sqlSessionFactory'; nested exception is org.springframework.beans.factory.UnsatisfiedDependencyException: Error creating bean with name 'sqlSessionFactory' defined in class path resource [com/baomidou/mybatisplus/spring/boot/starter/MybatisPlusAutoConfiguration.class]: Unsatisfied dependency expressed through method 'sqlSessionFactory' parameter 0; nested exception is org.springframework.beans.factory.BeanCreationException: Error creating bean with name 'dataSource' defined in class path resource [com/alibaba/druid/spring/boot/autoconfigure/DruidDataSourceAutoConfigure.class]: Invocation of init method failed; nested exception is com.mysql.jdbc.exceptions.jdbc4.MySQLNonTransientConnectionException: Could not create connection to database server.
	at org.springframework.beans.factory.annotation.AutowiredAnnotationBeanPostProcessor$AutowiredFieldElement.inject(AutowiredAnnotationBeanPostProcessor.java:586)
	at org.springframework.beans.factory.annotation.InjectionMetadata.inject(InjectionMetadata.java:90)
	at org.springframework.beans.factory.annotation.AutowiredAnnotationBeanPostProcessor.postProcessPropertyValues(AutowiredAnnotationBeanPostProcessor.java:372)
	at org.springframework.beans.factory.support.AbstractAutowireCapableBeanFactory.populateBean(AbstractAutowireCapableBeanFactory.java:1341)
	at org.springframework.beans.factory.support.AbstractAutowireCapableBeanFactory.doCreateBean(AbstractAutowireCapableBeanFactory.java:572)
	at org.springframework.beans.factory.support.AbstractAutowireCapableBeanFactory.createBean(AbstractAutowireCapableBeanFactory.java:495)
	at org.springframework.beans.factory.support.AbstractBeanFactory.lambda$doGetBean$0(AbstractBeanFactory.java:317)
	at org.springframework.beans.factory.support.DefaultSingletonBeanRegistry.getSingleton(DefaultSingletonBeanRegistry.java:222)
	at org.springframework.beans.factory.support.AbstractBeanFactory.doGetBean(AbstractBeanFactory.java:315)
	at org.springframework.beans.factory.support.AbstractBeanFactory.getBean(AbstractBeanFactory.java:199)
	at org.springframework.beans.factory.support.DefaultListableBeanFactory.preInstantiateSingletons(DefaultListableBeanFactory.java:759)
	at org.springframework.context.support.AbstractApplicationContext.finishBeanFactoryInitialization(AbstractApplicationContext.java:869)
	at org.springframework.context.support.AbstractApplicationContext.refresh(AbstractApplicationContext.java:550)
	at org.springframework.boot.web.servlet.context.ServletWebServerApplicationContext.refresh(ServletWebServerApplicationContext.java:140)
	at org.springframework.boot.SpringApplication.refresh(SpringApplication.java:780)
	at org.springframework.boot.SpringApplication.refreshContext(SpringApplication.java:412)
	at org.springframework.boot.SpringApplication.run(SpringApplication.java:333)
	at org.springframework.boot.SpringApplication.run(SpringApplication.java:1277)
	at org.springframework.boot.SpringApplication.run(SpringApplication.java:1265)
	at com.zwk.movie_recommend.MovieRecommendApiApplication.main(MovieRecommendApiApplication.java:29)
	at sun.reflect.NativeMethodAccessorImpl.invoke0(Native Method)
	at sun.reflect.NativeMethodAccessorImpl.invoke(NativeMethodAccessorImpl.java:62)
	at sun.reflect.DelegatingMethodAccessorImpl.invoke(DelegatingMethodAccessorImpl.java:43)
	at java.lang.reflect.Method.invoke(Method.java:498)
	at org.springframework.boot.devtools.restart.RestartLauncher.run(RestartLauncher.java:49)
Caused by: org.springframework.beans.factory.UnsatisfiedDependencyException: Error creating bean with name 'userService': Unsatisfied dependency expressed through field 'baseMapper'; nested exception is org.springframework.beans.factory.UnsatisfiedDependencyException: Error creating bean with name 'userDao' defined in file [D:\code\java\movie_recommend_system\movie-recommend-api\target\classes\com\zwk\movie_recommend\dao\UserDao.class]: Unsatisfied dependency expressed through bean property 'sqlSessionFactory'; nested exception is org.springframework.beans.factory.UnsatisfiedDependencyException: Error creating bean with name 'sqlSessionFactory' defined in class path resource [com/baomidou/mybatisplus/spring/boot/starter/MybatisPlusAutoConfiguration.class]: Unsatisfied dependency expressed through method 'sqlSessionFactory' parameter 0; nested exception is org.springframework.beans.factory.BeanCreationException: Error creating bean with name 'dataSource' defined in class path resource [com/alibaba/druid/spring/boot/autoconfigure/DruidDataSourceAutoConfigure.class]: Invocation of init method failed; nested exception is com.mysql.jdbc.exceptions.jdbc4.MySQLNonTransientConnectionException: Could not create connection to database server.
	at org.springframework.beans.factory.annotation.AutowiredAnnotationBeanPostProcessor$AutowiredFieldElement.inject(AutowiredAnnotationBeanPostProcessor.java:586)
	at org.springframework.beans.factory.annotation.InjectionMetadata.inject(InjectionMetadata.java:90)
	at org.springframework.beans.factory.annotation.AutowiredAnnotationBeanPostProcessor.postProcessPropertyValues(AutowiredAnnotationBeanPostProcessor.java:372)
	at org.springframework.beans.factory.support.AbstractAutowireCapableBeanFactory.populateBean(AbstractAutowireCapableBeanFactory.java:1341)
	at org.springframework.beans.factory.support.AbstractAutowireCapableBeanFactory.doCreateBean(AbstractAutowireCapableBeanFactory.java:572)
	at org.springframework.beans.factory.support.AbstractAutowireCapableBeanFactory.createBean(AbstractAutowireCapableBeanFactory.java:495)
	at org.springframework.beans.factory.support.AbstractBeanFactory.lambda$doGetBean$0(AbstractBeanFactory.java:317)
	at org.springframework.beans.factory.support.DefaultSingletonBeanRegistry.getSingleton(DefaultSingletonBeanRegistry.java:222)
	at org.springframework.beans.factory.support.AbstractBeanFactory.doGetBean(AbstractBeanFactory.java:315)
	at org.springframework.beans.factory.support.AbstractBeanFactory.getBean(AbstractBeanFactory.java:199)
	at org.springframework.beans.factory.config.DependencyDescriptor.resolveCandidate(DependencyDescriptor.java:251)
	at org.springframework.beans.factory.support.DefaultListableBeanFactory.doResolveDependency(DefaultListableBeanFactory.java:1135)
	at org.springframework.beans.factory.support.DefaultListableBeanFactory.resolveDependency(DefaultListableBeanFactory.java:1062)
	at org.springframework.beans.factory.annotation.AutowiredAnnotationBeanPostProcessor$AutowiredFieldElement.inject(AutowiredAnnotationBeanPostProcessor.java:583)
	... 24 common frames omitted
Caused by: org.springframework.beans.factory.UnsatisfiedDependencyException: Error creating bean with name 'userDao' defined in file [D:\code\java\movie_recommend_system\movie-recommend-api\target\classes\com\zwk\movie_recommend\dao\UserDao.class]: Unsatisfied dependency expressed through bean property 'sqlSessionFactory'; nested exception is org.springframework.beans.factory.UnsatisfiedDependencyException: Error creating bean with name 'sqlSessionFactory' defined in class path resource [com/baomidou/mybatisplus/spring/boot/starter/MybatisPlusAutoConfiguration.class]: Unsatisfied dependency expressed through method 'sqlSessionFactory' parameter 0; nested exception is org.springframework.beans.factory.BeanCreationException: Error creating bean with name 'dataSource' defined in class path resource [com/alibaba/druid/spring/boot/autoconfigure/DruidDataSourceAutoConfigure.class]: Invocation of init method failed; nested exception is com.mysql.jdbc.exceptions.jdbc4.MySQLNonTransientConnectionException: Could not create connection to database server.
	at org.springframework.beans.factory.support.AbstractAutowireCapableBeanFactory.autowireByType(AbstractAutowireCapableBeanFactory.java:1436)
	at org.springframework.beans.factory.support.AbstractAutowireCapableBeanFactory.populateBean(AbstractAutowireCapableBeanFactory.java:1323)
	at org.springframework.beans.factory.support.AbstractAutowireCapableBeanFactory.doCreateBean(AbstractAutowireCapableBeanFactory.java:572)
	at org.springframework.beans.factory.support.AbstractAutowireCapableBeanFactory.createBean(AbstractAutowireCapableBeanFactory.java:495)
	at org.springframework.beans.factory.support.AbstractBeanFactory.lambda$doGetBean$0(AbstractBeanFactory.java:317)
	at org.springframework.beans.factory.support.DefaultSingletonBeanRegistry.getSingleton(DefaultSingletonBeanRegistry.java:222)
	at org.springframework.beans.factory.support.AbstractBeanFactory.doGetBean(AbstractBeanFactory.java:315)
	at org.springframework.beans.factory.support.AbstractBeanFactory.getBean(AbstractBeanFactory.java:199)
	at org.springframework.beans.factory.config.DependencyDescriptor.resolveCandidate(DependencyDescriptor.java:251)
	at org.springframework.beans.factory.support.DefaultListableBeanFactory.doResolveDependency(DefaultListableBeanFactory.java:1135)
	at org.springframework.beans.factory.support.DefaultListableBeanFactory.resolveDependency(DefaultListableBeanFactory.java:1062)
	at org.springframework.beans.factory.annotation.AutowiredAnnotationBeanPostProcessor$AutowiredFieldElement.inject(AutowiredAnnotationBeanPostProcessor.java:583)
	... 37 common frames omitted
Caused by: org.springframework.beans.factory.UnsatisfiedDependencyException: Error creating bean with name 'sqlSessionFactory' defined in class path resource [com/baomidou/mybatisplus/spring/boot/starter/MybatisPlusAutoConfiguration.class]: Unsatisfied dependency expressed through method 'sqlSessionFactory' parameter 0; nested exception is org.springframework.beans.factory.BeanCreationException: Error creating bean with name 'dataSource' defined in class path resource [com/alibaba/druid/spring/boot/autoconfigure/DruidDataSourceAutoConfigure.class]: Invocation of init method failed; nested exception is com.mysql.jdbc.exceptions.jdbc4.MySQLNonTransientConnectionException: Could not create connection to database server.
	at org.springframework.beans.factory.support.ConstructorResolver.createArgumentArray(ConstructorResolver.java:732)
	at org.springframework.beans.factory.support.ConstructorResolver.instantiateUsingFactoryMethod(ConstructorResolver.java:474)
	at org.springframework.beans.factory.support.AbstractAutowireCapableBeanFactory.instantiateUsingFactoryMethod(AbstractAutowireCapableBeanFactory.java:1247)
	at org.springframework.beans.factory.support.AbstractAutowireCapableBeanFactory.createBeanInstance(AbstractAutowireCapableBeanFactory.java:1096)
	at org.springframework.beans.factory.support.AbstractAutowireCapableBeanFactory.doCreateBean(AbstractAutowireCapableBeanFactory.java:535)
	at org.springframework.beans.factory.support.AbstractAutowireCapableBeanFactory.createBean(AbstractAutowireCapableBeanFactory.java:495)
	at org.springframework.beans.factory.support.AbstractBeanFactory.lambda$doGetBean$0(AbstractBeanFactory.java:317)
	at org.springframework.beans.factory.support.DefaultSingletonBeanRegistry.getSingleton(DefaultSingletonBeanRegistry.java:222)
	at org.springframework.beans.factory.support.AbstractBeanFactory.doGetBean(AbstractBeanFactory.java:315)
	at org.springframework.beans.factory.support.AbstractBeanFactory.getBean(AbstractBeanFactory.java:199)
	at org.springframework.beans.factory.config.DependencyDescriptor.resolveCandidate(DependencyDescriptor.java:251)
	at org.springframework.beans.factory.support.DefaultListableBeanFactory.doResolveDependency(DefaultListableBeanFactory.java:1135)
	at org.springframework.beans.factory.support.DefaultListableBeanFactory.resolveDependency(DefaultListableBeanFactory.java:1062)
	at org.springframework.beans.factory.support.AbstractAutowireCapableBeanFactory.autowireByType(AbstractAutowireCapableBeanFactory.java:1421)
	... 48 common frames omitted
Caused by: org.springframework.beans.factory.BeanCreationException: Error creating bean with name 'dataSource' defined in class path resource [com/alibaba/druid/spring/boot/autoconfigure/DruidDataSourceAutoConfigure.class]: Invocation of init method failed; nested exception is com.mysql.jdbc.exceptions.jdbc4.MySQLNonTransientConnectionException: Could not create connection to database server.
	at org.springframework.beans.factory.support.AbstractAutowireCapableBeanFactory.initializeBean(AbstractAutowireCapableBeanFactory.java:1699)
	at org.springframework.beans.factory.support.AbstractAutowireCapableBeanFactory.doCreateBean(AbstractAutowireCapableBeanFactory.java:573)
	at org.springframework.beans.factory.support.AbstractAutowireCapableBeanFactory.createBean(AbstractAutowireCapableBeanFactory.java:495)
	at org.springframework.beans.factory.support.AbstractBeanFactory.lambda$doGetBean$0(AbstractBeanFactory.java:317)
	at org.springframework.beans.factory.support.DefaultSingletonBeanRegistry.getSingleton(DefaultSingletonBeanRegistry.java:222)
	at org.springframework.beans.factory.support.AbstractBeanFactory.doGetBean(AbstractBeanFactory.java:315)
	at org.springframework.beans.factory.support.AbstractBeanFactory.getBean(AbstractBeanFactory.java:199)
	at org.springframework.beans.factory.config.DependencyDescriptor.resolveCandidate(DependencyDescriptor.java:251)
	at org.springframework.beans.factory.support.DefaultListableBeanFactory.doResolveDependency(DefaultListableBeanFactory.java:1135)
	at org.springframework.beans.factory.support.DefaultListableBeanFactory.resolveDependency(DefaultListableBeanFactory.java:1062)
	at org.springframework.beans.factory.support.ConstructorResolver.resolveAutowiredArgument(ConstructorResolver.java:818)
	at org.springframework.beans.factory.support.ConstructorResolver.createArgumentArray(ConstructorResolver.java:724)
	... 61 common frames omitted
Caused by: com.mysql.jdbc.exceptions.jdbc4.MySQLNonTransientConnectionException: Could not create connection to database server.
	at sun.reflect.NativeConstructorAccessorImpl.newInstance0(Native Method)
	at sun.reflect.NativeConstructorAccessorImpl.newInstance(NativeConstructorAccessorImpl.java:62)
	at sun.reflect.DelegatingConstructorAccessorImpl.newInstance(DelegatingConstructorAccessorImpl.java:45)
	at java.lang.reflect.Constructor.newInstance(Constructor.java:423)
	at com.mysql.jdbc.Util.handleNewInstance(Util.java:404)
	at com.mysql.jdbc.Util.getInstance(Util.java:387)
	at com.mysql.jdbc.SQLError.createSQLException(SQLError.java:917)
	at com.mysql.jdbc.SQLError.createSQLException(SQLError.java:896)
	at com.mysql.jdbc.SQLError.createSQLException(SQLError.java:885)
	at com.mysql.jdbc.SQLError.createSQLException(SQLError.java:860)
	at com.mysql.jdbc.ConnectionImpl.connectOneTryOnly(ConnectionImpl.java:2332)
	at com.mysql.jdbc.ConnectionImpl.createNewIO(ConnectionImpl.java:2085)
	at com.mysql.jdbc.ConnectionImpl.<init>(ConnectionImpl.java:795)
	at com.mysql.jdbc.JDBC4Connection.<init>(JDBC4Connection.java:44)
	at sun.reflect.NativeConstructorAccessorImpl.newInstance0(Native Method)
	at sun.reflect.NativeConstructorAccessorImpl.newInstance(NativeConstructorAccessorImpl.java:62)
	at sun.reflect.DelegatingConstructorAccessorImpl.newInstance(DelegatingConstructorAccessorImpl.java:45)
	at java.lang.reflect.Constructor.newInstance(Constructor.java:423)
	at com.mysql.jdbc.Util.handleNewInstance(Util.java:404)
	at com.mysql.jdbc.ConnectionImpl.getInstance(ConnectionImpl.java:400)
	at com.mysql.jdbc.NonRegisteringDriver.connect(NonRegisteringDriver.java:327)
	at com.alibaba.druid.filter.FilterChainImpl.connection_connect(FilterChainImpl.java:156)
	at com.alibaba.druid.filter.stat.StatFilter.connection_connect(StatFilter.java:218)
	at com.alibaba.druid.filter.FilterChainImpl.connection_connect(FilterChainImpl.java:150)
	at com.alibaba.druid.pool.DruidAbstractDataSource.createPhysicalConnection(DruidAbstractDataSource.java:1560)
	at com.alibaba.druid.pool.DruidAbstractDataSource.createPhysicalConnection(DruidAbstractDataSource.java:1623)
	at com.alibaba.druid.pool.DruidDataSource.init(DruidDataSource.java:861)
	at sun.reflect.NativeMethodAccessorImpl.invoke0(Native Method)
	at sun.reflect.NativeMethodAccessorImpl.invoke(NativeMethodAccessorImpl.java:62)
	at sun.reflect.DelegatingMethodAccessorImpl.invoke(DelegatingMethodAccessorImpl.java:43)
	at java.lang.reflect.Method.invoke(Method.java:498)
	at org.springframework.beans.factory.support.AbstractAutowireCapableBeanFactory.invokeCustomInitMethod(AbstractAutowireCapableBeanFactory.java:1824)
	at org.springframework.beans.factory.support.AbstractAutowireCapableBeanFactory.invokeInitMethods(AbstractAutowireCapableBeanFactory.java:1767)
	at org.springframework.beans.factory.support.AbstractAutowireCapableBeanFactory.initializeBean(AbstractAutowireCapableBeanFactory.java:1695)
	... 72 common frames omitted
Caused by: java.lang.NullPointerException: null
	at com.mysql.jdbc.ConnectionImpl.getServerCharset(ConnectionImpl.java:3005)
	at com.mysql.jdbc.MysqlIO.sendConnectionAttributes(MysqlIO.java:1916)
	at com.mysql.jdbc.MysqlIO.proceedHandshakeWithPluggableAuthentication(MysqlIO.java:1845)
	at com.mysql.jdbc.MysqlIO.doHandshake(MysqlIO.java:1215)
	at com.mysql.jdbc.ConnectionImpl.coreConnect(ConnectionImpl.java:2255)
	at com.mysql.jdbc.ConnectionImpl.connectOneTryOnly(ConnectionImpl.java:2286)
	... 95 common frames omitted
2026-03-17 22:17:56,744 [INFO] [restartedMain] com.zwk.movie_recommend.MovieRecommendApiApplication [StartupInfoLogger.java : 50] Starting MovieRecommendApiApplication on zwk with PID 30740 (D:\code\java\movie_recommend_system\movie-recommend-api\target\classes started by win10 in D:\code\java\movie_recommend_system)
2026-03-17 22:17:56,767 [DEBUG] [restartedMain] com.zwk.movie_recommend.MovieRecommendApiApplication [StartupInfoLogger.java : 53] Running with Spring Boot v2.0.5.RELEASE, Spring v5.0.9.RELEASE
2026-03-17 22:17:56,772 [INFO] [restartedMain] com.zwk.movie_recommend.MovieRecommendApiApplication [SpringApplication.java : 684] The following profiles are active: dev
2026-03-17 22:17:57,021 [INFO] [restartedMain] o.s.b.w.s.c.AnnotationConfigServletWebServerApplicationContext [AbstractApplicationContext.java : 590] Refreshing org.springframework.boot.web.servlet.context.AnnotationConfigServletWebServerApplicationContext@7d514a99: startup date [Tue Mar 17 22:17:57 CST 2026]; root of context hierarchy
2026-03-17 22:18:00,683 [INFO] [restartedMain] o.s.data.repository.config.RepositoryConfigurationDelegate [RepositoryConfigurationDelegate.java : 172] Multiple Spring Data modules found, entering strict repository configuration mode!
2026-03-17 22:18:01,041 [INFO] [restartedMain] com.zwk.movie_recommend.MovieRecommendApiApplication [StartupInfoLogger.java : 50] Starting MovieRecommendApiApplication on zwk with PID 30316 (D:\code\java\movie_recommend_system\movie-recommend-api\target\classes started by win10 in D:\code\java\movie_recommend_system)
2026-03-17 22:18:01,056 [DEBUG] [restartedMain] com.zwk.movie_recommend.MovieRecommendApiApplication [StartupInfoLogger.java : 53] Running with Spring Boot v2.0.5.RELEASE, Spring v5.0.9.RELEASE
2026-03-17 22:18:01,058 [INFO] [restartedMain] com.zwk.movie_recommend.MovieRecommendApiApplication [SpringApplication.java : 684] The following profiles are active: dev
2026-03-17 22:18:01,262 [INFO] [restartedMain] o.s.b.w.s.c.AnnotationConfigServletWebServerApplicationContext [AbstractApplicationContext.java : 590] Refreshing org.springframework.boot.web.servlet.context.AnnotationConfigServletWebServerApplicationContext@25e8bd10: startup date [Tue Mar 17 22:18:01 CST 2026]; root of context hierarchy
2026-03-17 22:18:01,783 [INFO] [restartedMain] o.s.c.s.PostProcessorRegistrationDelegate$BeanPostProcessorChecker [PostProcessorRegistrationDelegate.java : 326] Bean 'org.springframework.transaction.annotation.ProxyTransactionManagementConfiguration' of type [org.springframework.transaction.annotation.ProxyTransactionManagementConfiguration$$EnhancerBySpringCGLIB$$e6b0f771] is not eligible for getting processed by all BeanPostProcessors (for example: not eligible for auto-proxying)
2026-03-17 22:18:02,906 [INFO] [restartedMain] org.springframework.boot.web.embedded.tomcat.TomcatWebServer [TomcatWebServer.java : 91] Tomcat initialized with port(s): 8010 (http)
2026-03-17 22:18:02,954 [INFO] [restartedMain] org.apache.catalina.core.StandardService [DirectJDKLog.java : 180] Starting service [Tomcat]
2026-03-17 22:18:02,955 [INFO] [restartedMain] org.apache.catalina.core.StandardEngine [DirectJDKLog.java : 180] Starting Servlet Engine: Apache Tomcat/8.5.34
2026-03-17 22:18:02,981 [INFO] [localhost-startStop-1] org.apache.catalina.core.AprLifecycleListener [DirectJDKLog.java : 180] The APR based Apache Tomcat Native library which allows optimal performance in production environments was not found on the java.library.path: [D:\code\jdk\bin;C:\WINDOWS\Sun\Java\bin;C:\WINDOWS\system32;C:\WINDOWS;C:\Python314\Scripts\;C:\Python314\;C:\ProgramData\Oracle\Java\javapath;C:\WINDOWS\system32;C:\WINDOWS;C:\WINDOWS\System32\Wbem;C:\WINDOWS\System32\WindowsPowerShell\v1.0\;C:\WINDOWS\System32\OpenSSH\;C:\Program Files\Docker\Docker\resources\bin;D:\code\apache-maven-3.5.3\bin;D:\code\Git\cmd;D:\code\skaffold\skaffold-windows-amd64.exe;D:\software\mysql5.8\bin;D:\software\NodeJS\;C:\ProgramData\chocolatey\bin;C:\Program Files\NVIDIA Corporation\NVIDIA App\NvDLISR;C:\Program Files (x86)\NVIDIA Corporation\PhysX\Common;C:\Users\win10\AppData\Local\Microsoft\WindowsApps;;C:\Program Files\JetBrains\IntelliJ IDEA 2025.3.3\bin;D:\code\GoLand 2023.2.1\bin;;D:\code\VSCode\bin;C:\Users\win10\AppData\Roaming\npm;.]
2026-03-17 22:18:03,319 [INFO] [localhost-startStop-1] org.apache.jasper.servlet.TldScanner [DirectJDKLog.java : 180] At least one JAR was scanned for TLDs yet contained no TLDs. Enable debug logging for this logger for a complete list of JARs that were scanned but no TLDs were found in them. Skipping unneeded JARs during scanning can improve startup time and JSP compilation time.
2026-03-17 22:18:03,325 [INFO] [localhost-startStop-1] o.a.c.c.C.[Tomcat].[localhost].[/movie-recommend-api] [DirectJDKLog.java : 180] Initializing Spring embedded WebApplicationContext
2026-03-17 22:18:03,327 [INFO] [localhost-startStop-1] org.springframework.web.context.ContextLoader [ServletWebServerApplicationContext.java : 285] Root WebApplicationContext: initialization completed in 6307 ms
2026-03-17 22:18:03,416 [INFO] [restartedMain] o.s.data.repository.config.RepositoryConfigurationDelegate [RepositoryConfigurationDelegate.java : 172] Multiple Spring Data modules found, entering strict repository configuration mode!
2026-03-17 22:18:03,534 [INFO] [localhost-startStop-1] org.springframework.boot.web.servlet.ServletRegistrationBean [ServletRegistrationBean.java : 187] Servlet dispatcherServlet mapped to [/]
2026-03-17 22:18:03,539 [INFO] [localhost-startStop-1] org.springframework.boot.web.servlet.ServletRegistrationBean [ServletRegistrationBean.java : 187] Servlet statViewServlet mapped to [/druid/*]
2026-03-17 22:18:03,546 [INFO] [localhost-startStop-1] org.springframework.boot.web.servlet.FilterRegistrationBean [AbstractFilterRegistrationBean.java : 245] Mapping filter: 'characterEncodingFilter' to: [/*]
2026-03-17 22:18:03,547 [INFO] [localhost-startStop-1] org.springframework.boot.web.servlet.FilterRegistrationBean [AbstractFilterRegistrationBean.java : 245] Mapping filter: 'hiddenHttpMethodFilter' to: [/*]
2026-03-17 22:18:03,547 [INFO] [localhost-startStop-1] org.springframework.boot.web.servlet.FilterRegistrationBean [AbstractFilterRegistrationBean.java : 245] Mapping filter: 'httpPutFormContentFilter' to: [/*]
2026-03-17 22:18:03,547 [INFO] [localhost-startStop-1] org.springframework.boot.web.servlet.FilterRegistrationBean [AbstractFilterRegistrationBean.java : 245] Mapping filter: 'requestContextFilter' to: [/*]
2026-03-17 22:18:03,548 [INFO] [localhost-startStop-1] org.springframework.boot.web.servlet.FilterRegistrationBean [AbstractFilterRegistrationBean.java : 258] Mapping filter: 'webStatFilter' to urls: [/*]
2026-03-17 22:18:03,954 [INFO] [restartedMain] c.a.d.spring.boot.autoconfigure.DruidDataSourceAutoConfigure [DruidDataSourceAutoConfigure.java : 56] Init DruidDataSource
2026-03-17 22:18:04,265 [INFO] [restartedMain] o.s.c.s.PostProcessorRegistrationDelegate$BeanPostProcessorChecker [PostProcessorRegistrationDelegate.java : 326] Bean 'org.springframework.transaction.annotation.ProxyTransactionManagementConfiguration' of type [org.springframework.transaction.annotation.ProxyTransactionManagementConfiguration$$EnhancerBySpringCGLIB$$fb607941] is not eligible for getting processed by all BeanPostProcessors (for example: not eligible for auto-proxying)
2026-03-17 22:18:05,457 [INFO] [restartedMain] org.springframework.boot.web.embedded.tomcat.TomcatWebServer [TomcatWebServer.java : 91] Tomcat initialized with port(s): 8010 (http)
2026-03-17 22:18:05,509 [INFO] [restartedMain] org.apache.catalina.core.StandardService [DirectJDKLog.java : 180] Starting service [Tomcat]
2026-03-17 22:18:05,509 [INFO] [restartedMain] org.apache.catalina.core.StandardEngine [DirectJDKLog.java : 180] Starting Servlet Engine: Apache Tomcat/8.5.34
2026-03-17 22:18:05,530 [INFO] [localhost-startStop-1] org.apache.catalina.core.AprLifecycleListener [DirectJDKLog.java : 180] The APR based Apache Tomcat Native library which allows optimal performance in production environments was not found on the java.library.path: [D:\code\jdk\bin;C:\WINDOWS\Sun\Java\bin;C:\WINDOWS\system32;C:\WINDOWS;C:\Python314\Scripts\;C:\Python314\;C:\ProgramData\Oracle\Java\javapath;C:\WINDOWS\system32;C:\WINDOWS;C:\WINDOWS\System32\Wbem;C:\WINDOWS\System32\WindowsPowerShell\v1.0\;C:\WINDOWS\System32\OpenSSH\;C:\Program Files\Docker\Docker\resources\bin;D:\code\apache-maven-3.5.3\bin;D:\code\Git\cmd;D:\code\skaffold\skaffold-windows-amd64.exe;D:\software\mysql5.8\bin;D:\software\NodeJS\;C:\ProgramData\chocolatey\bin;C:\Program Files\NVIDIA Corporation\NVIDIA App\NvDLISR;C:\Program Files (x86)\NVIDIA Corporation\PhysX\Common;C:\Users\win10\AppData\Local\Microsoft\WindowsApps;;C:\Program Files\JetBrains\IntelliJ IDEA 2025.3.3\bin;D:\code\GoLand 2023.2.1\bin;;D:\code\VSCode\bin;C:\Users\win10\AppData\Roaming\npm;.]
2026-03-17 22:18:05,828 [ERROR] [restartedMain] com.alibaba.druid.pool.DruidDataSource [DruidDataSource.java : 872] init datasource error, url: jdbc:mysql://127.0.0.1:3306/movie?useUnicode=true&characterEncoding=UTF-8
com.mysql.jdbc.exceptions.jdbc4.MySQLNonTransientConnectionException: Could not create connection to database server.
	at sun.reflect.NativeConstructorAccessorImpl.newInstance0(Native Method)
	at sun.reflect.NativeConstructorAccessorImpl.newInstance(NativeConstructorAccessorImpl.java:62)
	at sun.reflect.DelegatingConstructorAccessorImpl.newInstance(DelegatingConstructorAccessorImpl.java:45)
	at java.lang.reflect.Constructor.newInstance(Constructor.java:423)
	at com.mysql.jdbc.Util.handleNewInstance(Util.java:404)
	at com.mysql.jdbc.Util.getInstance(Util.java:387)
	at com.mysql.jdbc.SQLError.createSQLException(SQLError.java:917)
	at com.mysql.jdbc.SQLError.createSQLException(SQLError.java:896)
	at com.mysql.jdbc.SQLError.createSQLException(SQLError.java:885)
	at com.mysql.jdbc.SQLError.createSQLException(SQLError.java:860)
	at com.mysql.jdbc.ConnectionImpl.connectOneTryOnly(ConnectionImpl.java:2332)
	at com.mysql.jdbc.ConnectionImpl.createNewIO(ConnectionImpl.java:2085)
	at com.mysql.jdbc.ConnectionImpl.<init>(ConnectionImpl.java:795)
	at com.mysql.jdbc.JDBC4Connection.<init>(JDBC4Connection.java:44)
	at sun.reflect.NativeConstructorAccessorImpl.newInstance0(Native Method)
	at sun.reflect.NativeConstructorAccessorImpl.newInstance(NativeConstructorAccessorImpl.java:62)
	at sun.reflect.DelegatingConstructorAccessorImpl.newInstance(DelegatingConstructorAccessorImpl.java:45)
	at java.lang.reflect.Constructor.newInstance(Constructor.java:423)
	at com.mysql.jdbc.Util.handleNewInstance(Util.java:404)
	at com.mysql.jdbc.ConnectionImpl.getInstance(ConnectionImpl.java:400)
	at com.mysql.jdbc.NonRegisteringDriver.connect(NonRegisteringDriver.java:327)
	at com.alibaba.druid.filter.FilterChainImpl.connection_connect(FilterChainImpl.java:156)
	at com.alibaba.druid.filter.stat.StatFilter.connection_connect(StatFilter.java:218)
	at com.alibaba.druid.filter.FilterChainImpl.connection_connect(FilterChainImpl.java:150)
	at com.alibaba.druid.pool.DruidAbstractDataSource.createPhysicalConnection(DruidAbstractDataSource.java:1560)
	at com.alibaba.druid.pool.DruidAbstractDataSource.createPhysicalConnection(DruidAbstractDataSource.java:1623)
	at com.alibaba.druid.pool.DruidDataSource.init(DruidDataSource.java:861)
	at sun.reflect.NativeMethodAccessorImpl.invoke0(Native Method)
	at sun.reflect.NativeMethodAccessorImpl.invoke(NativeMethodAccessorImpl.java:62)
	at sun.reflect.DelegatingMethodAccessorImpl.invoke(DelegatingMethodAccessorImpl.java:43)
	at java.lang.reflect.Method.invoke(Method.java:498)
	at org.springframework.beans.factory.support.AbstractAutowireCapableBeanFactory.invokeCustomInitMethod(AbstractAutowireCapableBeanFactory.java:1824)
	at org.springframework.beans.factory.support.AbstractAutowireCapableBeanFactory.invokeInitMethods(AbstractAutowireCapableBeanFactory.java:1767)
	at org.springframework.beans.factory.support.AbstractAutowireCapableBeanFactory.initializeBean(AbstractAutowireCapableBeanFactory.java:1695)
	at org.springframework.beans.factory.support.AbstractAutowireCapableBeanFactory.doCreateBean(AbstractAutowireCapableBeanFactory.java:573)
	at org.springframework.beans.factory.support.AbstractAutowireCapableBeanFactory.createBean(AbstractAutowireCapableBeanFactory.java:495)
	at org.springframework.beans.factory.support.AbstractBeanFactory.lambda$doGetBean$0(AbstractBeanFactory.java:317)
	at org.springframework.beans.factory.support.DefaultSingletonBeanRegistry.getSingleton(DefaultSingletonBeanRegistry.java:222)
	at org.springframework.beans.factory.support.AbstractBeanFactory.doGetBean(AbstractBeanFactory.java:315)
	at org.springframework.beans.factory.support.AbstractBeanFactory.getBean(AbstractBeanFactory.java:199)
	at org.springframework.beans.factory.config.DependencyDescriptor.resolveCandidate(DependencyDescriptor.java:251)
	at org.springframework.beans.factory.support.DefaultListableBeanFactory.doResolveDependency(DefaultListableBeanFactory.java:1135)
	at org.springframework.beans.factory.support.DefaultListableBeanFactory.resolveDependency(DefaultListableBeanFactory.java:1062)
	at org.springframework.beans.factory.support.ConstructorResolver.resolveAutowiredArgument(ConstructorResolver.java:818)
	at org.springframework.beans.factory.support.ConstructorResolver.createArgumentArray(ConstructorResolver.java:724)
	at org.springframework.beans.factory.support.ConstructorResolver.instantiateUsingFactoryMethod(ConstructorResolver.java:474)
	at org.springframework.beans.factory.support.AbstractAutowireCapableBeanFactory.instantiateUsingFactoryMethod(AbstractAutowireCapableBeanFactory.java:1247)
	at org.springframework.beans.factory.support.AbstractAutowireCapableBeanFactory.createBeanInstance(AbstractAutowireCapableBeanFactory.java:1096)
	at org.springframework.beans.factory.support.AbstractAutowireCapableBeanFactory.doCreateBean(AbstractAutowireCapableBeanFactory.java:535)
	at org.springframework.beans.factory.support.AbstractAutowireCapableBeanFactory.createBean(AbstractAutowireCapableBeanFactory.java:495)
	at org.springframework.beans.factory.support.AbstractBeanFactory.lambda$doGetBean$0(AbstractBeanFactory.java:317)
	at org.springframework.beans.factory.support.DefaultSingletonBeanRegistry.getSingleton(DefaultSingletonBeanRegistry.java:222)
	at org.springframework.beans.factory.support.AbstractBeanFactory.doGetBean(AbstractBeanFactory.java:315)
	at org.springframework.beans.factory.support.AbstractBeanFactory.getBean(AbstractBeanFactory.java:199)
	at org.springframework.beans.factory.config.DependencyDescriptor.resolveCandidate(DependencyDescriptor.java:251)
	at org.springframework.beans.factory.support.DefaultListableBeanFactory.doResolveDependency(DefaultListableBeanFactory.java:1135)
	at org.springframework.beans.factory.support.DefaultListableBeanFactory.resolveDependency(DefaultListableBeanFactory.java:1062)
	at org.springframework.beans.factory.support.AbstractAutowireCapableBeanFactory.autowireByType(AbstractAutowireCapableBeanFactory.java:1421)
	at org.springframework.beans.factory.support.AbstractAutowireCapableBeanFactory.populateBean(AbstractAutowireCapableBeanFactory.java:1323)
	at org.springframework.beans.factory.support.AbstractAutowireCapableBeanFactory.doCreateBean(AbstractAutowireCapableBeanFactory.java:572)
	at org.springframework.beans.factory.support.AbstractAutowireCapableBeanFactory.createBean(AbstractAutowireCapableBeanFactory.java:495)
	at org.springframework.beans.factory.support.AbstractBeanFactory.lambda$doGetBean$0(AbstractBeanFactory.java:317)
	at org.springframework.beans.factory.support.DefaultSingletonBeanRegistry.getSingleton(DefaultSingletonBeanRegistry.java:222)
	at org.springframework.beans.factory.support.AbstractBeanFactory.doGetBean(AbstractBeanFactory.java:315)
	at org.springframework.beans.factory.support.AbstractBeanFactory.getBean(AbstractBeanFactory.java:199)
	at org.springframework.beans.factory.config.DependencyDescriptor.resolveCandidate(DependencyDescriptor.java:251)
	at org.springframework.beans.factory.support.DefaultListableBeanFactory.doResolveDependency(DefaultListableBeanFactory.java:1135)
	at org.springframework.beans.factory.support.DefaultListableBeanFactory.resolveDependency(DefaultListableBeanFactory.java:1062)
	at org.springframework.beans.factory.annotation.AutowiredAnnotationBeanPostProcessor$AutowiredFieldElement.inject(AutowiredAnnotationBeanPostProcessor.java:583)
	at org.springframework.beans.factory.annotation.InjectionMetadata.inject(InjectionMetadata.java:90)
	at org.springframework.beans.factory.annotation.AutowiredAnnotationBeanPostProcessor.postProcessPropertyValues(AutowiredAnnotationBeanPostProcessor.java:372)
	at org.springframework.beans.factory.support.AbstractAutowireCapableBeanFactory.populateBean(AbstractAutowireCapableBeanFactory.java:1341)
	at org.springframework.beans.factory.support.AbstractAutowireCapableBeanFactory.doCreateBean(AbstractAutowireCapableBeanFactory.java:572)
	at org.springframework.beans.factory.support.AbstractAutowireCapableBeanFactory.createBean(AbstractAutowireCapableBeanFactory.java:495)
	at org.springframework.beans.factory.support.AbstractBeanFactory.lambda$doGetBean$0(AbstractBeanFactory.java:317)
	at org.springframework.beans.factory.support.DefaultSingletonBeanRegistry.getSingleton(DefaultSingletonBeanRegistry.java:222)
	at org.springframework.beans.factory.support.AbstractBeanFactory.doGetBean(AbstractBeanFactory.java:315)
	at org.springframework.beans.factory.support.AbstractBeanFactory.getBean(AbstractBeanFactory.java:199)
	at org.springframework.beans.factory.config.DependencyDescriptor.resolveCandidate(DependencyDescriptor.java:251)
	at org.springframework.beans.factory.support.DefaultListableBeanFactory.doResolveDependency(DefaultListableBeanFactory.java:1135)
	at org.springframework.beans.factory.support.DefaultListableBeanFactory.resolveDependency(DefaultListableBeanFactory.java:1062)
	at org.springframework.beans.factory.annotation.AutowiredAnnotationBeanPostProcessor$AutowiredFieldElement.inject(AutowiredAnnotationBeanPostProcessor.java:583)
	at org.springframework.beans.factory.annotation.InjectionMetadata.inject(InjectionMetadata.java:90)
	at org.springframework.beans.factory.annotation.AutowiredAnnotationBeanPostProcessor.postProcessPropertyValues(AutowiredAnnotationBeanPostProcessor.java:372)
	at org.springframework.beans.factory.support.AbstractAutowireCapableBeanFactory.populateBean(AbstractAutowireCapableBeanFactory.java:1341)
	at org.springframework.beans.factory.support.AbstractAutowireCapableBeanFactory.doCreateBean(AbstractAutowireCapableBeanFactory.java:572)
	at org.springframework.beans.factory.support.AbstractAutowireCapableBeanFactory.createBean(AbstractAutowireCapableBeanFactory.java:495)
	at org.springframework.beans.factory.support.AbstractBeanFactory.lambda$doGetBean$0(AbstractBeanFactory.java:317)
	at org.springframework.beans.factory.support.DefaultSingletonBeanRegistry.getSingleton(DefaultSingletonBeanRegistry.java:222)
	at org.springframework.beans.factory.support.AbstractBeanFactory.doGetBean(AbstractBeanFactory.java:315)
	at org.springframework.beans.factory.support.AbstractBeanFactory.getBean(AbstractBeanFactory.java:199)
	at org.springframework.beans.factory.support.DefaultListableBeanFactory.preInstantiateSingletons(DefaultListableBeanFactory.java:759)
	at org.springframework.context.support.AbstractApplicationContext.finishBeanFactoryInitialization(AbstractApplicationContext.java:869)
	at org.springframework.context.support.AbstractApplicationContext.refresh(AbstractApplicationContext.java:550)
	at org.springframework.boot.web.servlet.context.ServletWebServerApplicationContext.refresh(ServletWebServerApplicationContext.java:140)
	at org.springframework.boot.SpringApplication.refresh(SpringApplication.java:780)
	at org.springframework.boot.SpringApplication.refreshContext(SpringApplication.java:412)
	at org.springframework.boot.SpringApplication.run(SpringApplication.java:333)
	at org.springframework.boot.SpringApplication.run(SpringApplication.java:1277)
	at org.springframework.boot.SpringApplication.run(SpringApplication.java:1265)
	at com.zwk.movie_recommend.MovieRecommendApiApplication.main(MovieRecommendApiApplication.java:29)
	at sun.reflect.NativeMethodAccessorImpl.invoke0(Native Method)
	at sun.reflect.NativeMethodAccessorImpl.invoke(NativeMethodAccessorImpl.java:62)
	at sun.reflect.DelegatingMethodAccessorImpl.invoke(DelegatingMethodAccessorImpl.java:43)
	at java.lang.reflect.Method.invoke(Method.java:498)
	at org.springframework.boot.devtools.restart.RestartLauncher.run(RestartLauncher.java:49)
Caused by: java.lang.NullPointerException: null
	at com.mysql.jdbc.ConnectionImpl.getServerCharset(ConnectionImpl.java:3005)
	at com.mysql.jdbc.MysqlIO.sendConnectionAttributes(MysqlIO.java:1916)
	at com.mysql.jdbc.MysqlIO.proceedHandshakeWithPluggableAuthentication(MysqlIO.java:1845)
	at com.mysql.jdbc.MysqlIO.doHandshake(MysqlIO.java:1215)
	at com.mysql.jdbc.ConnectionImpl.coreConnect(ConnectionImpl.java:2255)
	at com.mysql.jdbc.ConnectionImpl.connectOneTryOnly(ConnectionImpl.java:2286)
	... 95 common frames omitted
2026-03-17 22:18:05,838 [ERROR] [restartedMain] com.alibaba.druid.pool.DruidDataSource [DruidDataSource.java : 905] {dataSource-1} init error
com.mysql.jdbc.exceptions.jdbc4.MySQLNonTransientConnectionException: Could not create connection to database server.
	at sun.reflect.NativeConstructorAccessorImpl.newInstance0(Native Method)
	at sun.reflect.NativeConstructorAccessorImpl.newInstance(NativeConstructorAccessorImpl.java:62)
	at sun.reflect.DelegatingConstructorAccessorImpl.newInstance(DelegatingConstructorAccessorImpl.java:45)
	at java.lang.reflect.Constructor.newInstance(Constructor.java:423)
	at com.mysql.jdbc.Util.handleNewInstance(Util.java:404)
	at com.mysql.jdbc.Util.getInstance(Util.java:387)
	at com.mysql.jdbc.SQLError.createSQLException(SQLError.java:917)
	at com.mysql.jdbc.SQLError.createSQLException(SQLError.java:896)
	at com.mysql.jdbc.SQLError.createSQLException(SQLError.java:885)
	at com.mysql.jdbc.SQLError.createSQLException(SQLError.java:860)
	at com.mysql.jdbc.ConnectionImpl.connectOneTryOnly(ConnectionImpl.java:2332)
	at com.mysql.jdbc.ConnectionImpl.createNewIO(ConnectionImpl.java:2085)
	at com.mysql.jdbc.ConnectionImpl.<init>(ConnectionImpl.java:795)
	at com.mysql.jdbc.JDBC4Connection.<init>(JDBC4Connection.java:44)
	at sun.reflect.NativeConstructorAccessorImpl.newInstance0(Native Method)
	at sun.reflect.NativeConstructorAccessorImpl.newInstance(NativeConstructorAccessorImpl.java:62)
	at sun.reflect.DelegatingConstructorAccessorImpl.newInstance(DelegatingConstructorAccessorImpl.java:45)
	at java.lang.reflect.Constructor.newInstance(Constructor.java:423)
	at com.mysql.jdbc.Util.handleNewInstance(Util.java:404)
	at com.mysql.jdbc.ConnectionImpl.getInstance(ConnectionImpl.java:400)
	at com.mysql.jdbc.NonRegisteringDriver.connect(NonRegisteringDriver.java:327)
	at com.alibaba.druid.filter.FilterChainImpl.connection_connect(FilterChainImpl.java:156)
	at com.alibaba.druid.filter.stat.StatFilter.connection_connect(StatFilter.java:218)
	at com.alibaba.druid.filter.FilterChainImpl.connection_connect(FilterChainImpl.java:150)
	at com.alibaba.druid.pool.DruidAbstractDataSource.createPhysicalConnection(DruidAbstractDataSource.java:1560)
	at com.alibaba.druid.pool.DruidAbstractDataSource.createPhysicalConnection(DruidAbstractDataSource.java:1623)
	at com.alibaba.druid.pool.DruidDataSource.init(DruidDataSource.java:861)
	at sun.reflect.NativeMethodAccessorImpl.invoke0(Native Method)
	at sun.reflect.NativeMethodAccessorImpl.invoke(NativeMethodAccessorImpl.java:62)
	at sun.reflect.DelegatingMethodAccessorImpl.invoke(DelegatingMethodAccessorImpl.java:43)
	at java.lang.reflect.Method.invoke(Method.java:498)
	at org.springframework.beans.factory.support.AbstractAutowireCapableBeanFactory.invokeCustomInitMethod(AbstractAutowireCapableBeanFactory.java:1824)
	at org.springframework.beans.factory.support.AbstractAutowireCapableBeanFactory.invokeInitMethods(AbstractAutowireCapableBeanFactory.java:1767)
	at org.springframework.beans.factory.support.AbstractAutowireCapableBeanFactory.initializeBean(AbstractAutowireCapableBeanFactory.java:1695)
	at org.springframework.beans.factory.support.AbstractAutowireCapableBeanFactory.doCreateBean(AbstractAutowireCapableBeanFactory.java:573)
	at org.springframework.beans.factory.support.AbstractAutowireCapableBeanFactory.createBean(AbstractAutowireCapableBeanFactory.java:495)
	at org.springframework.beans.factory.support.AbstractBeanFactory.lambda$doGetBean$0(AbstractBeanFactory.java:317)
	at org.springframework.beans.factory.support.DefaultSingletonBeanRegistry.getSingleton(DefaultSingletonBeanRegistry.java:222)
	at org.springframework.beans.factory.support.AbstractBeanFactory.doGetBean(AbstractBeanFactory.java:315)
	at org.springframework.beans.factory.support.AbstractBeanFactory.getBean(AbstractBeanFactory.java:199)
	at org.springframework.beans.factory.config.DependencyDescriptor.resolveCandidate(DependencyDescriptor.java:251)
	at org.springframework.beans.factory.support.DefaultListableBeanFactory.doResolveDependency(DefaultListableBeanFactory.java:1135)
	at org.springframework.beans.factory.support.DefaultListableBeanFactory.resolveDependency(DefaultListableBeanFactory.java:1062)
	at org.springframework.beans.factory.support.ConstructorResolver.resolveAutowiredArgument(ConstructorResolver.java:818)
	at org.springframework.beans.factory.support.ConstructorResolver.createArgumentArray(ConstructorResolver.java:724)
	at org.springframework.beans.factory.support.ConstructorResolver.instantiateUsingFactoryMethod(ConstructorResolver.java:474)
	at org.springframework.beans.factory.support.AbstractAutowireCapableBeanFactory.instantiateUsingFactoryMethod(AbstractAutowireCapableBeanFactory.java:1247)
	at org.springframework.beans.factory.support.AbstractAutowireCapableBeanFactory.createBeanInstance(AbstractAutowireCapableBeanFactory.java:1096)
	at org.springframework.beans.factory.support.AbstractAutowireCapableBeanFactory.doCreateBean(AbstractAutowireCapableBeanFactory.java:535)
	at org.springframework.beans.factory.support.AbstractAutowireCapableBeanFactory.createBean(AbstractAutowireCapableBeanFactory.java:495)
	at org.springframework.beans.factory.support.AbstractBeanFactory.lambda$doGetBean$0(AbstractBeanFactory.java:317)
	at org.springframework.beans.factory.support.DefaultSingletonBeanRegistry.getSingleton(DefaultSingletonBeanRegistry.java:222)
	at org.springframework.beans.factory.support.AbstractBeanFactory.doGetBean(AbstractBeanFactory.java:315)
	at org.springframework.beans.factory.support.AbstractBeanFactory.getBean(AbstractBeanFactory.java:199)
	at org.springframework.beans.factory.config.DependencyDescriptor.resolveCandidate(DependencyDescriptor.java:251)
	at org.springframework.beans.factory.support.DefaultListableBeanFactory.doResolveDependency(DefaultListableBeanFactory.java:1135)
	at org.springframework.beans.factory.support.DefaultListableBeanFactory.resolveDependency(DefaultListableBeanFactory.java:1062)
	at org.springframework.beans.factory.support.AbstractAutowireCapableBeanFactory.autowireByType(AbstractAutowireCapableBeanFactory.java:1421)
	at org.springframework.beans.factory.support.AbstractAutowireCapableBeanFactory.populateBean(AbstractAutowireCapableBeanFactory.java:1323)
	at org.springframework.beans.factory.support.AbstractAutowireCapableBeanFactory.doCreateBean(AbstractAutowireCapableBeanFactory.java:572)
	at org.springframework.beans.factory.support.AbstractAutowireCapableBeanFactory.createBean(AbstractAutowireCapableBeanFactory.java:495)
	at org.springframework.beans.factory.support.AbstractBeanFactory.lambda$doGetBean$0(AbstractBeanFactory.java:317)
	at org.springframework.beans.factory.support.DefaultSingletonBeanRegistry.getSingleton(DefaultSingletonBeanRegistry.java:222)
	at org.springframework.beans.factory.support.AbstractBeanFactory.doGetBean(AbstractBeanFactory.java:315)
	at org.springframework.beans.factory.support.AbstractBeanFactory.getBean(AbstractBeanFactory.java:199)
	at org.springframework.beans.factory.config.DependencyDescriptor.resolveCandidate(DependencyDescriptor.java:251)
	at org.springframework.beans.factory.support.DefaultListableBeanFactory.doResolveDependency(DefaultListableBeanFactory.java:1135)
	at org.springframework.beans.factory.support.DefaultListableBeanFactory.resolveDependency(DefaultListableBeanFactory.java:1062)
	at org.springframework.beans.factory.annotation.AutowiredAnnotationBeanPostProcessor$AutowiredFieldElement.inject(AutowiredAnnotationBeanPostProcessor.java:583)
	at org.springframework.beans.factory.annotation.InjectionMetadata.inject(InjectionMetadata.java:90)
	at org.springframework.beans.factory.annotation.AutowiredAnnotationBeanPostProcessor.postProcessPropertyValues(AutowiredAnnotationBeanPostProcessor.java:372)
	at org.springframework.beans.factory.support.AbstractAutowireCapableBeanFactory.populateBean(AbstractAutowireCapableBeanFactory.java:1341)
	at org.springframework.beans.factory.support.AbstractAutowireCapableBeanFactory.doCreateBean(AbstractAutowireCapableBeanFactory.java:572)
	at org.springframework.beans.factory.support.AbstractAutowireCapableBeanFactory.createBean(AbstractAutowireCapableBeanFactory.java:495)
	at org.springframework.beans.factory.support.AbstractBeanFactory.lambda$doGetBean$0(AbstractBeanFactory.java:317)
	at org.springframework.beans.factory.support.DefaultSingletonBeanRegistry.getSingleton(DefaultSingletonBeanRegistry.java:222)
	at org.springframework.beans.factory.support.AbstractBeanFactory.doGetBean(AbstractBeanFactory.java:315)
	at org.springframework.beans.factory.support.AbstractBeanFactory.getBean(AbstractBeanFactory.java:199)
	at org.springframework.beans.factory.config.DependencyDescriptor.resolveCandidate(DependencyDescriptor.java:251)
	at org.springframework.beans.factory.support.DefaultListableBeanFactory.doResolveDependency(DefaultListableBeanFactory.java:1135)
	at org.springframework.beans.factory.support.DefaultListableBeanFactory.resolveDependency(DefaultListableBeanFactory.java:1062)
	at org.springframework.beans.factory.annotation.AutowiredAnnotationBeanPostProcessor$AutowiredFieldElement.inject(AutowiredAnnotationBeanPostProcessor.java:583)
	at org.springframework.beans.factory.annotation.InjectionMetadata.inject(InjectionMetadata.java:90)
	at org.springframework.beans.factory.annotation.AutowiredAnnotationBeanPostProcessor.postProcessPropertyValues(AutowiredAnnotationBeanPostProcessor.java:372)
	at org.springframework.beans.factory.support.AbstractAutowireCapableBeanFactory.populateBean(AbstractAutowireCapableBeanFactory.java:1341)
	at org.springframework.beans.factory.support.AbstractAutowireCapableBeanFactory.doCreateBean(AbstractAutowireCapableBeanFactory.java:572)
	at org.springframework.beans.factory.support.AbstractAutowireCapableBeanFactory.createBean(AbstractAutowireCapableBeanFactory.java:495)
	at org.springframework.beans.factory.support.AbstractBeanFactory.lambda$doGetBean$0(AbstractBeanFactory.java:317)
	at org.springframework.beans.factory.support.DefaultSingletonBeanRegistry.getSingleton(DefaultSingletonBeanRegistry.java:222)
	at org.springframework.beans.factory.support.AbstractBeanFactory.doGetBean(AbstractBeanFactory.java:315)
	at org.springframework.beans.factory.support.AbstractBeanFactory.getBean(AbstractBeanFactory.java:199)
	at org.springframework.beans.factory.support.DefaultListableBeanFactory.preInstantiateSingletons(DefaultListableBeanFactory.java:759)
	at org.springframework.context.support.AbstractApplicationContext.finishBeanFactoryInitialization(AbstractApplicationContext.java:869)
	at org.springframework.context.support.AbstractApplicationContext.refresh(AbstractApplicationContext.java:550)
	at org.springframework.boot.web.servlet.context.ServletWebServerApplicationContext.refresh(ServletWebServerApplicationContext.java:140)
	at org.springframework.boot.SpringApplication.refresh(SpringApplication.java:780)
	at org.springframework.boot.SpringApplication.refreshContext(SpringApplication.java:412)
	at org.springframework.boot.SpringApplication.run(SpringApplication.java:333)
	at org.springframework.boot.SpringApplication.run(SpringApplication.java:1277)
	at org.springframework.boot.SpringApplication.run(SpringApplication.java:1265)
	at com.zwk.movie_recommend.MovieRecommendApiApplication.main(MovieRecommendApiApplication.java:29)
	at sun.reflect.NativeMethodAccessorImpl.invoke0(Native Method)
	at sun.reflect.NativeMethodAccessorImpl.invoke(NativeMethodAccessorImpl.java:62)
	at sun.reflect.DelegatingMethodAccessorImpl.invoke(DelegatingMethodAccessorImpl.java:43)
	at java.lang.reflect.Method.invoke(Method.java:498)
	at org.springframework.boot.devtools.restart.RestartLauncher.run(RestartLauncher.java:49)
Caused by: java.lang.NullPointerException: null
	at com.mysql.jdbc.ConnectionImpl.getServerCharset(ConnectionImpl.java:3005)
	at com.mysql.jdbc.MysqlIO.sendConnectionAttributes(MysqlIO.java:1916)
	at com.mysql.jdbc.MysqlIO.proceedHandshakeWithPluggableAuthentication(MysqlIO.java:1845)
	at com.mysql.jdbc.MysqlIO.doHandshake(MysqlIO.java:1215)
	at com.mysql.jdbc.ConnectionImpl.coreConnect(ConnectionImpl.java:2255)
	at com.mysql.jdbc.ConnectionImpl.connectOneTryOnly(ConnectionImpl.java:2286)
	... 95 common frames omitted
2026-03-17 22:18:05,840 [INFO] [restartedMain] com.alibaba.druid.pool.DruidDataSource [DruidDataSource.java : 930] {dataSource-1} inited
2026-03-17 22:18:05,848 [WARN] [restartedMain] o.s.b.w.s.c.AnnotationConfigServletWebServerApplicationContext [AbstractApplicationContext.java : 558] Exception encountered during context initialization - cancelling refresh attempt: org.springframework.beans.factory.UnsatisfiedDependencyException: Error creating bean with name 'customerController': Unsatisfied dependency expressed through field 'userService'; nested exception is org.springframework.beans.factory.UnsatisfiedDependencyException: Error creating bean with name 'userService': Unsatisfied dependency expressed through field 'baseMapper'; nested exception is org.springframework.beans.factory.UnsatisfiedDependencyException: Error creating bean with name 'userDao' defined in file [D:\code\java\movie_recommend_system\movie-recommend-api\target\classes\com\zwk\movie_recommend\dao\UserDao.class]: Unsatisfied dependency expressed through bean property 'sqlSessionFactory'; nested exception is org.springframework.beans.factory.UnsatisfiedDependencyException: Error creating bean with name 'sqlSessionFactory' defined in class path resource [com/baomidou/mybatisplus/spring/boot/starter/MybatisPlusAutoConfiguration.class]: Unsatisfied dependency expressed through method 'sqlSessionFactory' parameter 0; nested exception is org.springframework.beans.factory.BeanCreationException: Error creating bean with name 'dataSource' defined in class path resource [com/alibaba/druid/spring/boot/autoconfigure/DruidDataSourceAutoConfigure.class]: Invocation of init method failed; nested exception is com.mysql.jdbc.exceptions.jdbc4.MySQLNonTransientConnectionException: Could not create connection to database server.
2026-03-17 22:18:05,855 [INFO] [restartedMain] org.apache.catalina.core.StandardService [DirectJDKLog.java : 180] Stopping service [Tomcat]
2026-03-17 22:18:05,868 [ERROR] [Druid-ConnectionPool-Create-311108848] com.alibaba.druid.pool.DruidDataSource [DruidDataSource.java : 2471] create connection SQLException, url: jdbc:mysql://127.0.0.1:3306/movie?useUnicode=true&characterEncoding=UTF-8, errorCode 0, state 08001
com.mysql.jdbc.exceptions.jdbc4.MySQLNonTransientConnectionException: Could not create connection to database server.
	at sun.reflect.NativeConstructorAccessorImpl.newInstance0(Native Method)
	at sun.reflect.NativeConstructorAccessorImpl.newInstance(NativeConstructorAccessorImpl.java:62)
	at sun.reflect.DelegatingConstructorAccessorImpl.newInstance(DelegatingConstructorAccessorImpl.java:45)
	at java.lang.reflect.Constructor.newInstance(Constructor.java:423)
	at com.mysql.jdbc.Util.handleNewInstance(Util.java:404)
	at com.mysql.jdbc.Util.getInstance(Util.java:387)
	at com.mysql.jdbc.SQLError.createSQLException(SQLError.java:917)
	at com.mysql.jdbc.SQLError.createSQLException(SQLError.java:896)
	at com.mysql.jdbc.SQLError.createSQLException(SQLError.java:885)
	at com.mysql.jdbc.SQLError.createSQLException(SQLError.java:860)
	at com.mysql.jdbc.ConnectionImpl.connectOneTryOnly(ConnectionImpl.java:2332)
	at com.mysql.jdbc.ConnectionImpl.createNewIO(ConnectionImpl.java:2085)
	at com.mysql.jdbc.ConnectionImpl.<init>(ConnectionImpl.java:795)
	at com.mysql.jdbc.JDBC4Connection.<init>(JDBC4Connection.java:44)
	at sun.reflect.NativeConstructorAccessorImpl.newInstance0(Native Method)
	at sun.reflect.NativeConstructorAccessorImpl.newInstance(NativeConstructorAccessorImpl.java:62)
	at sun.reflect.DelegatingConstructorAccessorImpl.newInstance(DelegatingConstructorAccessorImpl.java:45)
	at java.lang.reflect.Constructor.newInstance(Constructor.java:423)
	at com.mysql.jdbc.Util.handleNewInstance(Util.java:404)
	at com.mysql.jdbc.ConnectionImpl.getInstance(ConnectionImpl.java:400)
	at com.mysql.jdbc.NonRegisteringDriver.connect(NonRegisteringDriver.java:327)
	at com.alibaba.druid.filter.FilterChainImpl.connection_connect(FilterChainImpl.java:156)
	at com.alibaba.druid.filter.stat.StatFilter.connection_connect(StatFilter.java:218)
	at com.alibaba.druid.filter.FilterChainImpl.connection_connect(FilterChainImpl.java:150)
	at com.alibaba.druid.pool.DruidAbstractDataSource.createPhysicalConnection(DruidAbstractDataSource.java:1560)
	at com.alibaba.druid.pool.DruidAbstractDataSource.createPhysicalConnection(DruidAbstractDataSource.java:1623)
	at com.alibaba.druid.pool.DruidDataSource$CreateConnectionThread.run(DruidDataSource.java:2468)
Caused by: java.lang.NullPointerException: null
	at com.mysql.jdbc.ConnectionImpl.getServerCharset(ConnectionImpl.java:3005)
	at com.mysql.jdbc.MysqlIO.sendConnectionAttributes(MysqlIO.java:1916)
	at com.mysql.jdbc.MysqlIO.proceedHandshakeWithPluggableAuthentication(MysqlIO.java:1845)
	at com.mysql.jdbc.MysqlIO.doHandshake(MysqlIO.java:1215)
	at com.mysql.jdbc.ConnectionImpl.coreConnect(ConnectionImpl.java:2255)
	at com.mysql.jdbc.ConnectionImpl.connectOneTryOnly(ConnectionImpl.java:2286)
	... 16 common frames omitted
2026-03-17 22:18:05,908 [ERROR] [Druid-ConnectionPool-Create-311108848] com.alibaba.druid.pool.DruidDataSource [DruidDataSource.java : 2471] create connection SQLException, url: jdbc:mysql://127.0.0.1:3306/movie?useUnicode=true&characterEncoding=UTF-8, errorCode 0, state 08001
com.mysql.jdbc.exceptions.jdbc4.MySQLNonTransientConnectionException: Could not create connection to database server.
	at sun.reflect.NativeConstructorAccessorImpl.newInstance0(Native Method)
	at sun.reflect.NativeConstructorAccessorImpl.newInstance(NativeConstructorAccessorImpl.java:62)
	at sun.reflect.DelegatingConstructorAccessorImpl.newInstance(DelegatingConstructorAccessorImpl.java:45)
	at java.lang.reflect.Constructor.newInstance(Constructor.java:423)
	at com.mysql.jdbc.Util.handleNewInstance(Util.java:404)
	at com.mysql.jdbc.Util.getInstance(Util.java:387)
	at com.mysql.jdbc.SQLError.createSQLException(SQLError.java:917)
	at com.mysql.jdbc.SQLError.createSQLException(SQLError.java:896)
	at com.mysql.jdbc.SQLError.createSQLException(SQLError.java:885)
	at com.mysql.jdbc.SQLError.createSQLException(SQLError.java:860)
	at com.mysql.jdbc.ConnectionImpl.connectOneTryOnly(ConnectionImpl.java:2332)
	at com.mysql.jdbc.ConnectionImpl.createNewIO(ConnectionImpl.java:2085)
	at com.mysql.jdbc.ConnectionImpl.<init>(ConnectionImpl.java:795)
	at com.mysql.jdbc.JDBC4Connection.<init>(JDBC4Connection.java:44)
	at sun.reflect.NativeConstructorAccessorImpl.newInstance0(Native Method)
	at sun.reflect.NativeConstructorAccessorImpl.newInstance(NativeConstructorAccessorImpl.java:62)
	at sun.reflect.DelegatingConstructorAccessorImpl.newInstance(DelegatingConstructorAccessorImpl.java:45)
	at java.lang.reflect.Constructor.newInstance(Constructor.java:423)
	at com.mysql.jdbc.Util.handleNewInstance(Util.java:404)
	at com.mysql.jdbc.ConnectionImpl.getInstance(ConnectionImpl.java:400)
	at com.mysql.jdbc.NonRegisteringDriver.connect(NonRegisteringDriver.java:327)
	at com.alibaba.druid.filter.FilterChainImpl.connection_connect(FilterChainImpl.java:156)
	at com.alibaba.druid.filter.stat.StatFilter.connection_connect(StatFilter.java:218)
	at com.alibaba.druid.filter.FilterChainImpl.connection_connect(FilterChainImpl.java:150)
	at com.alibaba.druid.pool.DruidAbstractDataSource.createPhysicalConnection(DruidAbstractDataSource.java:1560)
	at com.alibaba.druid.pool.DruidAbstractDataSource.createPhysicalConnection(DruidAbstractDataSource.java:1623)
	at com.alibaba.druid.pool.DruidDataSource$CreateConnectionThread.run(DruidDataSource.java:2468)
Caused by: java.lang.NullPointerException: null
	at com.mysql.jdbc.ConnectionImpl.getServerCharset(ConnectionImpl.java:3005)
	at com.mysql.jdbc.MysqlIO.sendConnectionAttributes(MysqlIO.java:1916)
	at com.mysql.jdbc.MysqlIO.proceedHandshakeWithPluggableAuthentication(MysqlIO.java:1845)
	at com.mysql.jdbc.MysqlIO.doHandshake(MysqlIO.java:1215)
	at com.mysql.jdbc.ConnectionImpl.coreConnect(ConnectionImpl.java:2255)
	at com.mysql.jdbc.ConnectionImpl.connectOneTryOnly(ConnectionImpl.java:2286)
	... 16 common frames omitted
2026-03-17 22:18:05,910 [INFO] [restartedMain] o.s.b.a.logging.ConditionEvaluationReportLoggingListener [ConditionEvaluationReportLoggingListener.java : 101] 

Error starting ApplicationContext. To display the conditions report re-run your application with 'debug' enabled.
2026-03-17 22:18:05,922 [ERROR] [restartedMain] org.springframework.boot.SpringApplication [SpringApplication.java : 863] Application run failed
org.springframework.beans.factory.UnsatisfiedDependencyException: Error creating bean with name 'customerController': Unsatisfied dependency expressed through field 'userService'; nested exception is org.springframework.beans.factory.UnsatisfiedDependencyException: Error creating bean with name 'userService': Unsatisfied dependency expressed through field 'baseMapper'; nested exception is org.springframework.beans.factory.UnsatisfiedDependencyException: Error creating bean with name 'userDao' defined in file [D:\code\java\movie_recommend_system\movie-recommend-api\target\classes\com\zwk\movie_recommend\dao\UserDao.class]: Unsatisfied dependency expressed through bean property 'sqlSessionFactory'; nested exception is org.springframework.beans.factory.UnsatisfiedDependencyException: Error creating bean with name 'sqlSessionFactory' defined in class path resource [com/baomidou/mybatisplus/spring/boot/starter/MybatisPlusAutoConfiguration.class]: Unsatisfied dependency expressed through method 'sqlSessionFactory' parameter 0; nested exception is org.springframework.beans.factory.BeanCreationException: Error creating bean with name 'dataSource' defined in class path resource [com/alibaba/druid/spring/boot/autoconfigure/DruidDataSourceAutoConfigure.class]: Invocation of init method failed; nested exception is com.mysql.jdbc.exceptions.jdbc4.MySQLNonTransientConnectionException: Could not create connection to database server.
	at org.springframework.beans.factory.annotation.AutowiredAnnotationBeanPostProcessor$AutowiredFieldElement.inject(AutowiredAnnotationBeanPostProcessor.java:586)
	at org.springframework.beans.factory.annotation.InjectionMetadata.inject(InjectionMetadata.java:90)
	at org.springframework.beans.factory.annotation.AutowiredAnnotationBeanPostProcessor.postProcessPropertyValues(AutowiredAnnotationBeanPostProcessor.java:372)
	at org.springframework.beans.factory.support.AbstractAutowireCapableBeanFactory.populateBean(AbstractAutowireCapableBeanFactory.java:1341)
	at org.springframework.beans.factory.support.AbstractAutowireCapableBeanFactory.doCreateBean(AbstractAutowireCapableBeanFactory.java:572)
	at org.springframework.beans.factory.support.AbstractAutowireCapableBeanFactory.createBean(AbstractAutowireCapableBeanFactory.java:495)
	at org.springframework.beans.factory.support.AbstractBeanFactory.lambda$doGetBean$0(AbstractBeanFactory.java:317)
	at org.springframework.beans.factory.support.DefaultSingletonBeanRegistry.getSingleton(DefaultSingletonBeanRegistry.java:222)
	at org.springframework.beans.factory.support.AbstractBeanFactory.doGetBean(AbstractBeanFactory.java:315)
	at org.springframework.beans.factory.support.AbstractBeanFactory.getBean(AbstractBeanFactory.java:199)
	at org.springframework.beans.factory.support.DefaultListableBeanFactory.preInstantiateSingletons(DefaultListableBeanFactory.java:759)
	at org.springframework.context.support.AbstractApplicationContext.finishBeanFactoryInitialization(AbstractApplicationContext.java:869)
	at org.springframework.context.support.AbstractApplicationContext.refresh(AbstractApplicationContext.java:550)
	at org.springframework.boot.web.servlet.context.ServletWebServerApplicationContext.refresh(ServletWebServerApplicationContext.java:140)
	at org.springframework.boot.SpringApplication.refresh(SpringApplication.java:780)
	at org.springframework.boot.SpringApplication.refreshContext(SpringApplication.java:412)
	at org.springframework.boot.SpringApplication.run(SpringApplication.java:333)
	at org.springframework.boot.SpringApplication.run(SpringApplication.java:1277)
	at org.springframework.boot.SpringApplication.run(SpringApplication.java:1265)
	at com.zwk.movie_recommend.MovieRecommendApiApplication.main(MovieRecommendApiApplication.java:29)
	at sun.reflect.NativeMethodAccessorImpl.invoke0(Native Method)
	at sun.reflect.NativeMethodAccessorImpl.invoke(NativeMethodAccessorImpl.java:62)
	at sun.reflect.DelegatingMethodAccessorImpl.invoke(DelegatingMethodAccessorImpl.java:43)
	at java.lang.reflect.Method.invoke(Method.java:498)
	at org.springframework.boot.devtools.restart.RestartLauncher.run(RestartLauncher.java:49)
Caused by: org.springframework.beans.factory.UnsatisfiedDependencyException: Error creating bean with name 'userService': Unsatisfied dependency expressed through field 'baseMapper'; nested exception is org.springframework.beans.factory.UnsatisfiedDependencyException: Error creating bean with name 'userDao' defined in file [D:\code\java\movie_recommend_system\movie-recommend-api\target\classes\com\zwk\movie_recommend\dao\UserDao.class]: Unsatisfied dependency expressed through bean property 'sqlSessionFactory'; nested exception is org.springframework.beans.factory.UnsatisfiedDependencyException: Error creating bean with name 'sqlSessionFactory' defined in class path resource [com/baomidou/mybatisplus/spring/boot/starter/MybatisPlusAutoConfiguration.class]: Unsatisfied dependency expressed through method 'sqlSessionFactory' parameter 0; nested exception is org.springframework.beans.factory.BeanCreationException: Error creating bean with name 'dataSource' defined in class path resource [com/alibaba/druid/spring/boot/autoconfigure/DruidDataSourceAutoConfigure.class]: Invocation of init method failed; nested exception is com.mysql.jdbc.exceptions.jdbc4.MySQLNonTransientConnectionException: Could not create connection to database server.
	at org.springframework.beans.factory.annotation.AutowiredAnnotationBeanPostProcessor$AutowiredFieldElement.inject(AutowiredAnnotationBeanPostProcessor.java:586)
	at org.springframework.beans.factory.annotation.InjectionMetadata.inject(InjectionMetadata.java:90)
	at org.springframework.beans.factory.annotation.AutowiredAnnotationBeanPostProcessor.postProcessPropertyValues(AutowiredAnnotationBeanPostProcessor.java:372)
	at org.springframework.beans.factory.support.AbstractAutowireCapableBeanFactory.populateBean(AbstractAutowireCapableBeanFactory.java:1341)
	at org.springframework.beans.factory.support.AbstractAutowireCapableBeanFactory.doCreateBean(AbstractAutowireCapableBeanFactory.java:572)
	at org.springframework.beans.factory.support.AbstractAutowireCapableBeanFactory.createBean(AbstractAutowireCapableBeanFactory.java:495)
	at org.springframework.beans.factory.support.AbstractBeanFactory.lambda$doGetBean$0(AbstractBeanFactory.java:317)
	at org.springframework.beans.factory.support.DefaultSingletonBeanRegistry.getSingleton(DefaultSingletonBeanRegistry.java:222)
	at org.springframework.beans.factory.support.AbstractBeanFactory.doGetBean(AbstractBeanFactory.java:315)
	at org.springframework.beans.factory.support.AbstractBeanFactory.getBean(AbstractBeanFactory.java:199)
	at org.springframework.beans.factory.config.DependencyDescriptor.resolveCandidate(DependencyDescriptor.java:251)
	at org.springframework.beans.factory.support.DefaultListableBeanFactory.doResolveDependency(DefaultListableBeanFactory.java:1135)
	at org.springframework.beans.factory.support.DefaultListableBeanFactory.resolveDependency(DefaultListableBeanFactory.java:1062)
	at org.springframework.beans.factory.annotation.AutowiredAnnotationBeanPostProcessor$AutowiredFieldElement.inject(AutowiredAnnotationBeanPostProcessor.java:583)
	... 24 common frames omitted
Caused by: org.springframework.beans.factory.UnsatisfiedDependencyException: Error creating bean with name 'userDao' defined in file [D:\code\java\movie_recommend_system\movie-recommend-api\target\classes\com\zwk\movie_recommend\dao\UserDao.class]: Unsatisfied dependency expressed through bean property 'sqlSessionFactory'; nested exception is org.springframework.beans.factory.UnsatisfiedDependencyException: Error creating bean with name 'sqlSessionFactory' defined in class path resource [com/baomidou/mybatisplus/spring/boot/starter/MybatisPlusAutoConfiguration.class]: Unsatisfied dependency expressed through method 'sqlSessionFactory' parameter 0; nested exception is org.springframework.beans.factory.BeanCreationException: Error creating bean with name 'dataSource' defined in class path resource [com/alibaba/druid/spring/boot/autoconfigure/DruidDataSourceAutoConfigure.class]: Invocation of init method failed; nested exception is com.mysql.jdbc.exceptions.jdbc4.MySQLNonTransientConnectionException: Could not create connection to database server.
	at org.springframework.beans.factory.support.AbstractAutowireCapableBeanFactory.autowireByType(AbstractAutowireCapableBeanFactory.java:1436)
	at org.springframework.beans.factory.support.AbstractAutowireCapableBeanFactory.populateBean(AbstractAutowireCapableBeanFactory.java:1323)
	at org.springframework.beans.factory.support.AbstractAutowireCapableBeanFactory.doCreateBean(AbstractAutowireCapableBeanFactory.java:572)
	at org.springframework.beans.factory.support.AbstractAutowireCapableBeanFactory.createBean(AbstractAutowireCapableBeanFactory.java:495)
	at org.springframework.beans.factory.support.AbstractBeanFactory.lambda$doGetBean$0(AbstractBeanFactory.java:317)
	at org.springframework.beans.factory.support.DefaultSingletonBeanRegistry.getSingleton(DefaultSingletonBeanRegistry.java:222)
	at org.springframework.beans.factory.support.AbstractBeanFactory.doGetBean(AbstractBeanFactory.java:315)
	at org.springframework.beans.factory.support.AbstractBeanFactory.getBean(AbstractBeanFactory.java:199)
	at org.springframework.beans.factory.config.DependencyDescriptor.resolveCandidate(DependencyDescriptor.java:251)
	at org.springframework.beans.factory.support.DefaultListableBeanFactory.doResolveDependency(DefaultListableBeanFactory.java:1135)
	at org.springframework.beans.factory.support.DefaultListableBeanFactory.resolveDependency(DefaultListableBeanFactory.java:1062)
	at org.springframework.beans.factory.annotation.AutowiredAnnotationBeanPostProcessor$AutowiredFieldElement.inject(AutowiredAnnotationBeanPostProcessor.java:583)
	... 37 common frames omitted
Caused by: org.springframework.beans.factory.UnsatisfiedDependencyException: Error creating bean with name 'sqlSessionFactory' defined in class path resource [com/baomidou/mybatisplus/spring/boot/starter/MybatisPlusAutoConfiguration.class]: Unsatisfied dependency expressed through method 'sqlSessionFactory' parameter 0; nested exception is org.springframework.beans.factory.BeanCreationException: Error creating bean with name 'dataSource' defined in class path resource [com/alibaba/druid/spring/boot/autoconfigure/DruidDataSourceAutoConfigure.class]: Invocation of init method failed; nested exception is com.mysql.jdbc.exceptions.jdbc4.MySQLNonTransientConnectionException: Could not create connection to database server.
	at org.springframework.beans.factory.support.ConstructorResolver.createArgumentArray(ConstructorResolver.java:732)
	at org.springframework.beans.factory.support.ConstructorResolver.instantiateUsingFactoryMethod(ConstructorResolver.java:474)
	at org.springframework.beans.factory.support.AbstractAutowireCapableBeanFactory.instantiateUsingFactoryMethod(AbstractAutowireCapableBeanFactory.java:1247)
	at org.springframework.beans.factory.support.AbstractAutowireCapableBeanFactory.createBeanInstance(AbstractAutowireCapableBeanFactory.java:1096)
	at org.springframework.beans.factory.support.AbstractAutowireCapableBeanFactory.doCreateBean(AbstractAutowireCapableBeanFactory.java:535)
	at org.springframework.beans.factory.support.AbstractAutowireCapableBeanFactory.createBean(AbstractAutowireCapableBeanFactory.java:495)
	at org.springframework.beans.factory.support.AbstractBeanFactory.lambda$doGetBean$0(AbstractBeanFactory.java:317)
	at org.springframework.beans.factory.support.DefaultSingletonBeanRegistry.getSingleton(DefaultSingletonBeanRegistry.java:222)
	at org.springframework.beans.factory.support.AbstractBeanFactory.doGetBean(AbstractBeanFactory.java:315)
	at org.springframework.beans.factory.support.AbstractBeanFactory.getBean(AbstractBeanFactory.java:199)
	at org.springframework.beans.factory.config.DependencyDescriptor.resolveCandidate(DependencyDescriptor.java:251)
	at org.springframework.beans.factory.support.DefaultListableBeanFactory.doResolveDependency(DefaultListableBeanFactory.java:1135)
	at org.springframework.beans.factory.support.DefaultListableBeanFactory.resolveDependency(DefaultListableBeanFactory.java:1062)
	at org.springframework.beans.factory.support.AbstractAutowireCapableBeanFactory.autowireByType(AbstractAutowireCapableBeanFactory.java:1421)
	... 48 common frames omitted
Caused by: org.springframework.beans.factory.BeanCreationException: Error creating bean with name 'dataSource' defined in class path resource [com/alibaba/druid/spring/boot/autoconfigure/DruidDataSourceAutoConfigure.class]: Invocation of init method failed; nested exception is com.mysql.jdbc.exceptions.jdbc4.MySQLNonTransientConnectionException: Could not create connection to database server.
	at org.springframework.beans.factory.support.AbstractAutowireCapableBeanFactory.initializeBean(AbstractAutowireCapableBeanFactory.java:1699)
	at org.springframework.beans.factory.support.AbstractAutowireCapableBeanFactory.doCreateBean(AbstractAutowireCapableBeanFactory.java:573)
	at org.springframework.beans.factory.support.AbstractAutowireCapableBeanFactory.createBean(AbstractAutowireCapableBeanFactory.java:495)
	at org.springframework.beans.factory.support.AbstractBeanFactory.lambda$doGetBean$0(AbstractBeanFactory.java:317)
	at org.springframework.beans.factory.support.DefaultSingletonBeanRegistry.getSingleton(DefaultSingletonBeanRegistry.java:222)
	at org.springframework.beans.factory.support.AbstractBeanFactory.doGetBean(AbstractBeanFactory.java:315)
	at org.springframework.beans.factory.support.AbstractBeanFactory.getBean(AbstractBeanFactory.java:199)
	at org.springframework.beans.factory.config.DependencyDescriptor.resolveCandidate(DependencyDescriptor.java:251)
	at org.springframework.beans.factory.support.DefaultListableBeanFactory.doResolveDependency(DefaultListableBeanFactory.java:1135)
	at org.springframework.beans.factory.support.DefaultListableBeanFactory.resolveDependency(DefaultListableBeanFactory.java:1062)
	at org.springframework.beans.factory.support.ConstructorResolver.resolveAutowiredArgument(ConstructorResolver.java:818)
	at org.springframework.beans.factory.support.ConstructorResolver.createArgumentArray(ConstructorResolver.java:724)
	... 61 common frames omitted
Caused by: com.mysql.jdbc.exceptions.jdbc4.MySQLNonTransientConnectionException: Could not create connection to database server.
	at sun.reflect.NativeConstructorAccessorImpl.newInstance0(Native Method)
	at sun.reflect.NativeConstructorAccessorImpl.newInstance(NativeConstructorAccessorImpl.java:62)
	at sun.reflect.DelegatingConstructorAccessorImpl.newInstance(DelegatingConstructorAccessorImpl.java:45)
	at java.lang.reflect.Constructor.newInstance(Constructor.java:423)
	at com.mysql.jdbc.Util.handleNewInstance(Util.java:404)
	at com.mysql.jdbc.Util.getInstance(Util.java:387)
	at com.mysql.jdbc.SQLError.createSQLException(SQLError.java:917)
	at com.mysql.jdbc.SQLError.createSQLException(SQLError.java:896)
	at com.mysql.jdbc.SQLError.createSQLException(SQLError.java:885)
	at com.mysql.jdbc.SQLError.createSQLException(SQLError.java:860)
	at com.mysql.jdbc.ConnectionImpl.connectOneTryOnly(ConnectionImpl.java:2332)
	at com.mysql.jdbc.ConnectionImpl.createNewIO(ConnectionImpl.java:2085)
	at com.mysql.jdbc.ConnectionImpl.<init>(ConnectionImpl.java:795)
	at com.mysql.jdbc.JDBC4Connection.<init>(JDBC4Connection.java:44)
	at sun.reflect.NativeConstructorAccessorImpl.newInstance0(Native Method)
	at sun.reflect.NativeConstructorAccessorImpl.newInstance(NativeConstructorAccessorImpl.java:62)
	at sun.reflect.DelegatingConstructorAccessorImpl.newInstance(DelegatingConstructorAccessorImpl.java:45)
	at java.lang.reflect.Constructor.newInstance(Constructor.java:423)
	at com.mysql.jdbc.Util.handleNewInstance(Util.java:404)
	at com.mysql.jdbc.ConnectionImpl.getInstance(ConnectionImpl.java:400)
	at com.mysql.jdbc.NonRegisteringDriver.connect(NonRegisteringDriver.java:327)
	at com.alibaba.druid.filter.FilterChainImpl.connection_connect(FilterChainImpl.java:156)
	at com.alibaba.druid.filter.stat.StatFilter.connection_connect(StatFilter.java:218)
	at com.alibaba.druid.filter.FilterChainImpl.connection_connect(FilterChainImpl.java:150)
	at com.alibaba.druid.pool.DruidAbstractDataSource.createPhysicalConnection(DruidAbstractDataSource.java:1560)
	at com.alibaba.druid.pool.DruidAbstractDataSource.createPhysicalConnection(DruidAbstractDataSource.java:1623)
	at com.alibaba.druid.pool.DruidDataSource.init(DruidDataSource.java:861)
	at sun.reflect.NativeMethodAccessorImpl.invoke0(Native Method)
	at sun.reflect.NativeMethodAccessorImpl.invoke(NativeMethodAccessorImpl.java:62)
	at sun.reflect.DelegatingMethodAccessorImpl.invoke(DelegatingMethodAccessorImpl.java:43)
	at java.lang.reflect.Method.invoke(Method.java:498)
	at org.springframework.beans.factory.support.AbstractAutowireCapableBeanFactory.invokeCustomInitMethod(AbstractAutowireCapableBeanFactory.java:1824)
	at org.springframework.beans.factory.support.AbstractAutowireCapableBeanFactory.invokeInitMethods(AbstractAutowireCapableBeanFactory.java:1767)
	at org.springframework.beans.factory.support.AbstractAutowireCapableBeanFactory.initializeBean(AbstractAutowireCapableBeanFactory.java:1695)
	... 72 common frames omitted
Caused by: java.lang.NullPointerException: null
	at com.mysql.jdbc.ConnectionImpl.getServerCharset(ConnectionImpl.java:3005)
	at com.mysql.jdbc.MysqlIO.sendConnectionAttributes(MysqlIO.java:1916)
	at com.mysql.jdbc.MysqlIO.proceedHandshakeWithPluggableAuthentication(MysqlIO.java:1845)
	at com.mysql.jdbc.MysqlIO.doHandshake(MysqlIO.java:1215)
	at com.mysql.jdbc.ConnectionImpl.coreConnect(ConnectionImpl.java:2255)
	at com.mysql.jdbc.ConnectionImpl.connectOneTryOnly(ConnectionImpl.java:2286)
	... 95 common frames omitted
2026-03-17 22:18:05,961 [INFO] [localhost-startStop-1] org.apache.jasper.servlet.TldScanner [DirectJDKLog.java : 180] At least one JAR was scanned for TLDs yet contained no TLDs. Enable debug logging for this logger for a complete list of JARs that were scanned but no TLDs were found in them. Skipping unneeded JARs during scanning can improve startup time and JSP compilation time.
2026-03-17 22:18:05,968 [INFO] [localhost-startStop-1] o.a.c.c.C.[Tomcat].[localhost].[/movie-recommend-api] [DirectJDKLog.java : 180] Initializing Spring embedded WebApplicationContext
2026-03-17 22:18:05,968 [INFO] [localhost-startStop-1] org.springframework.web.context.ContextLoader [ServletWebServerApplicationContext.java : 285] Root WebApplicationContext: initialization completed in 4706 ms
2026-03-17 22:18:06,164 [INFO] [localhost-startStop-1] org.springframework.boot.web.servlet.ServletRegistrationBean [ServletRegistrationBean.java : 187] Servlet dispatcherServlet mapped to [/]
2026-03-17 22:18:06,169 [INFO] [localhost-startStop-1] org.springframework.boot.web.servlet.ServletRegistrationBean [ServletRegistrationBean.java : 187] Servlet statViewServlet mapped to [/druid/*]
2026-03-17 22:18:06,177 [INFO] [localhost-startStop-1] org.springframework.boot.web.servlet.FilterRegistrationBean [AbstractFilterRegistrationBean.java : 245] Mapping filter: 'characterEncodingFilter' to: [/*]
2026-03-17 22:18:06,177 [INFO] [localhost-startStop-1] org.springframework.boot.web.servlet.FilterRegistrationBean [AbstractFilterRegistrationBean.java : 245] Mapping filter: 'hiddenHttpMethodFilter' to: [/*]
2026-03-17 22:18:06,179 [INFO] [localhost-startStop-1] org.springframework.boot.web.servlet.FilterRegistrationBean [AbstractFilterRegistrationBean.java : 245] Mapping filter: 'httpPutFormContentFilter' to: [/*]
2026-03-17 22:18:06,179 [INFO] [localhost-startStop-1] org.springframework.boot.web.servlet.FilterRegistrationBean [AbstractFilterRegistrationBean.java : 245] Mapping filter: 'requestContextFilter' to: [/*]
2026-03-17 22:18:06,179 [INFO] [localhost-startStop-1] org.springframework.boot.web.servlet.FilterRegistrationBean [AbstractFilterRegistrationBean.java : 258] Mapping filter: 'webStatFilter' to urls: [/*]
2026-03-17 22:18:06,703 [INFO] [restartedMain] c.a.d.spring.boot.autoconfigure.DruidDataSourceAutoConfigure [DruidDataSourceAutoConfigure.java : 56] Init DruidDataSource
2026-03-17 22:18:08,515 [ERROR] [restartedMain] com.alibaba.druid.pool.DruidDataSource [DruidDataSource.java : 872] init datasource error, url: jdbc:mysql://127.0.0.1:3306/movie?useUnicode=true&characterEncoding=UTF-8
com.mysql.jdbc.exceptions.jdbc4.MySQLNonTransientConnectionException: Could not create connection to database server.
	at sun.reflect.NativeConstructorAccessorImpl.newInstance0(Native Method)
	at sun.reflect.NativeConstructorAccessorImpl.newInstance(NativeConstructorAccessorImpl.java:62)
	at sun.reflect.DelegatingConstructorAccessorImpl.newInstance(DelegatingConstructorAccessorImpl.java:45)
	at java.lang.reflect.Constructor.newInstance(Constructor.java:423)
	at com.mysql.jdbc.Util.handleNewInstance(Util.java:404)
	at com.mysql.jdbc.Util.getInstance(Util.java:387)
	at com.mysql.jdbc.SQLError.createSQLException(SQLError.java:917)
	at com.mysql.jdbc.SQLError.createSQLException(SQLError.java:896)
	at com.mysql.jdbc.SQLError.createSQLException(SQLError.java:885)
	at com.mysql.jdbc.SQLError.createSQLException(SQLError.java:860)
	at com.mysql.jdbc.ConnectionImpl.connectOneTryOnly(ConnectionImpl.java:2332)
	at com.mysql.jdbc.ConnectionImpl.createNewIO(ConnectionImpl.java:2085)
	at com.mysql.jdbc.ConnectionImpl.<init>(ConnectionImpl.java:795)
	at com.mysql.jdbc.JDBC4Connection.<init>(JDBC4Connection.java:44)
	at sun.reflect.NativeConstructorAccessorImpl.newInstance0(Native Method)
	at sun.reflect.NativeConstructorAccessorImpl.newInstance(NativeConstructorAccessorImpl.java:62)
	at sun.reflect.DelegatingConstructorAccessorImpl.newInstance(DelegatingConstructorAccessorImpl.java:45)
	at java.lang.reflect.Constructor.newInstance(Constructor.java:423)
	at com.mysql.jdbc.Util.handleNewInstance(Util.java:404)
	at com.mysql.jdbc.ConnectionImpl.getInstance(ConnectionImpl.java:400)
	at com.mysql.jdbc.NonRegisteringDriver.connect(NonRegisteringDriver.java:327)
	at com.alibaba.druid.filter.FilterChainImpl.connection_connect(FilterChainImpl.java:156)
	at com.alibaba.druid.filter.stat.StatFilter.connection_connect(StatFilter.java:218)
	at com.alibaba.druid.filter.FilterChainImpl.connection_connect(FilterChainImpl.java:150)
	at com.alibaba.druid.pool.DruidAbstractDataSource.createPhysicalConnection(DruidAbstractDataSource.java:1560)
	at com.alibaba.druid.pool.DruidAbstractDataSource.createPhysicalConnection(DruidAbstractDataSource.java:1623)
	at com.alibaba.druid.pool.DruidDataSource.init(DruidDataSource.java:861)
	at sun.reflect.NativeMethodAccessorImpl.invoke0(Native Method)
	at sun.reflect.NativeMethodAccessorImpl.invoke(NativeMethodAccessorImpl.java:62)
	at sun.reflect.DelegatingMethodAccessorImpl.invoke(DelegatingMethodAccessorImpl.java:43)
	at java.lang.reflect.Method.invoke(Method.java:498)
	at org.springframework.beans.factory.support.AbstractAutowireCapableBeanFactory.invokeCustomInitMethod(AbstractAutowireCapableBeanFactory.java:1824)
	at org.springframework.beans.factory.support.AbstractAutowireCapableBeanFactory.invokeInitMethods(AbstractAutowireCapableBeanFactory.java:1767)
	at org.springframework.beans.factory.support.AbstractAutowireCapableBeanFactory.initializeBean(AbstractAutowireCapableBeanFactory.java:1695)
	at org.springframework.beans.factory.support.AbstractAutowireCapableBeanFactory.doCreateBean(AbstractAutowireCapableBeanFactory.java:573)
	at org.springframework.beans.factory.support.AbstractAutowireCapableBeanFactory.createBean(AbstractAutowireCapableBeanFactory.java:495)
	at org.springframework.beans.factory.support.AbstractBeanFactory.lambda$doGetBean$0(AbstractBeanFactory.java:317)
	at org.springframework.beans.factory.support.DefaultSingletonBeanRegistry.getSingleton(DefaultSingletonBeanRegistry.java:222)
	at org.springframework.beans.factory.support.AbstractBeanFactory.doGetBean(AbstractBeanFactory.java:315)
	at org.springframework.beans.factory.support.AbstractBeanFactory.getBean(AbstractBeanFactory.java:199)
	at org.springframework.beans.factory.config.DependencyDescriptor.resolveCandidate(DependencyDescriptor.java:251)
	at org.springframework.beans.factory.support.DefaultListableBeanFactory.doResolveDependency(DefaultListableBeanFactory.java:1135)
	at org.springframework.beans.factory.support.DefaultListableBeanFactory.resolveDependency(DefaultListableBeanFactory.java:1062)
	at org.springframework.beans.factory.support.ConstructorResolver.resolveAutowiredArgument(ConstructorResolver.java:818)
	at org.springframework.beans.factory.support.ConstructorResolver.createArgumentArray(ConstructorResolver.java:724)
	at org.springframework.beans.factory.support.ConstructorResolver.instantiateUsingFactoryMethod(ConstructorResolver.java:474)
	at org.springframework.beans.factory.support.AbstractAutowireCapableBeanFactory.instantiateUsingFactoryMethod(AbstractAutowireCapableBeanFactory.java:1247)
	at org.springframework.beans.factory.support.AbstractAutowireCapableBeanFactory.createBeanInstance(AbstractAutowireCapableBeanFactory.java:1096)
	at org.springframework.beans.factory.support.AbstractAutowireCapableBeanFactory.doCreateBean(AbstractAutowireCapableBeanFactory.java:535)
	at org.springframework.beans.factory.support.AbstractAutowireCapableBeanFactory.createBean(AbstractAutowireCapableBeanFactory.java:495)
	at org.springframework.beans.factory.support.AbstractBeanFactory.lambda$doGetBean$0(AbstractBeanFactory.java:317)
	at org.springframework.beans.factory.support.DefaultSingletonBeanRegistry.getSingleton(DefaultSingletonBeanRegistry.java:222)
	at org.springframework.beans.factory.support.AbstractBeanFactory.doGetBean(AbstractBeanFactory.java:315)
	at org.springframework.beans.factory.support.AbstractBeanFactory.getBean(AbstractBeanFactory.java:199)
	at org.springframework.beans.factory.config.DependencyDescriptor.resolveCandidate(DependencyDescriptor.java:251)
	at org.springframework.beans.factory.support.DefaultListableBeanFactory.doResolveDependency(DefaultListableBeanFactory.java:1135)
	at org.springframework.beans.factory.support.DefaultListableBeanFactory.resolveDependency(DefaultListableBeanFactory.java:1062)
	at org.springframework.beans.factory.support.AbstractAutowireCapableBeanFactory.autowireByType(AbstractAutowireCapableBeanFactory.java:1421)
	at org.springframework.beans.factory.support.AbstractAutowireCapableBeanFactory.populateBean(AbstractAutowireCapableBeanFactory.java:1323)
	at org.springframework.beans.factory.support.AbstractAutowireCapableBeanFactory.doCreateBean(AbstractAutowireCapableBeanFactory.java:572)
	at org.springframework.beans.factory.support.AbstractAutowireCapableBeanFactory.createBean(AbstractAutowireCapableBeanFactory.java:495)
	at org.springframework.beans.factory.support.AbstractBeanFactory.lambda$doGetBean$0(AbstractBeanFactory.java:317)
	at org.springframework.beans.factory.support.DefaultSingletonBeanRegistry.getSingleton(DefaultSingletonBeanRegistry.java:222)
	at org.springframework.beans.factory.support.AbstractBeanFactory.doGetBean(AbstractBeanFactory.java:315)
	at org.springframework.beans.factory.support.AbstractBeanFactory.getBean(AbstractBeanFactory.java:199)
	at org.springframework.beans.factory.config.DependencyDescriptor.resolveCandidate(DependencyDescriptor.java:251)
	at org.springframework.beans.factory.support.DefaultListableBeanFactory.doResolveDependency(DefaultListableBeanFactory.java:1135)
	at org.springframework.beans.factory.support.DefaultListableBeanFactory.resolveDependency(DefaultListableBeanFactory.java:1062)
	at org.springframework.beans.factory.annotation.AutowiredAnnotationBeanPostProcessor$AutowiredFieldElement.inject(AutowiredAnnotationBeanPostProcessor.java:583)
	at org.springframework.beans.factory.annotation.InjectionMetadata.inject(InjectionMetadata.java:90)
	at org.springframework.beans.factory.annotation.AutowiredAnnotationBeanPostProcessor.postProcessPropertyValues(AutowiredAnnotationBeanPostProcessor.java:372)
	at org.springframework.beans.factory.support.AbstractAutowireCapableBeanFactory.populateBean(AbstractAutowireCapableBeanFactory.java:1341)
	at org.springframework.beans.factory.support.AbstractAutowireCapableBeanFactory.doCreateBean(AbstractAutowireCapableBeanFactory.java:572)
	at org.springframework.beans.factory.support.AbstractAutowireCapableBeanFactory.createBean(AbstractAutowireCapableBeanFactory.java:495)
	at org.springframework.beans.factory.support.AbstractBeanFactory.lambda$doGetBean$0(AbstractBeanFactory.java:317)
	at org.springframework.beans.factory.support.DefaultSingletonBeanRegistry.getSingleton(DefaultSingletonBeanRegistry.java:222)
	at org.springframework.beans.factory.support.AbstractBeanFactory.doGetBean(AbstractBeanFactory.java:315)
	at org.springframework.beans.factory.support.AbstractBeanFactory.getBean(AbstractBeanFactory.java:199)
	at org.springframework.beans.factory.config.DependencyDescriptor.resolveCandidate(DependencyDescriptor.java:251)
	at org.springframework.beans.factory.support.DefaultListableBeanFactory.doResolveDependency(DefaultListableBeanFactory.java:1135)
	at org.springframework.beans.factory.support.DefaultListableBeanFactory.resolveDependency(DefaultListableBeanFactory.java:1062)
	at org.springframework.beans.factory.annotation.AutowiredAnnotationBeanPostProcessor$AutowiredFieldElement.inject(AutowiredAnnotationBeanPostProcessor.java:583)
	at org.springframework.beans.factory.annotation.InjectionMetadata.inject(InjectionMetadata.java:90)
	at org.springframework.beans.factory.annotation.AutowiredAnnotationBeanPostProcessor.postProcessPropertyValues(AutowiredAnnotationBeanPostProcessor.java:372)
	at org.springframework.beans.factory.support.AbstractAutowireCapableBeanFactory.populateBean(AbstractAutowireCapableBeanFactory.java:1341)
	at org.springframework.beans.factory.support.AbstractAutowireCapableBeanFactory.doCreateBean(AbstractAutowireCapableBeanFactory.java:572)
	at org.springframework.beans.factory.support.AbstractAutowireCapableBeanFactory.createBean(AbstractAutowireCapableBeanFactory.java:495)
	at org.springframework.beans.factory.support.AbstractBeanFactory.lambda$doGetBean$0(AbstractBeanFactory.java:317)
	at org.springframework.beans.factory.support.DefaultSingletonBeanRegistry.getSingleton(DefaultSingletonBeanRegistry.java:222)
	at org.springframework.beans.factory.support.AbstractBeanFactory.doGetBean(AbstractBeanFactory.java:315)
	at org.springframework.beans.factory.support.AbstractBeanFactory.getBean(AbstractBeanFactory.java:199)
	at org.springframework.beans.factory.support.DefaultListableBeanFactory.preInstantiateSingletons(DefaultListableBeanFactory.java:759)
	at org.springframework.context.support.AbstractApplicationContext.finishBeanFactoryInitialization(AbstractApplicationContext.java:869)
	at org.springframework.context.support.AbstractApplicationContext.refresh(AbstractApplicationContext.java:550)
	at org.springframework.boot.web.servlet.context.ServletWebServerApplicationContext.refresh(ServletWebServerApplicationContext.java:140)
	at org.springframework.boot.SpringApplication.refresh(SpringApplication.java:780)
	at org.springframework.boot.SpringApplication.refreshContext(SpringApplication.java:412)
	at org.springframework.boot.SpringApplication.run(SpringApplication.java:333)
	at org.springframework.boot.SpringApplication.run(SpringApplication.java:1277)
	at org.springframework.boot.SpringApplication.run(SpringApplication.java:1265)
	at com.zwk.movie_recommend.MovieRecommendApiApplication.main(MovieRecommendApiApplication.java:29)
	at sun.reflect.NativeMethodAccessorImpl.invoke0(Native Method)
	at sun.reflect.NativeMethodAccessorImpl.invoke(NativeMethodAccessorImpl.java:62)
	at sun.reflect.DelegatingMethodAccessorImpl.invoke(DelegatingMethodAccessorImpl.java:43)
	at java.lang.reflect.Method.invoke(Method.java:498)
	at org.springframework.boot.devtools.restart.RestartLauncher.run(RestartLauncher.java:49)
Caused by: java.lang.NullPointerException: null
	at com.mysql.jdbc.ConnectionImpl.getServerCharset(ConnectionImpl.java:3005)
	at com.mysql.jdbc.MysqlIO.sendConnectionAttributes(MysqlIO.java:1916)
	at com.mysql.jdbc.MysqlIO.proceedHandshakeWithPluggableAuthentication(MysqlIO.java:1845)
	at com.mysql.jdbc.MysqlIO.doHandshake(MysqlIO.java:1215)
	at com.mysql.jdbc.ConnectionImpl.coreConnect(ConnectionImpl.java:2255)
	at com.mysql.jdbc.ConnectionImpl.connectOneTryOnly(ConnectionImpl.java:2286)
	... 95 common frames omitted
2026-03-17 22:18:08,523 [ERROR] [restartedMain] com.alibaba.druid.pool.DruidDataSource [DruidDataSource.java : 905] {dataSource-1} init error
com.mysql.jdbc.exceptions.jdbc4.MySQLNonTransientConnectionException: Could not create connection to database server.
	at sun.reflect.NativeConstructorAccessorImpl.newInstance0(Native Method)
	at sun.reflect.NativeConstructorAccessorImpl.newInstance(NativeConstructorAccessorImpl.java:62)
	at sun.reflect.DelegatingConstructorAccessorImpl.newInstance(DelegatingConstructorAccessorImpl.java:45)
	at java.lang.reflect.Constructor.newInstance(Constructor.java:423)
	at com.mysql.jdbc.Util.handleNewInstance(Util.java:404)
	at com.mysql.jdbc.Util.getInstance(Util.java:387)
	at com.mysql.jdbc.SQLError.createSQLException(SQLError.java:917)
	at com.mysql.jdbc.SQLError.createSQLException(SQLError.java:896)
	at com.mysql.jdbc.SQLError.createSQLException(SQLError.java:885)
	at com.mysql.jdbc.SQLError.createSQLException(SQLError.java:860)
	at com.mysql.jdbc.ConnectionImpl.connectOneTryOnly(ConnectionImpl.java:2332)
	at com.mysql.jdbc.ConnectionImpl.createNewIO(ConnectionImpl.java:2085)
	at com.mysql.jdbc.ConnectionImpl.<init>(ConnectionImpl.java:795)
	at com.mysql.jdbc.JDBC4Connection.<init>(JDBC4Connection.java:44)
	at sun.reflect.NativeConstructorAccessorImpl.newInstance0(Native Method)
	at sun.reflect.NativeConstructorAccessorImpl.newInstance(NativeConstructorAccessorImpl.java:62)
	at sun.reflect.DelegatingConstructorAccessorImpl.newInstance(DelegatingConstructorAccessorImpl.java:45)
	at java.lang.reflect.Constructor.newInstance(Constructor.java:423)
	at com.mysql.jdbc.Util.handleNewInstance(Util.java:404)
	at com.mysql.jdbc.ConnectionImpl.getInstance(ConnectionImpl.java:400)
	at com.mysql.jdbc.NonRegisteringDriver.connect(NonRegisteringDriver.java:327)
	at com.alibaba.druid.filter.FilterChainImpl.connection_connect(FilterChainImpl.java:156)
	at com.alibaba.druid.filter.stat.StatFilter.connection_connect(StatFilter.java:218)
	at com.alibaba.druid.filter.FilterChainImpl.connection_connect(FilterChainImpl.java:150)
	at com.alibaba.druid.pool.DruidAbstractDataSource.createPhysicalConnection(DruidAbstractDataSource.java:1560)
	at com.alibaba.druid.pool.DruidAbstractDataSource.createPhysicalConnection(DruidAbstractDataSource.java:1623)
	at com.alibaba.druid.pool.DruidDataSource.init(DruidDataSource.java:861)
	at sun.reflect.NativeMethodAccessorImpl.invoke0(Native Method)
	at sun.reflect.NativeMethodAccessorImpl.invoke(NativeMethodAccessorImpl.java:62)
	at sun.reflect.DelegatingMethodAccessorImpl.invoke(DelegatingMethodAccessorImpl.java:43)
	at java.lang.reflect.Method.invoke(Method.java:498)
	at org.springframework.beans.factory.support.AbstractAutowireCapableBeanFactory.invokeCustomInitMethod(AbstractAutowireCapableBeanFactory.java:1824)
	at org.springframework.beans.factory.support.AbstractAutowireCapableBeanFactory.invokeInitMethods(AbstractAutowireCapableBeanFactory.java:1767)
	at org.springframework.beans.factory.support.AbstractAutowireCapableBeanFactory.initializeBean(AbstractAutowireCapableBeanFactory.java:1695)
	at org.springframework.beans.factory.support.AbstractAutowireCapableBeanFactory.doCreateBean(AbstractAutowireCapableBeanFactory.java:573)
	at org.springframework.beans.factory.support.AbstractAutowireCapableBeanFactory.createBean(AbstractAutowireCapableBeanFactory.java:495)
	at org.springframework.beans.factory.support.AbstractBeanFactory.lambda$doGetBean$0(AbstractBeanFactory.java:317)
	at org.springframework.beans.factory.support.DefaultSingletonBeanRegistry.getSingleton(DefaultSingletonBeanRegistry.java:222)
	at org.springframework.beans.factory.support.AbstractBeanFactory.doGetBean(AbstractBeanFactory.java:315)
	at org.springframework.beans.factory.support.AbstractBeanFactory.getBean(AbstractBeanFactory.java:199)
	at org.springframework.beans.factory.config.DependencyDescriptor.resolveCandidate(DependencyDescriptor.java:251)
	at org.springframework.beans.factory.support.DefaultListableBeanFactory.doResolveDependency(DefaultListableBeanFactory.java:1135)
	at org.springframework.beans.factory.support.DefaultListableBeanFactory.resolveDependency(DefaultListableBeanFactory.java:1062)
	at org.springframework.beans.factory.support.ConstructorResolver.resolveAutowiredArgument(ConstructorResolver.java:818)
	at org.springframework.beans.factory.support.ConstructorResolver.createArgumentArray(ConstructorResolver.java:724)
	at org.springframework.beans.factory.support.ConstructorResolver.instantiateUsingFactoryMethod(ConstructorResolver.java:474)
	at org.springframework.beans.factory.support.AbstractAutowireCapableBeanFactory.instantiateUsingFactoryMethod(AbstractAutowireCapableBeanFactory.java:1247)
	at org.springframework.beans.factory.support.AbstractAutowireCapableBeanFactory.createBeanInstance(AbstractAutowireCapableBeanFactory.java:1096)
	at org.springframework.beans.factory.support.AbstractAutowireCapableBeanFactory.doCreateBean(AbstractAutowireCapableBeanFactory.java:535)
	at org.springframework.beans.factory.support.AbstractAutowireCapableBeanFactory.createBean(AbstractAutowireCapableBeanFactory.java:495)
	at org.springframework.beans.factory.support.AbstractBeanFactory.lambda$doGetBean$0(AbstractBeanFactory.java:317)
	at org.springframework.beans.factory.support.DefaultSingletonBeanRegistry.getSingleton(DefaultSingletonBeanRegistry.java:222)
	at org.springframework.beans.factory.support.AbstractBeanFactory.doGetBean(AbstractBeanFactory.java:315)
	at org.springframework.beans.factory.support.AbstractBeanFactory.getBean(AbstractBeanFactory.java:199)
	at org.springframework.beans.factory.config.DependencyDescriptor.resolveCandidate(DependencyDescriptor.java:251)
	at org.springframework.beans.factory.support.DefaultListableBeanFactory.doResolveDependency(DefaultListableBeanFactory.java:1135)
	at org.springframework.beans.factory.support.DefaultListableBeanFactory.resolveDependency(DefaultListableBeanFactory.java:1062)
	at org.springframework.beans.factory.support.AbstractAutowireCapableBeanFactory.autowireByType(AbstractAutowireCapableBeanFactory.java:1421)
	at org.springframework.beans.factory.support.AbstractAutowireCapableBeanFactory.populateBean(AbstractAutowireCapableBeanFactory.java:1323)
	at org.springframework.beans.factory.support.AbstractAutowireCapableBeanFactory.doCreateBean(AbstractAutowireCapableBeanFactory.java:572)
	at org.springframework.beans.factory.support.AbstractAutowireCapableBeanFactory.createBean(AbstractAutowireCapableBeanFactory.java:495)
	at org.springframework.beans.factory.support.AbstractBeanFactory.lambda$doGetBean$0(AbstractBeanFactory.java:317)
	at org.springframework.beans.factory.support.DefaultSingletonBeanRegistry.getSingleton(DefaultSingletonBeanRegistry.java:222)
	at org.springframework.beans.factory.support.AbstractBeanFactory.doGetBean(AbstractBeanFactory.java:315)
	at org.springframework.beans.factory.support.AbstractBeanFactory.getBean(AbstractBeanFactory.java:199)
	at org.springframework.beans.factory.config.DependencyDescriptor.resolveCandidate(DependencyDescriptor.java:251)
	at org.springframework.beans.factory.support.DefaultListableBeanFactory.doResolveDependency(DefaultListableBeanFactory.java:1135)
	at org.springframework.beans.factory.support.DefaultListableBeanFactory.resolveDependency(DefaultListableBeanFactory.java:1062)
	at org.springframework.beans.factory.annotation.AutowiredAnnotationBeanPostProcessor$AutowiredFieldElement.inject(AutowiredAnnotationBeanPostProcessor.java:583)
	at org.springframework.beans.factory.annotation.InjectionMetadata.inject(InjectionMetadata.java:90)
	at org.springframework.beans.factory.annotation.AutowiredAnnotationBeanPostProcessor.postProcessPropertyValues(AutowiredAnnotationBeanPostProcessor.java:372)
	at org.springframework.beans.factory.support.AbstractAutowireCapableBeanFactory.populateBean(AbstractAutowireCapableBeanFactory.java:1341)
	at org.springframework.beans.factory.support.AbstractAutowireCapableBeanFactory.doCreateBean(AbstractAutowireCapableBeanFactory.java:572)
	at org.springframework.beans.factory.support.AbstractAutowireCapableBeanFactory.createBean(AbstractAutowireCapableBeanFactory.java:495)
	at org.springframework.beans.factory.support.AbstractBeanFactory.lambda$doGetBean$0(AbstractBeanFactory.java:317)
	at org.springframework.beans.factory.support.DefaultSingletonBeanRegistry.getSingleton(DefaultSingletonBeanRegistry.java:222)
	at org.springframework.beans.factory.support.AbstractBeanFactory.doGetBean(AbstractBeanFactory.java:315)
	at org.springframework.beans.factory.support.AbstractBeanFactory.getBean(AbstractBeanFactory.java:199)
	at org.springframework.beans.factory.config.DependencyDescriptor.resolveCandidate(DependencyDescriptor.java:251)
	at org.springframework.beans.factory.support.DefaultListableBeanFactory.doResolveDependency(DefaultListableBeanFactory.java:1135)
	at org.springframework.beans.factory.support.DefaultListableBeanFactory.resolveDependency(DefaultListableBeanFactory.java:1062)
	at org.springframework.beans.factory.annotation.AutowiredAnnotationBeanPostProcessor$AutowiredFieldElement.inject(AutowiredAnnotationBeanPostProcessor.java:583)
	at org.springframework.beans.factory.annotation.InjectionMetadata.inject(InjectionMetadata.java:90)
	at org.springframework.beans.factory.annotation.AutowiredAnnotationBeanPostProcessor.postProcessPropertyValues(AutowiredAnnotationBeanPostProcessor.java:372)
	at org.springframework.beans.factory.support.AbstractAutowireCapableBeanFactory.populateBean(AbstractAutowireCapableBeanFactory.java:1341)
	at org.springframework.beans.factory.support.AbstractAutowireCapableBeanFactory.doCreateBean(AbstractAutowireCapableBeanFactory.java:572)
	at org.springframework.beans.factory.support.AbstractAutowireCapableBeanFactory.createBean(AbstractAutowireCapableBeanFactory.java:495)
	at org.springframework.beans.factory.support.AbstractBeanFactory.lambda$doGetBean$0(AbstractBeanFactory.java:317)
	at org.springframework.beans.factory.support.DefaultSingletonBeanRegistry.getSingleton(DefaultSingletonBeanRegistry.java:222)
	at org.springframework.beans.factory.support.AbstractBeanFactory.doGetBean(AbstractBeanFactory.java:315)
	at org.springframework.beans.factory.support.AbstractBeanFactory.getBean(AbstractBeanFactory.java:199)
	at org.springframework.beans.factory.support.DefaultListableBeanFactory.preInstantiateSingletons(DefaultListableBeanFactory.java:759)
	at org.springframework.context.support.AbstractApplicationContext.finishBeanFactoryInitialization(AbstractApplicationContext.java:869)
	at org.springframework.context.support.AbstractApplicationContext.refresh(AbstractApplicationContext.java:550)
	at org.springframework.boot.web.servlet.context.ServletWebServerApplicationContext.refresh(ServletWebServerApplicationContext.java:140)
	at org.springframework.boot.SpringApplication.refresh(SpringApplication.java:780)
	at org.springframework.boot.SpringApplication.refreshContext(SpringApplication.java:412)
	at org.springframework.boot.SpringApplication.run(SpringApplication.java:333)
	at org.springframework.boot.SpringApplication.run(SpringApplication.java:1277)
	at org.springframework.boot.SpringApplication.run(SpringApplication.java:1265)
	at com.zwk.movie_recommend.MovieRecommendApiApplication.main(MovieRecommendApiApplication.java:29)
	at sun.reflect.NativeMethodAccessorImpl.invoke0(Native Method)
	at sun.reflect.NativeMethodAccessorImpl.invoke(NativeMethodAccessorImpl.java:62)
	at sun.reflect.DelegatingMethodAccessorImpl.invoke(DelegatingMethodAccessorImpl.java:43)
	at java.lang.reflect.Method.invoke(Method.java:498)
	at org.springframework.boot.devtools.restart.RestartLauncher.run(RestartLauncher.java:49)
Caused by: java.lang.NullPointerException: null
	at com.mysql.jdbc.ConnectionImpl.getServerCharset(ConnectionImpl.java:3005)
	at com.mysql.jdbc.MysqlIO.sendConnectionAttributes(MysqlIO.java:1916)
	at com.mysql.jdbc.MysqlIO.proceedHandshakeWithPluggableAuthentication(MysqlIO.java:1845)
	at com.mysql.jdbc.MysqlIO.doHandshake(MysqlIO.java:1215)
	at com.mysql.jdbc.ConnectionImpl.coreConnect(ConnectionImpl.java:2255)
	at com.mysql.jdbc.ConnectionImpl.connectOneTryOnly(ConnectionImpl.java:2286)
	... 95 common frames omitted
2026-03-17 22:18:08,524 [INFO] [restartedMain] com.alibaba.druid.pool.DruidDataSource [DruidDataSource.java : 930] {dataSource-1} inited
2026-03-17 22:18:08,530 [WARN] [restartedMain] o.s.b.w.s.c.AnnotationConfigServletWebServerApplicationContext [AbstractApplicationContext.java : 558] Exception encountered during context initialization - cancelling refresh attempt: org.springframework.beans.factory.UnsatisfiedDependencyException: Error creating bean with name 'customerController': Unsatisfied dependency expressed through field 'userService'; nested exception is org.springframework.beans.factory.UnsatisfiedDependencyException: Error creating bean with name 'userService': Unsatisfied dependency expressed through field 'baseMapper'; nested exception is org.springframework.beans.factory.UnsatisfiedDependencyException: Error creating bean with name 'userDao' defined in file [D:\code\java\movie_recommend_system\movie-recommend-api\target\classes\com\zwk\movie_recommend\dao\UserDao.class]: Unsatisfied dependency expressed through bean property 'sqlSessionFactory'; nested exception is org.springframework.beans.factory.UnsatisfiedDependencyException: Error creating bean with name 'sqlSessionFactory' defined in class path resource [com/baomidou/mybatisplus/spring/boot/starter/MybatisPlusAutoConfiguration.class]: Unsatisfied dependency expressed through method 'sqlSessionFactory' parameter 0; nested exception is org.springframework.beans.factory.BeanCreationException: Error creating bean with name 'dataSource' defined in class path resource [com/alibaba/druid/spring/boot/autoconfigure/DruidDataSourceAutoConfigure.class]: Invocation of init method failed; nested exception is com.mysql.jdbc.exceptions.jdbc4.MySQLNonTransientConnectionException: Could not create connection to database server.
2026-03-17 22:18:08,541 [INFO] [restartedMain] org.apache.catalina.core.StandardService [DirectJDKLog.java : 180] Stopping service [Tomcat]
2026-03-17 22:18:08,547 [ERROR] [Druid-ConnectionPool-Create-1254796655] com.alibaba.druid.pool.DruidDataSource [DruidDataSource.java : 2471] create connection SQLException, url: jdbc:mysql://127.0.0.1:3306/movie?useUnicode=true&characterEncoding=UTF-8, errorCode 0, state 08001
com.mysql.jdbc.exceptions.jdbc4.MySQLNonTransientConnectionException: Could not create connection to database server.
	at sun.reflect.NativeConstructorAccessorImpl.newInstance0(Native Method)
	at sun.reflect.NativeConstructorAccessorImpl.newInstance(NativeConstructorAccessorImpl.java:62)
	at sun.reflect.DelegatingConstructorAccessorImpl.newInstance(DelegatingConstructorAccessorImpl.java:45)
	at java.lang.reflect.Constructor.newInstance(Constructor.java:423)
	at com.mysql.jdbc.Util.handleNewInstance(Util.java:404)
	at com.mysql.jdbc.Util.getInstance(Util.java:387)
	at com.mysql.jdbc.SQLError.createSQLException(SQLError.java:917)
	at com.mysql.jdbc.SQLError.createSQLException(SQLError.java:896)
	at com.mysql.jdbc.SQLError.createSQLException(SQLError.java:885)
	at com.mysql.jdbc.SQLError.createSQLException(SQLError.java:860)
	at com.mysql.jdbc.ConnectionImpl.connectOneTryOnly(ConnectionImpl.java:2332)
	at com.mysql.jdbc.ConnectionImpl.createNewIO(ConnectionImpl.java:2085)
	at com.mysql.jdbc.ConnectionImpl.<init>(ConnectionImpl.java:795)
	at com.mysql.jdbc.JDBC4Connection.<init>(JDBC4Connection.java:44)
	at sun.reflect.NativeConstructorAccessorImpl.newInstance0(Native Method)
	at sun.reflect.NativeConstructorAccessorImpl.newInstance(NativeConstructorAccessorImpl.java:62)
	at sun.reflect.DelegatingConstructorAccessorImpl.newInstance(DelegatingConstructorAccessorImpl.java:45)
	at java.lang.reflect.Constructor.newInstance(Constructor.java:423)
	at com.mysql.jdbc.Util.handleNewInstance(Util.java:404)
	at com.mysql.jdbc.ConnectionImpl.getInstance(ConnectionImpl.java:400)
	at com.mysql.jdbc.NonRegisteringDriver.connect(NonRegisteringDriver.java:327)
	at com.alibaba.druid.filter.FilterChainImpl.connection_connect(FilterChainImpl.java:156)
	at com.alibaba.druid.filter.stat.StatFilter.connection_connect(StatFilter.java:218)
	at com.alibaba.druid.filter.FilterChainImpl.connection_connect(FilterChainImpl.java:150)
	at com.alibaba.druid.pool.DruidAbstractDataSource.createPhysicalConnection(DruidAbstractDataSource.java:1560)
	at com.alibaba.druid.pool.DruidAbstractDataSource.createPhysicalConnection(DruidAbstractDataSource.java:1623)
	at com.alibaba.druid.pool.DruidDataSource$CreateConnectionThread.run(DruidDataSource.java:2468)
Caused by: java.lang.NullPointerException: null
	at com.mysql.jdbc.ConnectionImpl.getServerCharset(ConnectionImpl.java:3005)
	at com.mysql.jdbc.MysqlIO.sendConnectionAttributes(MysqlIO.java:1916)
	at com.mysql.jdbc.MysqlIO.proceedHandshakeWithPluggableAuthentication(MysqlIO.java:1845)
	at com.mysql.jdbc.MysqlIO.doHandshake(MysqlIO.java:1215)
	at com.mysql.jdbc.ConnectionImpl.coreConnect(ConnectionImpl.java:2255)
	at com.mysql.jdbc.ConnectionImpl.connectOneTryOnly(ConnectionImpl.java:2286)
	... 16 common frames omitted
2026-03-17 22:18:08,562 [INFO] [restartedMain] o.s.b.a.logging.ConditionEvaluationReportLoggingListener [ConditionEvaluationReportLoggingListener.java : 101] 

Error starting ApplicationContext. To display the conditions report re-run your application with 'debug' enabled.
2026-03-17 22:18:08,569 [ERROR] [Druid-ConnectionPool-Create-1254796655] com.alibaba.druid.pool.DruidDataSource [DruidDataSource.java : 2471] create connection SQLException, url: jdbc:mysql://127.0.0.1:3306/movie?useUnicode=true&characterEncoding=UTF-8, errorCode 0, state 08001
com.mysql.jdbc.exceptions.jdbc4.MySQLNonTransientConnectionException: Could not create connection to database server.
	at sun.reflect.NativeConstructorAccessorImpl.newInstance0(Native Method)
	at sun.reflect.NativeConstructorAccessorImpl.newInstance(NativeConstructorAccessorImpl.java:62)
	at sun.reflect.DelegatingConstructorAccessorImpl.newInstance(DelegatingConstructorAccessorImpl.java:45)
	at java.lang.reflect.Constructor.newInstance(Constructor.java:423)
	at com.mysql.jdbc.Util.handleNewInstance(Util.java:404)
	at com.mysql.jdbc.Util.getInstance(Util.java:387)
	at com.mysql.jdbc.SQLError.createSQLException(SQLError.java:917)
	at com.mysql.jdbc.SQLError.createSQLException(SQLError.java:896)
	at com.mysql.jdbc.SQLError.createSQLException(SQLError.java:885)
	at com.mysql.jdbc.SQLError.createSQLException(SQLError.java:860)
	at com.mysql.jdbc.ConnectionImpl.connectOneTryOnly(ConnectionImpl.java:2332)
	at com.mysql.jdbc.ConnectionImpl.createNewIO(ConnectionImpl.java:2085)
	at com.mysql.jdbc.ConnectionImpl.<init>(ConnectionImpl.java:795)
	at com.mysql.jdbc.JDBC4Connection.<init>(JDBC4Connection.java:44)
	at sun.reflect.NativeConstructorAccessorImpl.newInstance0(Native Method)
	at sun.reflect.NativeConstructorAccessorImpl.newInstance(NativeConstructorAccessorImpl.java:62)
	at sun.reflect.DelegatingConstructorAccessorImpl.newInstance(DelegatingConstructorAccessorImpl.java:45)
	at java.lang.reflect.Constructor.newInstance(Constructor.java:423)
	at com.mysql.jdbc.Util.handleNewInstance(Util.java:404)
	at com.mysql.jdbc.ConnectionImpl.getInstance(ConnectionImpl.java:400)
	at com.mysql.jdbc.NonRegisteringDriver.connect(NonRegisteringDriver.java:327)
	at com.alibaba.druid.filter.FilterChainImpl.connection_connect(FilterChainImpl.java:156)
	at com.alibaba.druid.filter.stat.StatFilter.connection_connect(StatFilter.java:218)
	at com.alibaba.druid.filter.FilterChainImpl.connection_connect(FilterChainImpl.java:150)
	at com.alibaba.druid.pool.DruidAbstractDataSource.createPhysicalConnection(DruidAbstractDataSource.java:1560)
	at com.alibaba.druid.pool.DruidAbstractDataSource.createPhysicalConnection(DruidAbstractDataSource.java:1623)
	at com.alibaba.druid.pool.DruidDataSource$CreateConnectionThread.run(DruidDataSource.java:2468)
Caused by: java.lang.NullPointerException: null
	at com.mysql.jdbc.ConnectionImpl.getServerCharset(ConnectionImpl.java:3005)
	at com.mysql.jdbc.MysqlIO.sendConnectionAttributes(MysqlIO.java:1916)
	at com.mysql.jdbc.MysqlIO.proceedHandshakeWithPluggableAuthentication(MysqlIO.java:1845)
	at com.mysql.jdbc.MysqlIO.doHandshake(MysqlIO.java:1215)
	at com.mysql.jdbc.ConnectionImpl.coreConnect(ConnectionImpl.java:2255)
	at com.mysql.jdbc.ConnectionImpl.connectOneTryOnly(ConnectionImpl.java:2286)
	... 16 common frames omitted
2026-03-17 22:18:08,579 [ERROR] [restartedMain] org.springframework.boot.SpringApplication [SpringApplication.java : 863] Application run failed
org.springframework.beans.factory.UnsatisfiedDependencyException: Error creating bean with name 'customerController': Unsatisfied dependency expressed through field 'userService'; nested exception is org.springframework.beans.factory.UnsatisfiedDependencyException: Error creating bean with name 'userService': Unsatisfied dependency expressed through field 'baseMapper'; nested exception is org.springframework.beans.factory.UnsatisfiedDependencyException: Error creating bean with name 'userDao' defined in file [D:\code\java\movie_recommend_system\movie-recommend-api\target\classes\com\zwk\movie_recommend\dao\UserDao.class]: Unsatisfied dependency expressed through bean property 'sqlSessionFactory'; nested exception is org.springframework.beans.factory.UnsatisfiedDependencyException: Error creating bean with name 'sqlSessionFactory' defined in class path resource [com/baomidou/mybatisplus/spring/boot/starter/MybatisPlusAutoConfiguration.class]: Unsatisfied dependency expressed through method 'sqlSessionFactory' parameter 0; nested exception is org.springframework.beans.factory.BeanCreationException: Error creating bean with name 'dataSource' defined in class path resource [com/alibaba/druid/spring/boot/autoconfigure/DruidDataSourceAutoConfigure.class]: Invocation of init method failed; nested exception is com.mysql.jdbc.exceptions.jdbc4.MySQLNonTransientConnectionException: Could not create connection to database server.
	at org.springframework.beans.factory.annotation.AutowiredAnnotationBeanPostProcessor$AutowiredFieldElement.inject(AutowiredAnnotationBeanPostProcessor.java:586)
	at org.springframework.beans.factory.annotation.InjectionMetadata.inject(InjectionMetadata.java:90)
	at org.springframework.beans.factory.annotation.AutowiredAnnotationBeanPostProcessor.postProcessPropertyValues(AutowiredAnnotationBeanPostProcessor.java:372)
	at org.springframework.beans.factory.support.AbstractAutowireCapableBeanFactory.populateBean(AbstractAutowireCapableBeanFactory.java:1341)
	at org.springframework.beans.factory.support.AbstractAutowireCapableBeanFactory.doCreateBean(AbstractAutowireCapableBeanFactory.java:572)
	at org.springframework.beans.factory.support.AbstractAutowireCapableBeanFactory.createBean(AbstractAutowireCapableBeanFactory.java:495)
	at org.springframework.beans.factory.support.AbstractBeanFactory.lambda$doGetBean$0(AbstractBeanFactory.java:317)
	at org.springframework.beans.factory.support.DefaultSingletonBeanRegistry.getSingleton(DefaultSingletonBeanRegistry.java:222)
	at org.springframework.beans.factory.support.AbstractBeanFactory.doGetBean(AbstractBeanFactory.java:315)
	at org.springframework.beans.factory.support.AbstractBeanFactory.getBean(AbstractBeanFactory.java:199)
	at org.springframework.beans.factory.support.DefaultListableBeanFactory.preInstantiateSingletons(DefaultListableBeanFactory.java:759)
	at org.springframework.context.support.AbstractApplicationContext.finishBeanFactoryInitialization(AbstractApplicationContext.java:869)
	at org.springframework.context.support.AbstractApplicationContext.refresh(AbstractApplicationContext.java:550)
	at org.springframework.boot.web.servlet.context.ServletWebServerApplicationContext.refresh(ServletWebServerApplicationContext.java:140)
	at org.springframework.boot.SpringApplication.refresh(SpringApplication.java:780)
	at org.springframework.boot.SpringApplication.refreshContext(SpringApplication.java:412)
	at org.springframework.boot.SpringApplication.run(SpringApplication.java:333)
	at org.springframework.boot.SpringApplication.run(SpringApplication.java:1277)
	at org.springframework.boot.SpringApplication.run(SpringApplication.java:1265)
	at com.zwk.movie_recommend.MovieRecommendApiApplication.main(MovieRecommendApiApplication.java:29)
	at sun.reflect.NativeMethodAccessorImpl.invoke0(Native Method)
	at sun.reflect.NativeMethodAccessorImpl.invoke(NativeMethodAccessorImpl.java:62)
	at sun.reflect.DelegatingMethodAccessorImpl.invoke(DelegatingMethodAccessorImpl.java:43)
	at java.lang.reflect.Method.invoke(Method.java:498)
	at org.springframework.boot.devtools.restart.RestartLauncher.run(RestartLauncher.java:49)
Caused by: org.springframework.beans.factory.UnsatisfiedDependencyException: Error creating bean with name 'userService': Unsatisfied dependency expressed through field 'baseMapper'; nested exception is org.springframework.beans.factory.UnsatisfiedDependencyException: Error creating bean with name 'userDao' defined in file [D:\code\java\movie_recommend_system\movie-recommend-api\target\classes\com\zwk\movie_recommend\dao\UserDao.class]: Unsatisfied dependency expressed through bean property 'sqlSessionFactory'; nested exception is org.springframework.beans.factory.UnsatisfiedDependencyException: Error creating bean with name 'sqlSessionFactory' defined in class path resource [com/baomidou/mybatisplus/spring/boot/starter/MybatisPlusAutoConfiguration.class]: Unsatisfied dependency expressed through method 'sqlSessionFactory' parameter 0; nested exception is org.springframework.beans.factory.BeanCreationException: Error creating bean with name 'dataSource' defined in class path resource [com/alibaba/druid/spring/boot/autoconfigure/DruidDataSourceAutoConfigure.class]: Invocation of init method failed; nested exception is com.mysql.jdbc.exceptions.jdbc4.MySQLNonTransientConnectionException: Could not create connection to database server.
	at org.springframework.beans.factory.annotation.AutowiredAnnotationBeanPostProcessor$AutowiredFieldElement.inject(AutowiredAnnotationBeanPostProcessor.java:586)
	at org.springframework.beans.factory.annotation.InjectionMetadata.inject(InjectionMetadata.java:90)
	at org.springframework.beans.factory.annotation.AutowiredAnnotationBeanPostProcessor.postProcessPropertyValues(AutowiredAnnotationBeanPostProcessor.java:372)
	at org.springframework.beans.factory.support.AbstractAutowireCapableBeanFactory.populateBean(AbstractAutowireCapableBeanFactory.java:1341)
	at org.springframework.beans.factory.support.AbstractAutowireCapableBeanFactory.doCreateBean(AbstractAutowireCapableBeanFactory.java:572)
	at org.springframework.beans.factory.support.AbstractAutowireCapableBeanFactory.createBean(AbstractAutowireCapableBeanFactory.java:495)
	at org.springframework.beans.factory.support.AbstractBeanFactory.lambda$doGetBean$0(AbstractBeanFactory.java:317)
	at org.springframework.beans.factory.support.DefaultSingletonBeanRegistry.getSingleton(DefaultSingletonBeanRegistry.java:222)
	at org.springframework.beans.factory.support.AbstractBeanFactory.doGetBean(AbstractBeanFactory.java:315)
	at org.springframework.beans.factory.support.AbstractBeanFactory.getBean(AbstractBeanFactory.java:199)
	at org.springframework.beans.factory.config.DependencyDescriptor.resolveCandidate(DependencyDescriptor.java:251)
	at org.springframework.beans.factory.support.DefaultListableBeanFactory.doResolveDependency(DefaultListableBeanFactory.java:1135)
	at org.springframework.beans.factory.support.DefaultListableBeanFactory.resolveDependency(DefaultListableBeanFactory.java:1062)
	at org.springframework.beans.factory.annotation.AutowiredAnnotationBeanPostProcessor$AutowiredFieldElement.inject(AutowiredAnnotationBeanPostProcessor.java:583)
	... 24 common frames omitted
Caused by: org.springframework.beans.factory.UnsatisfiedDependencyException: Error creating bean with name 'userDao' defined in file [D:\code\java\movie_recommend_system\movie-recommend-api\target\classes\com\zwk\movie_recommend\dao\UserDao.class]: Unsatisfied dependency expressed through bean property 'sqlSessionFactory'; nested exception is org.springframework.beans.factory.UnsatisfiedDependencyException: Error creating bean with name 'sqlSessionFactory' defined in class path resource [com/baomidou/mybatisplus/spring/boot/starter/MybatisPlusAutoConfiguration.class]: Unsatisfied dependency expressed through method 'sqlSessionFactory' parameter 0; nested exception is org.springframework.beans.factory.BeanCreationException: Error creating bean with name 'dataSource' defined in class path resource [com/alibaba/druid/spring/boot/autoconfigure/DruidDataSourceAutoConfigure.class]: Invocation of init method failed; nested exception is com.mysql.jdbc.exceptions.jdbc4.MySQLNonTransientConnectionException: Could not create connection to database server.
	at org.springframework.beans.factory.support.AbstractAutowireCapableBeanFactory.autowireByType(AbstractAutowireCapableBeanFactory.java:1436)
	at org.springframework.beans.factory.support.AbstractAutowireCapableBeanFactory.populateBean(AbstractAutowireCapableBeanFactory.java:1323)
	at org.springframework.beans.factory.support.AbstractAutowireCapableBeanFactory.doCreateBean(AbstractAutowireCapableBeanFactory.java:572)
	at org.springframework.beans.factory.support.AbstractAutowireCapableBeanFactory.createBean(AbstractAutowireCapableBeanFactory.java:495)
	at org.springframework.beans.factory.support.AbstractBeanFactory.lambda$doGetBean$0(AbstractBeanFactory.java:317)
	at org.springframework.beans.factory.support.DefaultSingletonBeanRegistry.getSingleton(DefaultSingletonBeanRegistry.java:222)
	at org.springframework.beans.factory.support.AbstractBeanFactory.doGetBean(AbstractBeanFactory.java:315)
	at org.springframework.beans.factory.support.AbstractBeanFactory.getBean(AbstractBeanFactory.java:199)
	at org.springframework.beans.factory.config.DependencyDescriptor.resolveCandidate(DependencyDescriptor.java:251)
	at org.springframework.beans.factory.support.DefaultListableBeanFactory.doResolveDependency(DefaultListableBeanFactory.java:1135)
	at org.springframework.beans.factory.support.DefaultListableBeanFactory.resolveDependency(DefaultListableBeanFactory.java:1062)
	at org.springframework.beans.factory.annotation.AutowiredAnnotationBeanPostProcessor$AutowiredFieldElement.inject(AutowiredAnnotationBeanPostProcessor.java:583)
	... 37 common frames omitted
Caused by: org.springframework.beans.factory.UnsatisfiedDependencyException: Error creating bean with name 'sqlSessionFactory' defined in class path resource [com/baomidou/mybatisplus/spring/boot/starter/MybatisPlusAutoConfiguration.class]: Unsatisfied dependency expressed through method 'sqlSessionFactory' parameter 0; nested exception is org.springframework.beans.factory.BeanCreationException: Error creating bean with name 'dataSource' defined in class path resource [com/alibaba/druid/spring/boot/autoconfigure/DruidDataSourceAutoConfigure.class]: Invocation of init method failed; nested exception is com.mysql.jdbc.exceptions.jdbc4.MySQLNonTransientConnectionException: Could not create connection to database server.
	at org.springframework.beans.factory.support.ConstructorResolver.createArgumentArray(ConstructorResolver.java:732)
	at org.springframework.beans.factory.support.ConstructorResolver.instantiateUsingFactoryMethod(ConstructorResolver.java:474)
	at org.springframework.beans.factory.support.AbstractAutowireCapableBeanFactory.instantiateUsingFactoryMethod(AbstractAutowireCapableBeanFactory.java:1247)
	at org.springframework.beans.factory.support.AbstractAutowireCapableBeanFactory.createBeanInstance(AbstractAutowireCapableBeanFactory.java:1096)
	at org.springframework.beans.factory.support.AbstractAutowireCapableBeanFactory.doCreateBean(AbstractAutowireCapableBeanFactory.java:535)
	at org.springframework.beans.factory.support.AbstractAutowireCapableBeanFactory.createBean(AbstractAutowireCapableBeanFactory.java:495)
	at org.springframework.beans.factory.support.AbstractBeanFactory.lambda$doGetBean$0(AbstractBeanFactory.java:317)
	at org.springframework.beans.factory.support.DefaultSingletonBeanRegistry.getSingleton(DefaultSingletonBeanRegistry.java:222)
	at org.springframework.beans.factory.support.AbstractBeanFactory.doGetBean(AbstractBeanFactory.java:315)
	at org.springframework.beans.factory.support.AbstractBeanFactory.getBean(AbstractBeanFactory.java:199)
	at org.springframework.beans.factory.config.DependencyDescriptor.resolveCandidate(DependencyDescriptor.java:251)
	at org.springframework.beans.factory.support.DefaultListableBeanFactory.doResolveDependency(DefaultListableBeanFactory.java:1135)
	at org.springframework.beans.factory.support.DefaultListableBeanFactory.resolveDependency(DefaultListableBeanFactory.java:1062)
	at org.springframework.beans.factory.support.AbstractAutowireCapableBeanFactory.autowireByType(AbstractAutowireCapableBeanFactory.java:1421)
	... 48 common frames omitted
Caused by: org.springframework.beans.factory.BeanCreationException: Error creating bean with name 'dataSource' defined in class path resource [com/alibaba/druid/spring/boot/autoconfigure/DruidDataSourceAutoConfigure.class]: Invocation of init method failed; nested exception is com.mysql.jdbc.exceptions.jdbc4.MySQLNonTransientConnectionException: Could not create connection to database server.
	at org.springframework.beans.factory.support.AbstractAutowireCapableBeanFactory.initializeBean(AbstractAutowireCapableBeanFactory.java:1699)
	at org.springframework.beans.factory.support.AbstractAutowireCapableBeanFactory.doCreateBean(AbstractAutowireCapableBeanFactory.java:573)
	at org.springframework.beans.factory.support.AbstractAutowireCapableBeanFactory.createBean(AbstractAutowireCapableBeanFactory.java:495)
	at org.springframework.beans.factory.support.AbstractBeanFactory.lambda$doGetBean$0(AbstractBeanFactory.java:317)
	at org.springframework.beans.factory.support.DefaultSingletonBeanRegistry.getSingleton(DefaultSingletonBeanRegistry.java:222)
	at org.springframework.beans.factory.support.AbstractBeanFactory.doGetBean(AbstractBeanFactory.java:315)
	at org.springframework.beans.factory.support.AbstractBeanFactory.getBean(AbstractBeanFactory.java:199)
	at org.springframework.beans.factory.config.DependencyDescriptor.resolveCandidate(DependencyDescriptor.java:251)
	at org.springframework.beans.factory.support.DefaultListableBeanFactory.doResolveDependency(DefaultListableBeanFactory.java:1135)
	at org.springframework.beans.factory.support.DefaultListableBeanFactory.resolveDependency(DefaultListableBeanFactory.java:1062)
	at org.springframework.beans.factory.support.ConstructorResolver.resolveAutowiredArgument(ConstructorResolver.java:818)
	at org.springframework.beans.factory.support.ConstructorResolver.createArgumentArray(ConstructorResolver.java:724)
	... 61 common frames omitted
Caused by: com.mysql.jdbc.exceptions.jdbc4.MySQLNonTransientConnectionException: Could not create connection to database server.
	at sun.reflect.NativeConstructorAccessorImpl.newInstance0(Native Method)
	at sun.reflect.NativeConstructorAccessorImpl.newInstance(NativeConstructorAccessorImpl.java:62)
	at sun.reflect.DelegatingConstructorAccessorImpl.newInstance(DelegatingConstructorAccessorImpl.java:45)
	at java.lang.reflect.Constructor.newInstance(Constructor.java:423)
	at com.mysql.jdbc.Util.handleNewInstance(Util.java:404)
	at com.mysql.jdbc.Util.getInstance(Util.java:387)
	at com.mysql.jdbc.SQLError.createSQLException(SQLError.java:917)
	at com.mysql.jdbc.SQLError.createSQLException(SQLError.java:896)
	at com.mysql.jdbc.SQLError.createSQLException(SQLError.java:885)
	at com.mysql.jdbc.SQLError.createSQLException(SQLError.java:860)
	at com.mysql.jdbc.ConnectionImpl.connectOneTryOnly(ConnectionImpl.java:2332)
	at com.mysql.jdbc.ConnectionImpl.createNewIO(ConnectionImpl.java:2085)
	at com.mysql.jdbc.ConnectionImpl.<init>(ConnectionImpl.java:795)
	at com.mysql.jdbc.JDBC4Connection.<init>(JDBC4Connection.java:44)
	at sun.reflect.NativeConstructorAccessorImpl.newInstance0(Native Method)
	at sun.reflect.NativeConstructorAccessorImpl.newInstance(NativeConstructorAccessorImpl.java:62)
	at sun.reflect.DelegatingConstructorAccessorImpl.newInstance(DelegatingConstructorAccessorImpl.java:45)
	at java.lang.reflect.Constructor.newInstance(Constructor.java:423)
	at com.mysql.jdbc.Util.handleNewInstance(Util.java:404)
	at com.mysql.jdbc.ConnectionImpl.getInstance(ConnectionImpl.java:400)
	at com.mysql.jdbc.NonRegisteringDriver.connect(NonRegisteringDriver.java:327)
	at com.alibaba.druid.filter.FilterChainImpl.connection_connect(FilterChainImpl.java:156)
	at com.alibaba.druid.filter.stat.StatFilter.connection_connect(StatFilter.java:218)
	at com.alibaba.druid.filter.FilterChainImpl.connection_connect(FilterChainImpl.java:150)
	at com.alibaba.druid.pool.DruidAbstractDataSource.createPhysicalConnection(DruidAbstractDataSource.java:1560)
	at com.alibaba.druid.pool.DruidAbstractDataSource.createPhysicalConnection(DruidAbstractDataSource.java:1623)
	at com.alibaba.druid.pool.DruidDataSource.init(DruidDataSource.java:861)
	at sun.reflect.NativeMethodAccessorImpl.invoke0(Native Method)
	at sun.reflect.NativeMethodAccessorImpl.invoke(NativeMethodAccessorImpl.java:62)
	at sun.reflect.DelegatingMethodAccessorImpl.invoke(DelegatingMethodAccessorImpl.java:43)
	at java.lang.reflect.Method.invoke(Method.java:498)
	at org.springframework.beans.factory.support.AbstractAutowireCapableBeanFactory.invokeCustomInitMethod(AbstractAutowireCapableBeanFactory.java:1824)
	at org.springframework.beans.factory.support.AbstractAutowireCapableBeanFactory.invokeInitMethods(AbstractAutowireCapableBeanFactory.java:1767)
	at org.springframework.beans.factory.support.AbstractAutowireCapableBeanFactory.initializeBean(AbstractAutowireCapableBeanFactory.java:1695)
	... 72 common frames omitted
Caused by: java.lang.NullPointerException: null
	at com.mysql.jdbc.ConnectionImpl.getServerCharset(ConnectionImpl.java:3005)
	at com.mysql.jdbc.MysqlIO.sendConnectionAttributes(MysqlIO.java:1916)
	at com.mysql.jdbc.MysqlIO.proceedHandshakeWithPluggableAuthentication(MysqlIO.java:1845)
	at com.mysql.jdbc.MysqlIO.doHandshake(MysqlIO.java:1215)
	at com.mysql.jdbc.ConnectionImpl.coreConnect(ConnectionImpl.java:2255)
	at com.mysql.jdbc.ConnectionImpl.connectOneTryOnly(ConnectionImpl.java:2286)
	... 95 common frames omitted
2026-03-17 22:19:07,771 [INFO] [restartedMain] com.zwk.movie_recommend.MovieRecommendApiApplication [StartupInfoLogger.java : 50] Starting MovieRecommendApiApplication on zwk with PID 27728 (D:\code\java\movie_recommend_system\movie-recommend-api\target\classes started by win10 in D:\code\java\movie_recommend_system)
2026-03-17 22:19:07,779 [DEBUG] [restartedMain] com.zwk.movie_recommend.MovieRecommendApiApplication [StartupInfoLogger.java : 53] Running with Spring Boot v2.0.5.RELEASE, Spring v5.0.9.RELEASE
2026-03-17 22:19:07,780 [INFO] [restartedMain] com.zwk.movie_recommend.MovieRecommendApiApplication [SpringApplication.java : 684] The following profiles are active: dev
2026-03-17 22:19:07,925 [INFO] [restartedMain] o.s.b.w.s.c.AnnotationConfigServletWebServerApplicationContext [AbstractApplicationContext.java : 590] Refreshing org.springframework.boot.web.servlet.context.AnnotationConfigServletWebServerApplicationContext@27ce34ce: startup date [Tue Mar 17 22:19:07 CST 2026]; root of context hierarchy
2026-03-17 22:19:09,684 [INFO] [restartedMain] o.s.data.repository.config.RepositoryConfigurationDelegate [RepositoryConfigurationDelegate.java : 172] Multiple Spring Data modules found, entering strict repository configuration mode!
2026-03-17 22:19:10,559 [INFO] [restartedMain] o.s.c.s.PostProcessorRegistrationDelegate$BeanPostProcessorChecker [PostProcessorRegistrationDelegate.java : 326] Bean 'org.springframework.transaction.annotation.ProxyTransactionManagementConfiguration' of type [org.springframework.transaction.annotation.ProxyTransactionManagementConfiguration$$EnhancerBySpringCGLIB$$d5af90aa] is not eligible for getting processed by all BeanPostProcessors (for example: not eligible for auto-proxying)
2026-03-17 22:19:11,451 [INFO] [restartedMain] org.springframework.boot.web.embedded.tomcat.TomcatWebServer [TomcatWebServer.java : 91] Tomcat initialized with port(s): 8010 (http)
2026-03-17 22:19:11,493 [INFO] [restartedMain] org.apache.catalina.core.StandardService [DirectJDKLog.java : 180] Starting service [Tomcat]
2026-03-17 22:19:11,494 [INFO] [restartedMain] org.apache.catalina.core.StandardEngine [DirectJDKLog.java : 180] Starting Servlet Engine: Apache Tomcat/8.5.34
2026-03-17 22:19:11,515 [INFO] [localhost-startStop-1] org.apache.catalina.core.AprLifecycleListener [DirectJDKLog.java : 180] The APR based Apache Tomcat Native library which allows optimal performance in production environments was not found on the java.library.path: [D:\code\jdk\bin;C:\WINDOWS\Sun\Java\bin;C:\WINDOWS\system32;C:\WINDOWS;C:\Python314\Scripts\;C:\Python314\;C:\ProgramData\Oracle\Java\javapath;C:\WINDOWS\system32;C:\WINDOWS;C:\WINDOWS\System32\Wbem;C:\WINDOWS\System32\WindowsPowerShell\v1.0\;C:\WINDOWS\System32\OpenSSH\;C:\Program Files\Docker\Docker\resources\bin;D:\code\apache-maven-3.5.3\bin;D:\code\Git\cmd;D:\code\skaffold\skaffold-windows-amd64.exe;D:\software\mysql5.8\bin;D:\software\NodeJS\;C:\ProgramData\chocolatey\bin;C:\Program Files\NVIDIA Corporation\NVIDIA App\NvDLISR;C:\Program Files (x86)\NVIDIA Corporation\PhysX\Common;C:\Users\win10\AppData\Local\Microsoft\WindowsApps;;C:\Program Files\JetBrains\IntelliJ IDEA 2025.3.3\bin;D:\code\GoLand 2023.2.1\bin;;D:\code\VSCode\bin;C:\Users\win10\AppData\Roaming\npm;.]
2026-03-17 22:19:11,965 [INFO] [localhost-startStop-1] org.apache.jasper.servlet.TldScanner [DirectJDKLog.java : 180] At least one JAR was scanned for TLDs yet contained no TLDs. Enable debug logging for this logger for a complete list of JARs that were scanned but no TLDs were found in them. Skipping unneeded JARs during scanning can improve startup time and JSP compilation time.
2026-03-17 22:19:11,972 [INFO] [localhost-startStop-1] o.a.c.c.C.[Tomcat].[localhost].[/movie-recommend-api] [DirectJDKLog.java : 180] Initializing Spring embedded WebApplicationContext
2026-03-17 22:19:11,973 [INFO] [localhost-startStop-1] org.springframework.web.context.ContextLoader [ServletWebServerApplicationContext.java : 285] Root WebApplicationContext: initialization completed in 4047 ms
2026-03-17 22:19:12,129 [INFO] [localhost-startStop-1] org.springframework.boot.web.servlet.ServletRegistrationBean [ServletRegistrationBean.java : 187] Servlet dispatcherServlet mapped to [/]
2026-03-17 22:19:12,132 [INFO] [localhost-startStop-1] org.springframework.boot.web.servlet.ServletRegistrationBean [ServletRegistrationBean.java : 187] Servlet statViewServlet mapped to [/druid/*]
2026-03-17 22:19:12,137 [INFO] [localhost-startStop-1] org.springframework.boot.web.servlet.FilterRegistrationBean [AbstractFilterRegistrationBean.java : 245] Mapping filter: 'characterEncodingFilter' to: [/*]
2026-03-17 22:19:12,137 [INFO] [localhost-startStop-1] org.springframework.boot.web.servlet.FilterRegistrationBean [AbstractFilterRegistrationBean.java : 245] Mapping filter: 'hiddenHttpMethodFilter' to: [/*]
2026-03-17 22:19:12,138 [INFO] [localhost-startStop-1] org.springframework.boot.web.servlet.FilterRegistrationBean [AbstractFilterRegistrationBean.java : 245] Mapping filter: 'httpPutFormContentFilter' to: [/*]
2026-03-17 22:19:12,138 [INFO] [localhost-startStop-1] org.springframework.boot.web.servlet.FilterRegistrationBean [AbstractFilterRegistrationBean.java : 245] Mapping filter: 'requestContextFilter' to: [/*]
2026-03-17 22:19:12,138 [INFO] [localhost-startStop-1] org.springframework.boot.web.servlet.FilterRegistrationBean [AbstractFilterRegistrationBean.java : 258] Mapping filter: 'webStatFilter' to urls: [/*]
2026-03-17 22:19:12,523 [INFO] [restartedMain] c.a.d.spring.boot.autoconfigure.DruidDataSourceAutoConfigure [DruidDataSourceAutoConfigure.java : 56] Init DruidDataSource
2026-03-17 22:19:13,951 [ERROR] [restartedMain] com.alibaba.druid.pool.DruidDataSource [DruidDataSource.java : 872] init datasource error, url: jdbc:mysql://127.0.0.1:3306/movie?useUnicode=true&characterEncoding=UTF-8
com.mysql.jdbc.exceptions.jdbc4.MySQLNonTransientConnectionException: Could not create connection to database server.
	at sun.reflect.NativeConstructorAccessorImpl.newInstance0(Native Method)
	at sun.reflect.NativeConstructorAccessorImpl.newInstance(NativeConstructorAccessorImpl.java:62)
	at sun.reflect.DelegatingConstructorAccessorImpl.newInstance(DelegatingConstructorAccessorImpl.java:45)
	at java.lang.reflect.Constructor.newInstance(Constructor.java:423)
	at com.mysql.jdbc.Util.handleNewInstance(Util.java:404)
	at com.mysql.jdbc.Util.getInstance(Util.java:387)
	at com.mysql.jdbc.SQLError.createSQLException(SQLError.java:917)
	at com.mysql.jdbc.SQLError.createSQLException(SQLError.java:896)
	at com.mysql.jdbc.SQLError.createSQLException(SQLError.java:885)
	at com.mysql.jdbc.SQLError.createSQLException(SQLError.java:860)
	at com.mysql.jdbc.ConnectionImpl.connectOneTryOnly(ConnectionImpl.java:2332)
	at com.mysql.jdbc.ConnectionImpl.createNewIO(ConnectionImpl.java:2085)
	at com.mysql.jdbc.ConnectionImpl.<init>(ConnectionImpl.java:795)
	at com.mysql.jdbc.JDBC4Connection.<init>(JDBC4Connection.java:44)
	at sun.reflect.NativeConstructorAccessorImpl.newInstance0(Native Method)
	at sun.reflect.NativeConstructorAccessorImpl.newInstance(NativeConstructorAccessorImpl.java:62)
	at sun.reflect.DelegatingConstructorAccessorImpl.newInstance(DelegatingConstructorAccessorImpl.java:45)
	at java.lang.reflect.Constructor.newInstance(Constructor.java:423)
	at com.mysql.jdbc.Util.handleNewInstance(Util.java:404)
	at com.mysql.jdbc.ConnectionImpl.getInstance(ConnectionImpl.java:400)
	at com.mysql.jdbc.NonRegisteringDriver.connect(NonRegisteringDriver.java:327)
	at com.alibaba.druid.filter.FilterChainImpl.connection_connect(FilterChainImpl.java:156)
	at com.alibaba.druid.filter.stat.StatFilter.connection_connect(StatFilter.java:218)
	at com.alibaba.druid.filter.FilterChainImpl.connection_connect(FilterChainImpl.java:150)
	at com.alibaba.druid.pool.DruidAbstractDataSource.createPhysicalConnection(DruidAbstractDataSource.java:1560)
	at com.alibaba.druid.pool.DruidAbstractDataSource.createPhysicalConnection(DruidAbstractDataSource.java:1623)
	at com.alibaba.druid.pool.DruidDataSource.init(DruidDataSource.java:861)
	at sun.reflect.NativeMethodAccessorImpl.invoke0(Native Method)
	at sun.reflect.NativeMethodAccessorImpl.invoke(NativeMethodAccessorImpl.java:62)
	at sun.reflect.DelegatingMethodAccessorImpl.invoke(DelegatingMethodAccessorImpl.java:43)
	at java.lang.reflect.Method.invoke(Method.java:498)
	at org.springframework.beans.factory.support.AbstractAutowireCapableBeanFactory.invokeCustomInitMethod(AbstractAutowireCapableBeanFactory.java:1824)
	at org.springframework.beans.factory.support.AbstractAutowireCapableBeanFactory.invokeInitMethods(AbstractAutowireCapableBeanFactory.java:1767)
	at org.springframework.beans.factory.support.AbstractAutowireCapableBeanFactory.initializeBean(AbstractAutowireCapableBeanFactory.java:1695)
	at org.springframework.beans.factory.support.AbstractAutowireCapableBeanFactory.doCreateBean(AbstractAutowireCapableBeanFactory.java:573)
	at org.springframework.beans.factory.support.AbstractAutowireCapableBeanFactory.createBean(AbstractAutowireCapableBeanFactory.java:495)
	at org.springframework.beans.factory.support.AbstractBeanFactory.lambda$doGetBean$0(AbstractBeanFactory.java:317)
	at org.springframework.beans.factory.support.DefaultSingletonBeanRegistry.getSingleton(DefaultSingletonBeanRegistry.java:222)
	at org.springframework.beans.factory.support.AbstractBeanFactory.doGetBean(AbstractBeanFactory.java:315)
	at org.springframework.beans.factory.support.AbstractBeanFactory.getBean(AbstractBeanFactory.java:199)
	at org.springframework.beans.factory.config.DependencyDescriptor.resolveCandidate(DependencyDescriptor.java:251)
	at org.springframework.beans.factory.support.DefaultListableBeanFactory.doResolveDependency(DefaultListableBeanFactory.java:1135)
	at org.springframework.beans.factory.support.DefaultListableBeanFactory.resolveDependency(DefaultListableBeanFactory.java:1062)
	at org.springframework.beans.factory.support.ConstructorResolver.resolveAutowiredArgument(ConstructorResolver.java:818)
	at org.springframework.beans.factory.support.ConstructorResolver.createArgumentArray(ConstructorResolver.java:724)
	at org.springframework.beans.factory.support.ConstructorResolver.instantiateUsingFactoryMethod(ConstructorResolver.java:474)
	at org.springframework.beans.factory.support.AbstractAutowireCapableBeanFactory.instantiateUsingFactoryMethod(AbstractAutowireCapableBeanFactory.java:1247)
	at org.springframework.beans.factory.support.AbstractAutowireCapableBeanFactory.createBeanInstance(AbstractAutowireCapableBeanFactory.java:1096)
	at org.springframework.beans.factory.support.AbstractAutowireCapableBeanFactory.doCreateBean(AbstractAutowireCapableBeanFactory.java:535)
	at org.springframework.beans.factory.support.AbstractAutowireCapableBeanFactory.createBean(AbstractAutowireCapableBeanFactory.java:495)
	at org.springframework.beans.factory.support.AbstractBeanFactory.lambda$doGetBean$0(AbstractBeanFactory.java:317)
	at org.springframework.beans.factory.support.DefaultSingletonBeanRegistry.getSingleton(DefaultSingletonBeanRegistry.java:222)
	at org.springframework.beans.factory.support.AbstractBeanFactory.doGetBean(AbstractBeanFactory.java:315)
	at org.springframework.beans.factory.support.AbstractBeanFactory.getBean(AbstractBeanFactory.java:199)
	at org.springframework.beans.factory.config.DependencyDescriptor.resolveCandidate(DependencyDescriptor.java:251)
	at org.springframework.beans.factory.support.DefaultListableBeanFactory.doResolveDependency(DefaultListableBeanFactory.java:1135)
	at org.springframework.beans.factory.support.DefaultListableBeanFactory.resolveDependency(DefaultListableBeanFactory.java:1062)
	at org.springframework.beans.factory.support.AbstractAutowireCapableBeanFactory.autowireByType(AbstractAutowireCapableBeanFactory.java:1421)
	at org.springframework.beans.factory.support.AbstractAutowireCapableBeanFactory.populateBean(AbstractAutowireCapableBeanFactory.java:1323)
	at org.springframework.beans.factory.support.AbstractAutowireCapableBeanFactory.doCreateBean(AbstractAutowireCapableBeanFactory.java:572)
	at org.springframework.beans.factory.support.AbstractAutowireCapableBeanFactory.createBean(AbstractAutowireCapableBeanFactory.java:495)
	at org.springframework.beans.factory.support.AbstractBeanFactory.lambda$doGetBean$0(AbstractBeanFactory.java:317)
	at org.springframework.beans.factory.support.DefaultSingletonBeanRegistry.getSingleton(DefaultSingletonBeanRegistry.java:222)
	at org.springframework.beans.factory.support.AbstractBeanFactory.doGetBean(AbstractBeanFactory.java:315)
	at org.springframework.beans.factory.support.AbstractBeanFactory.getBean(AbstractBeanFactory.java:199)
	at org.springframework.beans.factory.config.DependencyDescriptor.resolveCandidate(DependencyDescriptor.java:251)
	at org.springframework.beans.factory.support.DefaultListableBeanFactory.doResolveDependency(DefaultListableBeanFactory.java:1135)
	at org.springframework.beans.factory.support.DefaultListableBeanFactory.resolveDependency(DefaultListableBeanFactory.java:1062)
	at org.springframework.beans.factory.annotation.AutowiredAnnotationBeanPostProcessor$AutowiredFieldElement.inject(AutowiredAnnotationBeanPostProcessor.java:583)
	at org.springframework.beans.factory.annotation.InjectionMetadata.inject(InjectionMetadata.java:90)
	at org.springframework.beans.factory.annotation.AutowiredAnnotationBeanPostProcessor.postProcessPropertyValues(AutowiredAnnotationBeanPostProcessor.java:372)
	at org.springframework.beans.factory.support.AbstractAutowireCapableBeanFactory.populateBean(AbstractAutowireCapableBeanFactory.java:1341)
	at org.springframework.beans.factory.support.AbstractAutowireCapableBeanFactory.doCreateBean(AbstractAutowireCapableBeanFactory.java:572)
	at org.springframework.beans.factory.support.AbstractAutowireCapableBeanFactory.createBean(AbstractAutowireCapableBeanFactory.java:495)
	at org.springframework.beans.factory.support.AbstractBeanFactory.lambda$doGetBean$0(AbstractBeanFactory.java:317)
	at org.springframework.beans.factory.support.DefaultSingletonBeanRegistry.getSingleton(DefaultSingletonBeanRegistry.java:222)
	at org.springframework.beans.factory.support.AbstractBeanFactory.doGetBean(AbstractBeanFactory.java:315)
	at org.springframework.beans.factory.support.AbstractBeanFactory.getBean(AbstractBeanFactory.java:199)
	at org.springframework.beans.factory.config.DependencyDescriptor.resolveCandidate(DependencyDescriptor.java:251)
	at org.springframework.beans.factory.support.DefaultListableBeanFactory.doResolveDependency(DefaultListableBeanFactory.java:1135)
	at org.springframework.beans.factory.support.DefaultListableBeanFactory.resolveDependency(DefaultListableBeanFactory.java:1062)
	at org.springframework.beans.factory.annotation.AutowiredAnnotationBeanPostProcessor$AutowiredFieldElement.inject(AutowiredAnnotationBeanPostProcessor.java:583)
	at org.springframework.beans.factory.annotation.InjectionMetadata.inject(InjectionMetadata.java:90)
	at org.springframework.beans.factory.annotation.AutowiredAnnotationBeanPostProcessor.postProcessPropertyValues(AutowiredAnnotationBeanPostProcessor.java:372)
	at org.springframework.beans.factory.support.AbstractAutowireCapableBeanFactory.populateBean(AbstractAutowireCapableBeanFactory.java:1341)
	at org.springframework.beans.factory.support.AbstractAutowireCapableBeanFactory.doCreateBean(AbstractAutowireCapableBeanFactory.java:572)
	at org.springframework.beans.factory.support.AbstractAutowireCapableBeanFactory.createBean(AbstractAutowireCapableBeanFactory.java:495)
	at org.springframework.beans.factory.support.AbstractBeanFactory.lambda$doGetBean$0(AbstractBeanFactory.java:317)
	at org.springframework.beans.factory.support.DefaultSingletonBeanRegistry.getSingleton(DefaultSingletonBeanRegistry.java:222)
	at org.springframework.beans.factory.support.AbstractBeanFactory.doGetBean(AbstractBeanFactory.java:315)
	at org.springframework.beans.factory.support.AbstractBeanFactory.getBean(AbstractBeanFactory.java:199)
	at org.springframework.beans.factory.support.DefaultListableBeanFactory.preInstantiateSingletons(DefaultListableBeanFactory.java:759)
	at org.springframework.context.support.AbstractApplicationContext.finishBeanFactoryInitialization(AbstractApplicationContext.java:869)
	at org.springframework.context.support.AbstractApplicationContext.refresh(AbstractApplicationContext.java:550)
	at org.springframework.boot.web.servlet.context.ServletWebServerApplicationContext.refresh(ServletWebServerApplicationContext.java:140)
	at org.springframework.boot.SpringApplication.refresh(SpringApplication.java:780)
	at org.springframework.boot.SpringApplication.refreshContext(SpringApplication.java:412)
	at org.springframework.boot.SpringApplication.run(SpringApplication.java:333)
	at org.springframework.boot.SpringApplication.run(SpringApplication.java:1277)
	at org.springframework.boot.SpringApplication.run(SpringApplication.java:1265)
	at com.zwk.movie_recommend.MovieRecommendApiApplication.main(MovieRecommendApiApplication.java:29)
	at sun.reflect.NativeMethodAccessorImpl.invoke0(Native Method)
	at sun.reflect.NativeMethodAccessorImpl.invoke(NativeMethodAccessorImpl.java:62)
	at sun.reflect.DelegatingMethodAccessorImpl.invoke(DelegatingMethodAccessorImpl.java:43)
	at java.lang.reflect.Method.invoke(Method.java:498)
	at org.springframework.boot.devtools.restart.RestartLauncher.run(RestartLauncher.java:49)
Caused by: java.lang.NullPointerException: null
	at com.mysql.jdbc.ConnectionImpl.getServerCharset(ConnectionImpl.java:3005)
	at com.mysql.jdbc.MysqlIO.sendConnectionAttributes(MysqlIO.java:1916)
	at com.mysql.jdbc.MysqlIO.proceedHandshakeWithPluggableAuthentication(MysqlIO.java:1845)
	at com.mysql.jdbc.MysqlIO.doHandshake(MysqlIO.java:1215)
	at com.mysql.jdbc.ConnectionImpl.coreConnect(ConnectionImpl.java:2255)
	at com.mysql.jdbc.ConnectionImpl.connectOneTryOnly(ConnectionImpl.java:2286)
	... 95 common frames omitted
2026-03-17 22:19:13,957 [ERROR] [restartedMain] com.alibaba.druid.pool.DruidDataSource [DruidDataSource.java : 905] {dataSource-1} init error
com.mysql.jdbc.exceptions.jdbc4.MySQLNonTransientConnectionException: Could not create connection to database server.
	at sun.reflect.NativeConstructorAccessorImpl.newInstance0(Native Method)
	at sun.reflect.NativeConstructorAccessorImpl.newInstance(NativeConstructorAccessorImpl.java:62)
	at sun.reflect.DelegatingConstructorAccessorImpl.newInstance(DelegatingConstructorAccessorImpl.java:45)
	at java.lang.reflect.Constructor.newInstance(Constructor.java:423)
	at com.mysql.jdbc.Util.handleNewInstance(Util.java:404)
	at com.mysql.jdbc.Util.getInstance(Util.java:387)
	at com.mysql.jdbc.SQLError.createSQLException(SQLError.java:917)
	at com.mysql.jdbc.SQLError.createSQLException(SQLError.java:896)
	at com.mysql.jdbc.SQLError.createSQLException(SQLError.java:885)
	at com.mysql.jdbc.SQLError.createSQLException(SQLError.java:860)
	at com.mysql.jdbc.ConnectionImpl.connectOneTryOnly(ConnectionImpl.java:2332)
	at com.mysql.jdbc.ConnectionImpl.createNewIO(ConnectionImpl.java:2085)
	at com.mysql.jdbc.ConnectionImpl.<init>(ConnectionImpl.java:795)
	at com.mysql.jdbc.JDBC4Connection.<init>(JDBC4Connection.java:44)
	at sun.reflect.NativeConstructorAccessorImpl.newInstance0(Native Method)
	at sun.reflect.NativeConstructorAccessorImpl.newInstance(NativeConstructorAccessorImpl.java:62)
	at sun.reflect.DelegatingConstructorAccessorImpl.newInstance(DelegatingConstructorAccessorImpl.java:45)
	at java.lang.reflect.Constructor.newInstance(Constructor.java:423)
	at com.mysql.jdbc.Util.handleNewInstance(Util.java:404)
	at com.mysql.jdbc.ConnectionImpl.getInstance(ConnectionImpl.java:400)
	at com.mysql.jdbc.NonRegisteringDriver.connect(NonRegisteringDriver.java:327)
	at com.alibaba.druid.filter.FilterChainImpl.connection_connect(FilterChainImpl.java:156)
	at com.alibaba.druid.filter.stat.StatFilter.connection_connect(StatFilter.java:218)
	at com.alibaba.druid.filter.FilterChainImpl.connection_connect(FilterChainImpl.java:150)
	at com.alibaba.druid.pool.DruidAbstractDataSource.createPhysicalConnection(DruidAbstractDataSource.java:1560)
	at com.alibaba.druid.pool.DruidAbstractDataSource.createPhysicalConnection(DruidAbstractDataSource.java:1623)
	at com.alibaba.druid.pool.DruidDataSource.init(DruidDataSource.java:861)
	at sun.reflect.NativeMethodAccessorImpl.invoke0(Native Method)
	at sun.reflect.NativeMethodAccessorImpl.invoke(NativeMethodAccessorImpl.java:62)
	at sun.reflect.DelegatingMethodAccessorImpl.invoke(DelegatingMethodAccessorImpl.java:43)
	at java.lang.reflect.Method.invoke(Method.java:498)
	at org.springframework.beans.factory.support.AbstractAutowireCapableBeanFactory.invokeCustomInitMethod(AbstractAutowireCapableBeanFactory.java:1824)
	at org.springframework.beans.factory.support.AbstractAutowireCapableBeanFactory.invokeInitMethods(AbstractAutowireCapableBeanFactory.java:1767)
	at org.springframework.beans.factory.support.AbstractAutowireCapableBeanFactory.initializeBean(AbstractAutowireCapableBeanFactory.java:1695)
	at org.springframework.beans.factory.support.AbstractAutowireCapableBeanFactory.doCreateBean(AbstractAutowireCapableBeanFactory.java:573)
	at org.springframework.beans.factory.support.AbstractAutowireCapableBeanFactory.createBean(AbstractAutowireCapableBeanFactory.java:495)
	at org.springframework.beans.factory.support.AbstractBeanFactory.lambda$doGetBean$0(AbstractBeanFactory.java:317)
	at org.springframework.beans.factory.support.DefaultSingletonBeanRegistry.getSingleton(DefaultSingletonBeanRegistry.java:222)
	at org.springframework.beans.factory.support.AbstractBeanFactory.doGetBean(AbstractBeanFactory.java:315)
	at org.springframework.beans.factory.support.AbstractBeanFactory.getBean(AbstractBeanFactory.java:199)
	at org.springframework.beans.factory.config.DependencyDescriptor.resolveCandidate(DependencyDescriptor.java:251)
	at org.springframework.beans.factory.support.DefaultListableBeanFactory.doResolveDependency(DefaultListableBeanFactory.java:1135)
	at org.springframework.beans.factory.support.DefaultListableBeanFactory.resolveDependency(DefaultListableBeanFactory.java:1062)
	at org.springframework.beans.factory.support.ConstructorResolver.resolveAutowiredArgument(ConstructorResolver.java:818)
	at org.springframework.beans.factory.support.ConstructorResolver.createArgumentArray(ConstructorResolver.java:724)
	at org.springframework.beans.factory.support.ConstructorResolver.instantiateUsingFactoryMethod(ConstructorResolver.java:474)
	at org.springframework.beans.factory.support.AbstractAutowireCapableBeanFactory.instantiateUsingFactoryMethod(AbstractAutowireCapableBeanFactory.java:1247)
	at org.springframework.beans.factory.support.AbstractAutowireCapableBeanFactory.createBeanInstance(AbstractAutowireCapableBeanFactory.java:1096)
	at org.springframework.beans.factory.support.AbstractAutowireCapableBeanFactory.doCreateBean(AbstractAutowireCapableBeanFactory.java:535)
	at org.springframework.beans.factory.support.AbstractAutowireCapableBeanFactory.createBean(AbstractAutowireCapableBeanFactory.java:495)
	at org.springframework.beans.factory.support.AbstractBeanFactory.lambda$doGetBean$0(AbstractBeanFactory.java:317)
	at org.springframework.beans.factory.support.DefaultSingletonBeanRegistry.getSingleton(DefaultSingletonBeanRegistry.java:222)
	at org.springframework.beans.factory.support.AbstractBeanFactory.doGetBean(AbstractBeanFactory.java:315)
	at org.springframework.beans.factory.support.AbstractBeanFactory.getBean(AbstractBeanFactory.java:199)
	at org.springframework.beans.factory.config.DependencyDescriptor.resolveCandidate(DependencyDescriptor.java:251)
	at org.springframework.beans.factory.support.DefaultListableBeanFactory.doResolveDependency(DefaultListableBeanFactory.java:1135)
	at org.springframework.beans.factory.support.DefaultListableBeanFactory.resolveDependency(DefaultListableBeanFactory.java:1062)
	at org.springframework.beans.factory.support.AbstractAutowireCapableBeanFactory.autowireByType(AbstractAutowireCapableBeanFactory.java:1421)
	at org.springframework.beans.factory.support.AbstractAutowireCapableBeanFactory.populateBean(AbstractAutowireCapableBeanFactory.java:1323)
	at org.springframework.beans.factory.support.AbstractAutowireCapableBeanFactory.doCreateBean(AbstractAutowireCapableBeanFactory.java:572)
	at org.springframework.beans.factory.support.AbstractAutowireCapableBeanFactory.createBean(AbstractAutowireCapableBeanFactory.java:495)
	at org.springframework.beans.factory.support.AbstractBeanFactory.lambda$doGetBean$0(AbstractBeanFactory.java:317)
	at org.springframework.beans.factory.support.DefaultSingletonBeanRegistry.getSingleton(DefaultSingletonBeanRegistry.java:222)
	at org.springframework.beans.factory.support.AbstractBeanFactory.doGetBean(AbstractBeanFactory.java:315)
	at org.springframework.beans.factory.support.AbstractBeanFactory.getBean(AbstractBeanFactory.java:199)
	at org.springframework.beans.factory.config.DependencyDescriptor.resolveCandidate(DependencyDescriptor.java:251)
	at org.springframework.beans.factory.support.DefaultListableBeanFactory.doResolveDependency(DefaultListableBeanFactory.java:1135)
	at org.springframework.beans.factory.support.DefaultListableBeanFactory.resolveDependency(DefaultListableBeanFactory.java:1062)
	at org.springframework.beans.factory.annotation.AutowiredAnnotationBeanPostProcessor$AutowiredFieldElement.inject(AutowiredAnnotationBeanPostProcessor.java:583)
	at org.springframework.beans.factory.annotation.InjectionMetadata.inject(InjectionMetadata.java:90)
	at org.springframework.beans.factory.annotation.AutowiredAnnotationBeanPostProcessor.postProcessPropertyValues(AutowiredAnnotationBeanPostProcessor.java:372)
	at org.springframework.beans.factory.support.AbstractAutowireCapableBeanFactory.populateBean(AbstractAutowireCapableBeanFactory.java:1341)
	at org.springframework.beans.factory.support.AbstractAutowireCapableBeanFactory.doCreateBean(AbstractAutowireCapableBeanFactory.java:572)
	at org.springframework.beans.factory.support.AbstractAutowireCapableBeanFactory.createBean(AbstractAutowireCapableBeanFactory.java:495)
	at org.springframework.beans.factory.support.AbstractBeanFactory.lambda$doGetBean$0(AbstractBeanFactory.java:317)
	at org.springframework.beans.factory.support.DefaultSingletonBeanRegistry.getSingleton(DefaultSingletonBeanRegistry.java:222)
	at org.springframework.beans.factory.support.AbstractBeanFactory.doGetBean(AbstractBeanFactory.java:315)
	at org.springframework.beans.factory.support.AbstractBeanFactory.getBean(AbstractBeanFactory.java:199)
	at org.springframework.beans.factory.config.DependencyDescriptor.resolveCandidate(DependencyDescriptor.java:251)
	at org.springframework.beans.factory.support.DefaultListableBeanFactory.doResolveDependency(DefaultListableBeanFactory.java:1135)
	at org.springframework.beans.factory.support.DefaultListableBeanFactory.resolveDependency(DefaultListableBeanFactory.java:1062)
	at org.springframework.beans.factory.annotation.AutowiredAnnotationBeanPostProcessor$AutowiredFieldElement.inject(AutowiredAnnotationBeanPostProcessor.java:583)
	at org.springframework.beans.factory.annotation.InjectionMetadata.inject(InjectionMetadata.java:90)
	at org.springframework.beans.factory.annotation.AutowiredAnnotationBeanPostProcessor.postProcessPropertyValues(AutowiredAnnotationBeanPostProcessor.java:372)
	at org.springframework.beans.factory.support.AbstractAutowireCapableBeanFactory.populateBean(AbstractAutowireCapableBeanFactory.java:1341)
	at org.springframework.beans.factory.support.AbstractAutowireCapableBeanFactory.doCreateBean(AbstractAutowireCapableBeanFactory.java:572)
	at org.springframework.beans.factory.support.AbstractAutowireCapableBeanFactory.createBean(AbstractAutowireCapableBeanFactory.java:495)
	at org.springframework.beans.factory.support.AbstractBeanFactory.lambda$doGetBean$0(AbstractBeanFactory.java:317)
	at org.springframework.beans.factory.support.DefaultSingletonBeanRegistry.getSingleton(DefaultSingletonBeanRegistry.java:222)
	at org.springframework.beans.factory.support.AbstractBeanFactory.doGetBean(AbstractBeanFactory.java:315)
	at org.springframework.beans.factory.support.AbstractBeanFactory.getBean(AbstractBeanFactory.java:199)
	at org.springframework.beans.factory.support.DefaultListableBeanFactory.preInstantiateSingletons(DefaultListableBeanFactory.java:759)
	at org.springframework.context.support.AbstractApplicationContext.finishBeanFactoryInitialization(AbstractApplicationContext.java:869)
	at org.springframework.context.support.AbstractApplicationContext.refresh(AbstractApplicationContext.java:550)
	at org.springframework.boot.web.servlet.context.ServletWebServerApplicationContext.refresh(ServletWebServerApplicationContext.java:140)
	at org.springframework.boot.SpringApplication.refresh(SpringApplication.java:780)
	at org.springframework.boot.SpringApplication.refreshContext(SpringApplication.java:412)
	at org.springframework.boot.SpringApplication.run(SpringApplication.java:333)
	at org.springframework.boot.SpringApplication.run(SpringApplication.java:1277)
	at org.springframework.boot.SpringApplication.run(SpringApplication.java:1265)
	at com.zwk.movie_recommend.MovieRecommendApiApplication.main(MovieRecommendApiApplication.java:29)
	at sun.reflect.NativeMethodAccessorImpl.invoke0(Native Method)
	at sun.reflect.NativeMethodAccessorImpl.invoke(NativeMethodAccessorImpl.java:62)
	at sun.reflect.DelegatingMethodAccessorImpl.invoke(DelegatingMethodAccessorImpl.java:43)
	at java.lang.reflect.Method.invoke(Method.java:498)
	at org.springframework.boot.devtools.restart.RestartLauncher.run(RestartLauncher.java:49)
Caused by: java.lang.NullPointerException: null
	at com.mysql.jdbc.ConnectionImpl.getServerCharset(ConnectionImpl.java:3005)
	at com.mysql.jdbc.MysqlIO.sendConnectionAttributes(MysqlIO.java:1916)
	at com.mysql.jdbc.MysqlIO.proceedHandshakeWithPluggableAuthentication(MysqlIO.java:1845)
	at com.mysql.jdbc.MysqlIO.doHandshake(MysqlIO.java:1215)
	at com.mysql.jdbc.ConnectionImpl.coreConnect(ConnectionImpl.java:2255)
	at com.mysql.jdbc.ConnectionImpl.connectOneTryOnly(ConnectionImpl.java:2286)
	... 95 common frames omitted
2026-03-17 22:19:13,959 [INFO] [restartedMain] com.alibaba.druid.pool.DruidDataSource [DruidDataSource.java : 930] {dataSource-1} inited
2026-03-17 22:19:13,967 [WARN] [restartedMain] o.s.b.w.s.c.AnnotationConfigServletWebServerApplicationContext [AbstractApplicationContext.java : 558] Exception encountered during context initialization - cancelling refresh attempt: org.springframework.beans.factory.UnsatisfiedDependencyException: Error creating bean with name 'customerController': Unsatisfied dependency expressed through field 'userService'; nested exception is org.springframework.beans.factory.UnsatisfiedDependencyException: Error creating bean with name 'userService': Unsatisfied dependency expressed through field 'baseMapper'; nested exception is org.springframework.beans.factory.UnsatisfiedDependencyException: Error creating bean with name 'userDao' defined in file [D:\code\java\movie_recommend_system\movie-recommend-api\target\classes\com\zwk\movie_recommend\dao\UserDao.class]: Unsatisfied dependency expressed through bean property 'sqlSessionFactory'; nested exception is org.springframework.beans.factory.UnsatisfiedDependencyException: Error creating bean with name 'sqlSessionFactory' defined in class path resource [com/baomidou/mybatisplus/spring/boot/starter/MybatisPlusAutoConfiguration.class]: Unsatisfied dependency expressed through method 'sqlSessionFactory' parameter 0; nested exception is org.springframework.beans.factory.BeanCreationException: Error creating bean with name 'dataSource' defined in class path resource [com/alibaba/druid/spring/boot/autoconfigure/DruidDataSourceAutoConfigure.class]: Invocation of init method failed; nested exception is com.mysql.jdbc.exceptions.jdbc4.MySQLNonTransientConnectionException: Could not create connection to database server.
2026-03-17 22:19:13,976 [INFO] [restartedMain] org.apache.catalina.core.StandardService [DirectJDKLog.java : 180] Stopping service [Tomcat]
2026-03-17 22:19:13,986 [ERROR] [Druid-ConnectionPool-Create-63980793] com.alibaba.druid.pool.DruidDataSource [DruidDataSource.java : 2471] create connection SQLException, url: jdbc:mysql://127.0.0.1:3306/movie?useUnicode=true&characterEncoding=UTF-8, errorCode 0, state 08001
com.mysql.jdbc.exceptions.jdbc4.MySQLNonTransientConnectionException: Could not create connection to database server.
	at sun.reflect.NativeConstructorAccessorImpl.newInstance0(Native Method)
	at sun.reflect.NativeConstructorAccessorImpl.newInstance(NativeConstructorAccessorImpl.java:62)
	at sun.reflect.DelegatingConstructorAccessorImpl.newInstance(DelegatingConstructorAccessorImpl.java:45)
	at java.lang.reflect.Constructor.newInstance(Constructor.java:423)
	at com.mysql.jdbc.Util.handleNewInstance(Util.java:404)
	at com.mysql.jdbc.Util.getInstance(Util.java:387)
	at com.mysql.jdbc.SQLError.createSQLException(SQLError.java:917)
	at com.mysql.jdbc.SQLError.createSQLException(SQLError.java:896)
	at com.mysql.jdbc.SQLError.createSQLException(SQLError.java:885)
	at com.mysql.jdbc.SQLError.createSQLException(SQLError.java:860)
	at com.mysql.jdbc.ConnectionImpl.connectOneTryOnly(ConnectionImpl.java:2332)
	at com.mysql.jdbc.ConnectionImpl.createNewIO(ConnectionImpl.java:2085)
	at com.mysql.jdbc.ConnectionImpl.<init>(ConnectionImpl.java:795)
	at com.mysql.jdbc.JDBC4Connection.<init>(JDBC4Connection.java:44)
	at sun.reflect.NativeConstructorAccessorImpl.newInstance0(Native Method)
	at sun.reflect.NativeConstructorAccessorImpl.newInstance(NativeConstructorAccessorImpl.java:62)
	at sun.reflect.DelegatingConstructorAccessorImpl.newInstance(DelegatingConstructorAccessorImpl.java:45)
	at java.lang.reflect.Constructor.newInstance(Constructor.java:423)
	at com.mysql.jdbc.Util.handleNewInstance(Util.java:404)
	at com.mysql.jdbc.ConnectionImpl.getInstance(ConnectionImpl.java:400)
	at com.mysql.jdbc.NonRegisteringDriver.connect(NonRegisteringDriver.java:327)
	at com.alibaba.druid.filter.FilterChainImpl.connection_connect(FilterChainImpl.java:156)
	at com.alibaba.druid.filter.stat.StatFilter.connection_connect(StatFilter.java:218)
	at com.alibaba.druid.filter.FilterChainImpl.connection_connect(FilterChainImpl.java:150)
	at com.alibaba.druid.pool.DruidAbstractDataSource.createPhysicalConnection(DruidAbstractDataSource.java:1560)
	at com.alibaba.druid.pool.DruidAbstractDataSource.createPhysicalConnection(DruidAbstractDataSource.java:1623)
	at com.alibaba.druid.pool.DruidDataSource$CreateConnectionThread.run(DruidDataSource.java:2468)
Caused by: java.lang.NullPointerException: null
	at com.mysql.jdbc.ConnectionImpl.getServerCharset(ConnectionImpl.java:3005)
	at com.mysql.jdbc.MysqlIO.sendConnectionAttributes(MysqlIO.java:1916)
	at com.mysql.jdbc.MysqlIO.proceedHandshakeWithPluggableAuthentication(MysqlIO.java:1845)
	at com.mysql.jdbc.MysqlIO.doHandshake(MysqlIO.java:1215)
	at com.mysql.jdbc.ConnectionImpl.coreConnect(ConnectionImpl.java:2255)
	at com.mysql.jdbc.ConnectionImpl.connectOneTryOnly(ConnectionImpl.java:2286)
	... 16 common frames omitted
2026-03-17 22:19:13,998 [INFO] [restartedMain] o.s.b.a.logging.ConditionEvaluationReportLoggingListener [ConditionEvaluationReportLoggingListener.java : 101] 

Error starting ApplicationContext. To display the conditions report re-run your application with 'debug' enabled.
2026-03-17 22:19:14,007 [ERROR] [Druid-ConnectionPool-Create-63980793] com.alibaba.druid.pool.DruidDataSource [DruidDataSource.java : 2471] create connection SQLException, url: jdbc:mysql://127.0.0.1:3306/movie?useUnicode=true&characterEncoding=UTF-8, errorCode 0, state 08001
com.mysql.jdbc.exceptions.jdbc4.MySQLNonTransientConnectionException: Could not create connection to database server.
	at sun.reflect.NativeConstructorAccessorImpl.newInstance0(Native Method)
	at sun.reflect.NativeConstructorAccessorImpl.newInstance(NativeConstructorAccessorImpl.java:62)
	at sun.reflect.DelegatingConstructorAccessorImpl.newInstance(DelegatingConstructorAccessorImpl.java:45)
	at java.lang.reflect.Constructor.newInstance(Constructor.java:423)
	at com.mysql.jdbc.Util.handleNewInstance(Util.java:404)
	at com.mysql.jdbc.Util.getInstance(Util.java:387)
	at com.mysql.jdbc.SQLError.createSQLException(SQLError.java:917)
	at com.mysql.jdbc.SQLError.createSQLException(SQLError.java:896)
	at com.mysql.jdbc.SQLError.createSQLException(SQLError.java:885)
	at com.mysql.jdbc.SQLError.createSQLException(SQLError.java:860)
	at com.mysql.jdbc.ConnectionImpl.connectOneTryOnly(ConnectionImpl.java:2332)
	at com.mysql.jdbc.ConnectionImpl.createNewIO(ConnectionImpl.java:2085)
	at com.mysql.jdbc.ConnectionImpl.<init>(ConnectionImpl.java:795)
	at com.mysql.jdbc.JDBC4Connection.<init>(JDBC4Connection.java:44)
	at sun.reflect.NativeConstructorAccessorImpl.newInstance0(Native Method)
	at sun.reflect.NativeConstructorAccessorImpl.newInstance(NativeConstructorAccessorImpl.java:62)
	at sun.reflect.DelegatingConstructorAccessorImpl.newInstance(DelegatingConstructorAccessorImpl.java:45)
	at java.lang.reflect.Constructor.newInstance(Constructor.java:423)
	at com.mysql.jdbc.Util.handleNewInstance(Util.java:404)
	at com.mysql.jdbc.ConnectionImpl.getInstance(ConnectionImpl.java:400)
	at com.mysql.jdbc.NonRegisteringDriver.connect(NonRegisteringDriver.java:327)
	at com.alibaba.druid.filter.FilterChainImpl.connection_connect(FilterChainImpl.java:156)
	at com.alibaba.druid.filter.stat.StatFilter.connection_connect(StatFilter.java:218)
	at com.alibaba.druid.filter.FilterChainImpl.connection_connect(FilterChainImpl.java:150)
	at com.alibaba.druid.pool.DruidAbstractDataSource.createPhysicalConnection(DruidAbstractDataSource.java:1560)
	at com.alibaba.druid.pool.DruidAbstractDataSource.createPhysicalConnection(DruidAbstractDataSource.java:1623)
	at com.alibaba.druid.pool.DruidDataSource$CreateConnectionThread.run(DruidDataSource.java:2468)
Caused by: java.lang.NullPointerException: null
	at com.mysql.jdbc.ConnectionImpl.getServerCharset(ConnectionImpl.java:3005)
	at com.mysql.jdbc.MysqlIO.sendConnectionAttributes(MysqlIO.java:1916)
	at com.mysql.jdbc.MysqlIO.proceedHandshakeWithPluggableAuthentication(MysqlIO.java:1845)
	at com.mysql.jdbc.MysqlIO.doHandshake(MysqlIO.java:1215)
	at com.mysql.jdbc.ConnectionImpl.coreConnect(ConnectionImpl.java:2255)
	at com.mysql.jdbc.ConnectionImpl.connectOneTryOnly(ConnectionImpl.java:2286)
	... 16 common frames omitted
2026-03-17 22:19:14,011 [ERROR] [restartedMain] org.springframework.boot.SpringApplication [SpringApplication.java : 863] Application run failed
org.springframework.beans.factory.UnsatisfiedDependencyException: Error creating bean with name 'customerController': Unsatisfied dependency expressed through field 'userService'; nested exception is org.springframework.beans.factory.UnsatisfiedDependencyException: Error creating bean with name 'userService': Unsatisfied dependency expressed through field 'baseMapper'; nested exception is org.springframework.beans.factory.UnsatisfiedDependencyException: Error creating bean with name 'userDao' defined in file [D:\code\java\movie_recommend_system\movie-recommend-api\target\classes\com\zwk\movie_recommend\dao\UserDao.class]: Unsatisfied dependency expressed through bean property 'sqlSessionFactory'; nested exception is org.springframework.beans.factory.UnsatisfiedDependencyException: Error creating bean with name 'sqlSessionFactory' defined in class path resource [com/baomidou/mybatisplus/spring/boot/starter/MybatisPlusAutoConfiguration.class]: Unsatisfied dependency expressed through method 'sqlSessionFactory' parameter 0; nested exception is org.springframework.beans.factory.BeanCreationException: Error creating bean with name 'dataSource' defined in class path resource [com/alibaba/druid/spring/boot/autoconfigure/DruidDataSourceAutoConfigure.class]: Invocation of init method failed; nested exception is com.mysql.jdbc.exceptions.jdbc4.MySQLNonTransientConnectionException: Could not create connection to database server.
	at org.springframework.beans.factory.annotation.AutowiredAnnotationBeanPostProcessor$AutowiredFieldElement.inject(AutowiredAnnotationBeanPostProcessor.java:586)
	at org.springframework.beans.factory.annotation.InjectionMetadata.inject(InjectionMetadata.java:90)
	at org.springframework.beans.factory.annotation.AutowiredAnnotationBeanPostProcessor.postProcessPropertyValues(AutowiredAnnotationBeanPostProcessor.java:372)
	at org.springframework.beans.factory.support.AbstractAutowireCapableBeanFactory.populateBean(AbstractAutowireCapableBeanFactory.java:1341)
	at org.springframework.beans.factory.support.AbstractAutowireCapableBeanFactory.doCreateBean(AbstractAutowireCapableBeanFactory.java:572)
	at org.springframework.beans.factory.support.AbstractAutowireCapableBeanFactory.createBean(AbstractAutowireCapableBeanFactory.java:495)
	at org.springframework.beans.factory.support.AbstractBeanFactory.lambda$doGetBean$0(AbstractBeanFactory.java:317)
	at org.springframework.beans.factory.support.DefaultSingletonBeanRegistry.getSingleton(DefaultSingletonBeanRegistry.java:222)
	at org.springframework.beans.factory.support.AbstractBeanFactory.doGetBean(AbstractBeanFactory.java:315)
	at org.springframework.beans.factory.support.AbstractBeanFactory.getBean(AbstractBeanFactory.java:199)
	at org.springframework.beans.factory.support.DefaultListableBeanFactory.preInstantiateSingletons(DefaultListableBeanFactory.java:759)
	at org.springframework.context.support.AbstractApplicationContext.finishBeanFactoryInitialization(AbstractApplicationContext.java:869)
	at org.springframework.context.support.AbstractApplicationContext.refresh(AbstractApplicationContext.java:550)
	at org.springframework.boot.web.servlet.context.ServletWebServerApplicationContext.refresh(ServletWebServerApplicationContext.java:140)
	at org.springframework.boot.SpringApplication.refresh(SpringApplication.java:780)
	at org.springframework.boot.SpringApplication.refreshContext(SpringApplication.java:412)
	at org.springframework.boot.SpringApplication.run(SpringApplication.java:333)
	at org.springframework.boot.SpringApplication.run(SpringApplication.java:1277)
	at org.springframework.boot.SpringApplication.run(SpringApplication.java:1265)
	at com.zwk.movie_recommend.MovieRecommendApiApplication.main(MovieRecommendApiApplication.java:29)
	at sun.reflect.NativeMethodAccessorImpl.invoke0(Native Method)
	at sun.reflect.NativeMethodAccessorImpl.invoke(NativeMethodAccessorImpl.java:62)
	at sun.reflect.DelegatingMethodAccessorImpl.invoke(DelegatingMethodAccessorImpl.java:43)
	at java.lang.reflect.Method.invoke(Method.java:498)
	at org.springframework.boot.devtools.restart.RestartLauncher.run(RestartLauncher.java:49)
Caused by: org.springframework.beans.factory.UnsatisfiedDependencyException: Error creating bean with name 'userService': Unsatisfied dependency expressed through field 'baseMapper'; nested exception is org.springframework.beans.factory.UnsatisfiedDependencyException: Error creating bean with name 'userDao' defined in file [D:\code\java\movie_recommend_system\movie-recommend-api\target\classes\com\zwk\movie_recommend\dao\UserDao.class]: Unsatisfied dependency expressed through bean property 'sqlSessionFactory'; nested exception is org.springframework.beans.factory.UnsatisfiedDependencyException: Error creating bean with name 'sqlSessionFactory' defined in class path resource [com/baomidou/mybatisplus/spring/boot/starter/MybatisPlusAutoConfiguration.class]: Unsatisfied dependency expressed through method 'sqlSessionFactory' parameter 0; nested exception is org.springframework.beans.factory.BeanCreationException: Error creating bean with name 'dataSource' defined in class path resource [com/alibaba/druid/spring/boot/autoconfigure/DruidDataSourceAutoConfigure.class]: Invocation of init method failed; nested exception is com.mysql.jdbc.exceptions.jdbc4.MySQLNonTransientConnectionException: Could not create connection to database server.
	at org.springframework.beans.factory.annotation.AutowiredAnnotationBeanPostProcessor$AutowiredFieldElement.inject(AutowiredAnnotationBeanPostProcessor.java:586)
	at org.springframework.beans.factory.annotation.InjectionMetadata.inject(InjectionMetadata.java:90)
	at org.springframework.beans.factory.annotation.AutowiredAnnotationBeanPostProcessor.postProcessPropertyValues(AutowiredAnnotationBeanPostProcessor.java:372)
	at org.springframework.beans.factory.support.AbstractAutowireCapableBeanFactory.populateBean(AbstractAutowireCapableBeanFactory.java:1341)
	at org.springframework.beans.factory.support.AbstractAutowireCapableBeanFactory.doCreateBean(AbstractAutowireCapableBeanFactory.java:572)
	at org.springframework.beans.factory.support.AbstractAutowireCapableBeanFactory.createBean(AbstractAutowireCapableBeanFactory.java:495)
	at org.springframework.beans.factory.support.AbstractBeanFactory.lambda$doGetBean$0(AbstractBeanFactory.java:317)
	at org.springframework.beans.factory.support.DefaultSingletonBeanRegistry.getSingleton(DefaultSingletonBeanRegistry.java:222)
	at org.springframework.beans.factory.support.AbstractBeanFactory.doGetBean(AbstractBeanFactory.java:315)
	at org.springframework.beans.factory.support.AbstractBeanFactory.getBean(AbstractBeanFactory.java:199)
	at org.springframework.beans.factory.config.DependencyDescriptor.resolveCandidate(DependencyDescriptor.java:251)
	at org.springframework.beans.factory.support.DefaultListableBeanFactory.doResolveDependency(DefaultListableBeanFactory.java:1135)
	at org.springframework.beans.factory.support.DefaultListableBeanFactory.resolveDependency(DefaultListableBeanFactory.java:1062)
	at org.springframework.beans.factory.annotation.AutowiredAnnotationBeanPostProcessor$AutowiredFieldElement.inject(AutowiredAnnotationBeanPostProcessor.java:583)
	... 24 common frames omitted
Caused by: org.springframework.beans.factory.UnsatisfiedDependencyException: Error creating bean with name 'userDao' defined in file [D:\code\java\movie_recommend_system\movie-recommend-api\target\classes\com\zwk\movie_recommend\dao\UserDao.class]: Unsatisfied dependency expressed through bean property 'sqlSessionFactory'; nested exception is org.springframework.beans.factory.UnsatisfiedDependencyException: Error creating bean with name 'sqlSessionFactory' defined in class path resource [com/baomidou/mybatisplus/spring/boot/starter/MybatisPlusAutoConfiguration.class]: Unsatisfied dependency expressed through method 'sqlSessionFactory' parameter 0; nested exception is org.springframework.beans.factory.BeanCreationException: Error creating bean with name 'dataSource' defined in class path resource [com/alibaba/druid/spring/boot/autoconfigure/DruidDataSourceAutoConfigure.class]: Invocation of init method failed; nested exception is com.mysql.jdbc.exceptions.jdbc4.MySQLNonTransientConnectionException: Could not create connection to database server.
	at org.springframework.beans.factory.support.AbstractAutowireCapableBeanFactory.autowireByType(AbstractAutowireCapableBeanFactory.java:1436)
	at org.springframework.beans.factory.support.AbstractAutowireCapableBeanFactory.populateBean(AbstractAutowireCapableBeanFactory.java:1323)
	at org.springframework.beans.factory.support.AbstractAutowireCapableBeanFactory.doCreateBean(AbstractAutowireCapableBeanFactory.java:572)
	at org.springframework.beans.factory.support.AbstractAutowireCapableBeanFactory.createBean(AbstractAutowireCapableBeanFactory.java:495)
	at org.springframework.beans.factory.support.AbstractBeanFactory.lambda$doGetBean$0(AbstractBeanFactory.java:317)
	at org.springframework.beans.factory.support.DefaultSingletonBeanRegistry.getSingleton(DefaultSingletonBeanRegistry.java:222)
	at org.springframework.beans.factory.support.AbstractBeanFactory.doGetBean(AbstractBeanFactory.java:315)
	at org.springframework.beans.factory.support.AbstractBeanFactory.getBean(AbstractBeanFactory.java:199)
	at org.springframework.beans.factory.config.DependencyDescriptor.resolveCandidate(DependencyDescriptor.java:251)
	at org.springframework.beans.factory.support.DefaultListableBeanFactory.doResolveDependency(DefaultListableBeanFactory.java:1135)
	at org.springframework.beans.factory.support.DefaultListableBeanFactory.resolveDependency(DefaultListableBeanFactory.java:1062)
	at org.springframework.beans.factory.annotation.AutowiredAnnotationBeanPostProcessor$AutowiredFieldElement.inject(AutowiredAnnotationBeanPostProcessor.java:583)
	... 37 common frames omitted
Caused by: org.springframework.beans.factory.UnsatisfiedDependencyException: Error creating bean with name 'sqlSessionFactory' defined in class path resource [com/baomidou/mybatisplus/spring/boot/starter/MybatisPlusAutoConfiguration.class]: Unsatisfied dependency expressed through method 'sqlSessionFactory' parameter 0; nested exception is org.springframework.beans.factory.BeanCreationException: Error creating bean with name 'dataSource' defined in class path resource [com/alibaba/druid/spring/boot/autoconfigure/DruidDataSourceAutoConfigure.class]: Invocation of init method failed; nested exception is com.mysql.jdbc.exceptions.jdbc4.MySQLNonTransientConnectionException: Could not create connection to database server.
	at org.springframework.beans.factory.support.ConstructorResolver.createArgumentArray(ConstructorResolver.java:732)
	at org.springframework.beans.factory.support.ConstructorResolver.instantiateUsingFactoryMethod(ConstructorResolver.java:474)
	at org.springframework.beans.factory.support.AbstractAutowireCapableBeanFactory.instantiateUsingFactoryMethod(AbstractAutowireCapableBeanFactory.java:1247)
	at org.springframework.beans.factory.support.AbstractAutowireCapableBeanFactory.createBeanInstance(AbstractAutowireCapableBeanFactory.java:1096)
	at org.springframework.beans.factory.support.AbstractAutowireCapableBeanFactory.doCreateBean(AbstractAutowireCapableBeanFactory.java:535)
	at org.springframework.beans.factory.support.AbstractAutowireCapableBeanFactory.createBean(AbstractAutowireCapableBeanFactory.java:495)
	at org.springframework.beans.factory.support.AbstractBeanFactory.lambda$doGetBean$0(AbstractBeanFactory.java:317)
	at org.springframework.beans.factory.support.DefaultSingletonBeanRegistry.getSingleton(DefaultSingletonBeanRegistry.java:222)
	at org.springframework.beans.factory.support.AbstractBeanFactory.doGetBean(AbstractBeanFactory.java:315)
	at org.springframework.beans.factory.support.AbstractBeanFactory.getBean(AbstractBeanFactory.java:199)
	at org.springframework.beans.factory.config.DependencyDescriptor.resolveCandidate(DependencyDescriptor.java:251)
	at org.springframework.beans.factory.support.DefaultListableBeanFactory.doResolveDependency(DefaultListableBeanFactory.java:1135)
	at org.springframework.beans.factory.support.DefaultListableBeanFactory.resolveDependency(DefaultListableBeanFactory.java:1062)
	at org.springframework.beans.factory.support.AbstractAutowireCapableBeanFactory.autowireByType(AbstractAutowireCapableBeanFactory.java:1421)
	... 48 common frames omitted
Caused by: org.springframework.beans.factory.BeanCreationException: Error creating bean with name 'dataSource' defined in class path resource [com/alibaba/druid/spring/boot/autoconfigure/DruidDataSourceAutoConfigure.class]: Invocation of init method failed; nested exception is com.mysql.jdbc.exceptions.jdbc4.MySQLNonTransientConnectionException: Could not create connection to database server.
	at org.springframework.beans.factory.support.AbstractAutowireCapableBeanFactory.initializeBean(AbstractAutowireCapableBeanFactory.java:1699)
	at org.springframework.beans.factory.support.AbstractAutowireCapableBeanFactory.doCreateBean(AbstractAutowireCapableBeanFactory.java:573)
	at org.springframework.beans.factory.support.AbstractAutowireCapableBeanFactory.createBean(AbstractAutowireCapableBeanFactory.java:495)
	at org.springframework.beans.factory.support.AbstractBeanFactory.lambda$doGetBean$0(AbstractBeanFactory.java:317)
	at org.springframework.beans.factory.support.DefaultSingletonBeanRegistry.getSingleton(DefaultSingletonBeanRegistry.java:222)
	at org.springframework.beans.factory.support.AbstractBeanFactory.doGetBean(AbstractBeanFactory.java:315)
	at org.springframework.beans.factory.support.AbstractBeanFactory.getBean(AbstractBeanFactory.java:199)
	at org.springframework.beans.factory.config.DependencyDescriptor.resolveCandidate(DependencyDescriptor.java:251)
	at org.springframework.beans.factory.support.DefaultListableBeanFactory.doResolveDependency(DefaultListableBeanFactory.java:1135)
	at org.springframework.beans.factory.support.DefaultListableBeanFactory.resolveDependency(DefaultListableBeanFactory.java:1062)
	at org.springframework.beans.factory.support.ConstructorResolver.resolveAutowiredArgument(ConstructorResolver.java:818)
	at org.springframework.beans.factory.support.ConstructorResolver.createArgumentArray(ConstructorResolver.java:724)
	... 61 common frames omitted
Caused by: com.mysql.jdbc.exceptions.jdbc4.MySQLNonTransientConnectionException: Could not create connection to database server.
	at sun.reflect.NativeConstructorAccessorImpl.newInstance0(Native Method)
	at sun.reflect.NativeConstructorAccessorImpl.newInstance(NativeConstructorAccessorImpl.java:62)
	at sun.reflect.DelegatingConstructorAccessorImpl.newInstance(DelegatingConstructorAccessorImpl.java:45)
	at java.lang.reflect.Constructor.newInstance(Constructor.java:423)
	at com.mysql.jdbc.Util.handleNewInstance(Util.java:404)
	at com.mysql.jdbc.Util.getInstance(Util.java:387)
	at com.mysql.jdbc.SQLError.createSQLException(SQLError.java:917)
	at com.mysql.jdbc.SQLError.createSQLException(SQLError.java:896)
	at com.mysql.jdbc.SQLError.createSQLException(SQLError.java:885)
	at com.mysql.jdbc.SQLError.createSQLException(SQLError.java:860)
	at com.mysql.jdbc.ConnectionImpl.connectOneTryOnly(ConnectionImpl.java:2332)
	at com.mysql.jdbc.ConnectionImpl.createNewIO(ConnectionImpl.java:2085)
	at com.mysql.jdbc.ConnectionImpl.<init>(ConnectionImpl.java:795)
	at com.mysql.jdbc.JDBC4Connection.<init>(JDBC4Connection.java:44)
	at sun.reflect.NativeConstructorAccessorImpl.newInstance0(Native Method)
	at sun.reflect.NativeConstructorAccessorImpl.newInstance(NativeConstructorAccessorImpl.java:62)
	at sun.reflect.DelegatingConstructorAccessorImpl.newInstance(DelegatingConstructorAccessorImpl.java:45)
	at java.lang.reflect.Constructor.newInstance(Constructor.java:423)
	at com.mysql.jdbc.Util.handleNewInstance(Util.java:404)
	at com.mysql.jdbc.ConnectionImpl.getInstance(ConnectionImpl.java:400)
	at com.mysql.jdbc.NonRegisteringDriver.connect(NonRegisteringDriver.java:327)
	at com.alibaba.druid.filter.FilterChainImpl.connection_connect(FilterChainImpl.java:156)
	at com.alibaba.druid.filter.stat.StatFilter.connection_connect(StatFilter.java:218)
	at com.alibaba.druid.filter.FilterChainImpl.connection_connect(FilterChainImpl.java:150)
	at com.alibaba.druid.pool.DruidAbstractDataSource.createPhysicalConnection(DruidAbstractDataSource.java:1560)
	at com.alibaba.druid.pool.DruidAbstractDataSource.createPhysicalConnection(DruidAbstractDataSource.java:1623)
	at com.alibaba.druid.pool.DruidDataSource.init(DruidDataSource.java:861)
	at sun.reflect.NativeMethodAccessorImpl.invoke0(Native Method)
	at sun.reflect.NativeMethodAccessorImpl.invoke(NativeMethodAccessorImpl.java:62)
	at sun.reflect.DelegatingMethodAccessorImpl.invoke(DelegatingMethodAccessorImpl.java:43)
	at java.lang.reflect.Method.invoke(Method.java:498)
	at org.springframework.beans.factory.support.AbstractAutowireCapableBeanFactory.invokeCustomInitMethod(AbstractAutowireCapableBeanFactory.java:1824)
	at org.springframework.beans.factory.support.AbstractAutowireCapableBeanFactory.invokeInitMethods(AbstractAutowireCapableBeanFactory.java:1767)
	at org.springframework.beans.factory.support.AbstractAutowireCapableBeanFactory.initializeBean(AbstractAutowireCapableBeanFactory.java:1695)
	... 72 common frames omitted
Caused by: java.lang.NullPointerException: null
	at com.mysql.jdbc.ConnectionImpl.getServerCharset(ConnectionImpl.java:3005)
	at com.mysql.jdbc.MysqlIO.sendConnectionAttributes(MysqlIO.java:1916)
	at com.mysql.jdbc.MysqlIO.proceedHandshakeWithPluggableAuthentication(MysqlIO.java:1845)
	at com.mysql.jdbc.MysqlIO.doHandshake(MysqlIO.java:1215)
	at com.mysql.jdbc.ConnectionImpl.coreConnect(ConnectionImpl.java:2255)
	at com.mysql.jdbc.ConnectionImpl.connectOneTryOnly(ConnectionImpl.java:2286)
	... 95 common frames omitted
2026-03-17 22:20:03,465 [INFO] [restartedMain] com.zwk.movie_recommend.MovieRecommendApiApplication [StartupInfoLogger.java : 50] Starting MovieRecommendApiApplication on zwk with PID 20260 (D:\code\java\movie_recommend_system\movie-recommend-api\target\classes started by win10 in D:\code\java\movie_recommend_system)
2026-03-17 22:20:03,475 [DEBUG] [restartedMain] com.zwk.movie_recommend.MovieRecommendApiApplication [StartupInfoLogger.java : 53] Running with Spring Boot v2.0.5.RELEASE, Spring v5.0.9.RELEASE
2026-03-17 22:20:03,478 [INFO] [restartedMain] com.zwk.movie_recommend.MovieRecommendApiApplication [SpringApplication.java : 680] No active profile set, falling back to default profiles: default
2026-03-17 22:20:03,609 [INFO] [restartedMain] o.s.b.w.s.c.AnnotationConfigServletWebServerApplicationContext [AbstractApplicationContext.java : 590] Refreshing org.springframework.boot.web.servlet.context.AnnotationConfigServletWebServerApplicationContext@4d139dcc: startup date [Tue Mar 17 22:20:03 CST 2026]; root of context hierarchy
2026-03-17 22:20:05,200 [INFO] [restartedMain] o.s.data.repository.config.RepositoryConfigurationDelegate [RepositoryConfigurationDelegate.java : 172] Multiple Spring Data modules found, entering strict repository configuration mode!
2026-03-17 22:20:06,056 [INFO] [restartedMain] o.s.c.s.PostProcessorRegistrationDelegate$BeanPostProcessorChecker [PostProcessorRegistrationDelegate.java : 326] Bean 'org.springframework.transaction.annotation.ProxyTransactionManagementConfiguration' of type [org.springframework.transaction.annotation.ProxyTransactionManagementConfiguration$$EnhancerBySpringCGLIB$$16662f24] is not eligible for getting processed by all BeanPostProcessors (for example: not eligible for auto-proxying)
2026-03-17 22:20:06,959 [INFO] [restartedMain] org.springframework.boot.web.embedded.tomcat.TomcatWebServer [TomcatWebServer.java : 91] Tomcat initialized with port(s): 8010 (http)
2026-03-17 22:20:07,003 [INFO] [restartedMain] org.apache.catalina.core.StandardService [DirectJDKLog.java : 180] Starting service [Tomcat]
2026-03-17 22:20:07,003 [INFO] [restartedMain] org.apache.catalina.core.StandardEngine [DirectJDKLog.java : 180] Starting Servlet Engine: Apache Tomcat/8.5.34
2026-03-17 22:20:07,025 [INFO] [localhost-startStop-1] org.apache.catalina.core.AprLifecycleListener [DirectJDKLog.java : 180] The APR based Apache Tomcat Native library which allows optimal performance in production environments was not found on the java.library.path: [D:\code\jdk\bin;C:\WINDOWS\Sun\Java\bin;C:\WINDOWS\system32;C:\WINDOWS;C:\Python314\Scripts\;C:\Python314\;C:\ProgramData\Oracle\Java\javapath;C:\WINDOWS\system32;C:\WINDOWS;C:\WINDOWS\System32\Wbem;C:\WINDOWS\System32\WindowsPowerShell\v1.0\;C:\WINDOWS\System32\OpenSSH\;C:\Program Files\Docker\Docker\resources\bin;D:\code\apache-maven-3.5.3\bin;D:\code\Git\cmd;D:\code\skaffold\skaffold-windows-amd64.exe;D:\software\mysql5.8\bin;D:\software\NodeJS\;C:\ProgramData\chocolatey\bin;C:\Program Files\NVIDIA Corporation\NVIDIA App\NvDLISR;C:\Program Files (x86)\NVIDIA Corporation\PhysX\Common;C:\Users\win10\AppData\Local\Microsoft\WindowsApps;;C:\Program Files\JetBrains\IntelliJ IDEA 2025.3.3\bin;D:\code\GoLand 2023.2.1\bin;;D:\code\VSCode\bin;C:\Users\win10\AppData\Roaming\npm;.]
2026-03-17 22:20:07,340 [INFO] [localhost-startStop-1] org.apache.jasper.servlet.TldScanner [DirectJDKLog.java : 180] At least one JAR was scanned for TLDs yet contained no TLDs. Enable debug logging for this logger for a complete list of JARs that were scanned but no TLDs were found in them. Skipping unneeded JARs during scanning can improve startup time and JSP compilation time.
2026-03-17 22:20:07,347 [INFO] [localhost-startStop-1] o.a.c.c.C.[Tomcat].[localhost].[/movie-recommend-api] [DirectJDKLog.java : 180] Initializing Spring embedded WebApplicationContext
2026-03-17 22:20:07,348 [INFO] [localhost-startStop-1] org.springframework.web.context.ContextLoader [ServletWebServerApplicationContext.java : 285] Root WebApplicationContext: initialization completed in 3739 ms
2026-03-17 22:20:07,531 [INFO] [localhost-startStop-1] org.springframework.boot.web.servlet.ServletRegistrationBean [ServletRegistrationBean.java : 187] Servlet dispatcherServlet mapped to [/]
2026-03-17 22:20:07,534 [INFO] [localhost-startStop-1] org.springframework.boot.web.servlet.ServletRegistrationBean [ServletRegistrationBean.java : 187] Servlet statViewServlet mapped to [/druid/*]
2026-03-17 22:20:07,541 [INFO] [localhost-startStop-1] org.springframework.boot.web.servlet.FilterRegistrationBean [AbstractFilterRegistrationBean.java : 245] Mapping filter: 'characterEncodingFilter' to: [/*]
2026-03-17 22:20:07,542 [INFO] [localhost-startStop-1] org.springframework.boot.web.servlet.FilterRegistrationBean [AbstractFilterRegistrationBean.java : 245] Mapping filter: 'hiddenHttpMethodFilter' to: [/*]
2026-03-17 22:20:07,542 [INFO] [localhost-startStop-1] org.springframework.boot.web.servlet.FilterRegistrationBean [AbstractFilterRegistrationBean.java : 245] Mapping filter: 'httpPutFormContentFilter' to: [/*]
2026-03-17 22:20:07,544 [INFO] [localhost-startStop-1] org.springframework.boot.web.servlet.FilterRegistrationBean [AbstractFilterRegistrationBean.java : 245] Mapping filter: 'requestContextFilter' to: [/*]
2026-03-17 22:20:07,544 [INFO] [localhost-startStop-1] org.springframework.boot.web.servlet.FilterRegistrationBean [AbstractFilterRegistrationBean.java : 258] Mapping filter: 'webStatFilter' to urls: [/*]
2026-03-17 22:20:07,946 [INFO] [restartedMain] c.a.d.spring.boot.autoconfigure.DruidDataSourceAutoConfigure [DruidDataSourceAutoConfigure.java : 56] Init DruidDataSource
2026-03-17 22:20:09,295 [ERROR] [restartedMain] com.alibaba.druid.pool.DruidDataSource [DruidDataSource.java : 872] init datasource error, url: jdbc:mysql://127.0.0.1:3306/movie?useUnicode=true&characterEncoding=UTF-8
com.mysql.jdbc.exceptions.jdbc4.MySQLNonTransientConnectionException: Could not create connection to database server.
	at sun.reflect.NativeConstructorAccessorImpl.newInstance0(Native Method)
	at sun.reflect.NativeConstructorAccessorImpl.newInstance(NativeConstructorAccessorImpl.java:62)
	at sun.reflect.DelegatingConstructorAccessorImpl.newInstance(DelegatingConstructorAccessorImpl.java:45)
	at java.lang.reflect.Constructor.newInstance(Constructor.java:423)
	at com.mysql.jdbc.Util.handleNewInstance(Util.java:404)
	at com.mysql.jdbc.Util.getInstance(Util.java:387)
	at com.mysql.jdbc.SQLError.createSQLException(SQLError.java:917)
	at com.mysql.jdbc.SQLError.createSQLException(SQLError.java:896)
	at com.mysql.jdbc.SQLError.createSQLException(SQLError.java:885)
	at com.mysql.jdbc.SQLError.createSQLException(SQLError.java:860)
	at com.mysql.jdbc.ConnectionImpl.connectOneTryOnly(ConnectionImpl.java:2332)
	at com.mysql.jdbc.ConnectionImpl.createNewIO(ConnectionImpl.java:2085)
	at com.mysql.jdbc.ConnectionImpl.<init>(ConnectionImpl.java:795)
	at com.mysql.jdbc.JDBC4Connection.<init>(JDBC4Connection.java:44)
	at sun.reflect.NativeConstructorAccessorImpl.newInstance0(Native Method)
	at sun.reflect.NativeConstructorAccessorImpl.newInstance(NativeConstructorAccessorImpl.java:62)
	at sun.reflect.DelegatingConstructorAccessorImpl.newInstance(DelegatingConstructorAccessorImpl.java:45)
	at java.lang.reflect.Constructor.newInstance(Constructor.java:423)
	at com.mysql.jdbc.Util.handleNewInstance(Util.java:404)
	at com.mysql.jdbc.ConnectionImpl.getInstance(ConnectionImpl.java:400)
	at com.mysql.jdbc.NonRegisteringDriver.connect(NonRegisteringDriver.java:327)
	at com.alibaba.druid.filter.FilterChainImpl.connection_connect(FilterChainImpl.java:156)
	at com.alibaba.druid.filter.stat.StatFilter.connection_connect(StatFilter.java:218)
	at com.alibaba.druid.filter.FilterChainImpl.connection_connect(FilterChainImpl.java:150)
	at com.alibaba.druid.pool.DruidAbstractDataSource.createPhysicalConnection(DruidAbstractDataSource.java:1560)
	at com.alibaba.druid.pool.DruidAbstractDataSource.createPhysicalConnection(DruidAbstractDataSource.java:1623)
	at com.alibaba.druid.pool.DruidDataSource.init(DruidDataSource.java:861)
	at sun.reflect.NativeMethodAccessorImpl.invoke0(Native Method)
	at sun.reflect.NativeMethodAccessorImpl.invoke(NativeMethodAccessorImpl.java:62)
	at sun.reflect.DelegatingMethodAccessorImpl.invoke(DelegatingMethodAccessorImpl.java:43)
	at java.lang.reflect.Method.invoke(Method.java:498)
	at org.springframework.beans.factory.support.AbstractAutowireCapableBeanFactory.invokeCustomInitMethod(AbstractAutowireCapableBeanFactory.java:1824)
	at org.springframework.beans.factory.support.AbstractAutowireCapableBeanFactory.invokeInitMethods(AbstractAutowireCapableBeanFactory.java:1767)
	at org.springframework.beans.factory.support.AbstractAutowireCapableBeanFactory.initializeBean(AbstractAutowireCapableBeanFactory.java:1695)
	at org.springframework.beans.factory.support.AbstractAutowireCapableBeanFactory.doCreateBean(AbstractAutowireCapableBeanFactory.java:573)
	at org.springframework.beans.factory.support.AbstractAutowireCapableBeanFactory.createBean(AbstractAutowireCapableBeanFactory.java:495)
	at org.springframework.beans.factory.support.AbstractBeanFactory.lambda$doGetBean$0(AbstractBeanFactory.java:317)
	at org.springframework.beans.factory.support.DefaultSingletonBeanRegistry.getSingleton(DefaultSingletonBeanRegistry.java:222)
	at org.springframework.beans.factory.support.AbstractBeanFactory.doGetBean(AbstractBeanFactory.java:315)
	at org.springframework.beans.factory.support.AbstractBeanFactory.getBean(AbstractBeanFactory.java:199)
	at org.springframework.beans.factory.config.DependencyDescriptor.resolveCandidate(DependencyDescriptor.java:251)
	at org.springframework.beans.factory.support.DefaultListableBeanFactory.doResolveDependency(DefaultListableBeanFactory.java:1135)
	at org.springframework.beans.factory.support.DefaultListableBeanFactory.resolveDependency(DefaultListableBeanFactory.java:1062)
	at org.springframework.beans.factory.support.ConstructorResolver.resolveAutowiredArgument(ConstructorResolver.java:818)
	at org.springframework.beans.factory.support.ConstructorResolver.createArgumentArray(ConstructorResolver.java:724)
	at org.springframework.beans.factory.support.ConstructorResolver.instantiateUsingFactoryMethod(ConstructorResolver.java:474)
	at org.springframework.beans.factory.support.AbstractAutowireCapableBeanFactory.instantiateUsingFactoryMethod(AbstractAutowireCapableBeanFactory.java:1247)
	at org.springframework.beans.factory.support.AbstractAutowireCapableBeanFactory.createBeanInstance(AbstractAutowireCapableBeanFactory.java:1096)
	at org.springframework.beans.factory.support.AbstractAutowireCapableBeanFactory.doCreateBean(AbstractAutowireCapableBeanFactory.java:535)
	at org.springframework.beans.factory.support.AbstractAutowireCapableBeanFactory.createBean(AbstractAutowireCapableBeanFactory.java:495)
	at org.springframework.beans.factory.support.AbstractBeanFactory.lambda$doGetBean$0(AbstractBeanFactory.java:317)
	at org.springframework.beans.factory.support.DefaultSingletonBeanRegistry.getSingleton(DefaultSingletonBeanRegistry.java:222)
	at org.springframework.beans.factory.support.AbstractBeanFactory.doGetBean(AbstractBeanFactory.java:315)
	at org.springframework.beans.factory.support.AbstractBeanFactory.getBean(AbstractBeanFactory.java:199)
	at org.springframework.beans.factory.config.DependencyDescriptor.resolveCandidate(DependencyDescriptor.java:251)
	at org.springframework.beans.factory.support.DefaultListableBeanFactory.doResolveDependency(DefaultListableBeanFactory.java:1135)
	at org.springframework.beans.factory.support.DefaultListableBeanFactory.resolveDependency(DefaultListableBeanFactory.java:1062)
	at org.springframework.beans.factory.support.AbstractAutowireCapableBeanFactory.autowireByType(AbstractAutowireCapableBeanFactory.java:1421)
	at org.springframework.beans.factory.support.AbstractAutowireCapableBeanFactory.populateBean(AbstractAutowireCapableBeanFactory.java:1323)
	at org.springframework.beans.factory.support.AbstractAutowireCapableBeanFactory.doCreateBean(AbstractAutowireCapableBeanFactory.java:572)
	at org.springframework.beans.factory.support.AbstractAutowireCapableBeanFactory.createBean(AbstractAutowireCapableBeanFactory.java:495)
	at org.springframework.beans.factory.support.AbstractBeanFactory.lambda$doGetBean$0(AbstractBeanFactory.java:317)
	at org.springframework.beans.factory.support.DefaultSingletonBeanRegistry.getSingleton(DefaultSingletonBeanRegistry.java:222)
	at org.springframework.beans.factory.support.AbstractBeanFactory.doGetBean(AbstractBeanFactory.java:315)
	at org.springframework.beans.factory.support.AbstractBeanFactory.getBean(AbstractBeanFactory.java:199)
	at org.springframework.beans.factory.config.DependencyDescriptor.resolveCandidate(DependencyDescriptor.java:251)
	at org.springframework.beans.factory.support.DefaultListableBeanFactory.doResolveDependency(DefaultListableBeanFactory.java:1135)
	at org.springframework.beans.factory.support.DefaultListableBeanFactory.resolveDependency(DefaultListableBeanFactory.java:1062)
	at org.springframework.beans.factory.annotation.AutowiredAnnotationBeanPostProcessor$AutowiredFieldElement.inject(AutowiredAnnotationBeanPostProcessor.java:583)
	at org.springframework.beans.factory.annotation.InjectionMetadata.inject(InjectionMetadata.java:90)
	at org.springframework.beans.factory.annotation.AutowiredAnnotationBeanPostProcessor.postProcessPropertyValues(AutowiredAnnotationBeanPostProcessor.java:372)
	at org.springframework.beans.factory.support.AbstractAutowireCapableBeanFactory.populateBean(AbstractAutowireCapableBeanFactory.java:1341)
	at org.springframework.beans.factory.support.AbstractAutowireCapableBeanFactory.doCreateBean(AbstractAutowireCapableBeanFactory.java:572)
	at org.springframework.beans.factory.support.AbstractAutowireCapableBeanFactory.createBean(AbstractAutowireCapableBeanFactory.java:495)
	at org.springframework.beans.factory.support.AbstractBeanFactory.lambda$doGetBean$0(AbstractBeanFactory.java:317)
	at org.springframework.beans.factory.support.DefaultSingletonBeanRegistry.getSingleton(DefaultSingletonBeanRegistry.java:222)
	at org.springframework.beans.factory.support.AbstractBeanFactory.doGetBean(AbstractBeanFactory.java:315)
	at org.springframework.beans.factory.support.AbstractBeanFactory.getBean(AbstractBeanFactory.java:199)
	at org.springframework.beans.factory.config.DependencyDescriptor.resolveCandidate(DependencyDescriptor.java:251)
	at org.springframework.beans.factory.support.DefaultListableBeanFactory.doResolveDependency(DefaultListableBeanFactory.java:1135)
	at org.springframework.beans.factory.support.DefaultListableBeanFactory.resolveDependency(DefaultListableBeanFactory.java:1062)
	at org.springframework.beans.factory.annotation.AutowiredAnnotationBeanPostProcessor$AutowiredFieldElement.inject(AutowiredAnnotationBeanPostProcessor.java:583)
	at org.springframework.beans.factory.annotation.InjectionMetadata.inject(InjectionMetadata.java:90)
	at org.springframework.beans.factory.annotation.AutowiredAnnotationBeanPostProcessor.postProcessPropertyValues(AutowiredAnnotationBeanPostProcessor.java:372)
	at org.springframework.beans.factory.support.AbstractAutowireCapableBeanFactory.populateBean(AbstractAutowireCapableBeanFactory.java:1341)
	at org.springframework.beans.factory.support.AbstractAutowireCapableBeanFactory.doCreateBean(AbstractAutowireCapableBeanFactory.java:572)
	at org.springframework.beans.factory.support.AbstractAutowireCapableBeanFactory.createBean(AbstractAutowireCapableBeanFactory.java:495)
	at org.springframework.beans.factory.support.AbstractBeanFactory.lambda$doGetBean$0(AbstractBeanFactory.java:317)
	at org.springframework.beans.factory.support.DefaultSingletonBeanRegistry.getSingleton(DefaultSingletonBeanRegistry.java:222)
	at org.springframework.beans.factory.support.AbstractBeanFactory.doGetBean(AbstractBeanFactory.java:315)
	at org.springframework.beans.factory.support.AbstractBeanFactory.getBean(AbstractBeanFactory.java:199)
	at org.springframework.beans.factory.support.DefaultListableBeanFactory.preInstantiateSingletons(DefaultListableBeanFactory.java:759)
	at org.springframework.context.support.AbstractApplicationContext.finishBeanFactoryInitialization(AbstractApplicationContext.java:869)
	at org.springframework.context.support.AbstractApplicationContext.refresh(AbstractApplicationContext.java:550)
	at org.springframework.boot.web.servlet.context.ServletWebServerApplicationContext.refresh(ServletWebServerApplicationContext.java:140)
	at org.springframework.boot.SpringApplication.refresh(SpringApplication.java:780)
	at org.springframework.boot.SpringApplication.refreshContext(SpringApplication.java:412)
	at org.springframework.boot.SpringApplication.run(SpringApplication.java:333)
	at org.springframework.boot.SpringApplication.run(SpringApplication.java:1277)
	at org.springframework.boot.SpringApplication.run(SpringApplication.java:1265)
	at com.zwk.movie_recommend.MovieRecommendApiApplication.main(MovieRecommendApiApplication.java:29)
	at sun.reflect.NativeMethodAccessorImpl.invoke0(Native Method)
	at sun.reflect.NativeMethodAccessorImpl.invoke(NativeMethodAccessorImpl.java:62)
	at sun.reflect.DelegatingMethodAccessorImpl.invoke(DelegatingMethodAccessorImpl.java:43)
	at java.lang.reflect.Method.invoke(Method.java:498)
	at org.springframework.boot.devtools.restart.RestartLauncher.run(RestartLauncher.java:49)
Caused by: java.lang.NullPointerException: null
	at com.mysql.jdbc.ConnectionImpl.getServerCharset(ConnectionImpl.java:3005)
	at com.mysql.jdbc.MysqlIO.sendConnectionAttributes(MysqlIO.java:1916)
	at com.mysql.jdbc.MysqlIO.proceedHandshakeWithPluggableAuthentication(MysqlIO.java:1845)
	at com.mysql.jdbc.MysqlIO.doHandshake(MysqlIO.java:1215)
	at com.mysql.jdbc.ConnectionImpl.coreConnect(ConnectionImpl.java:2255)
	at com.mysql.jdbc.ConnectionImpl.connectOneTryOnly(ConnectionImpl.java:2286)
	... 95 common frames omitted
2026-03-17 22:20:09,299 [ERROR] [restartedMain] com.alibaba.druid.pool.DruidDataSource [DruidDataSource.java : 905] {dataSource-1} init error
com.mysql.jdbc.exceptions.jdbc4.MySQLNonTransientConnectionException: Could not create connection to database server.
	at sun.reflect.NativeConstructorAccessorImpl.newInstance0(Native Method)
	at sun.reflect.NativeConstructorAccessorImpl.newInstance(NativeConstructorAccessorImpl.java:62)
	at sun.reflect.DelegatingConstructorAccessorImpl.newInstance(DelegatingConstructorAccessorImpl.java:45)
	at java.lang.reflect.Constructor.newInstance(Constructor.java:423)
	at com.mysql.jdbc.Util.handleNewInstance(Util.java:404)
	at com.mysql.jdbc.Util.getInstance(Util.java:387)
	at com.mysql.jdbc.SQLError.createSQLException(SQLError.java:917)
	at com.mysql.jdbc.SQLError.createSQLException(SQLError.java:896)
	at com.mysql.jdbc.SQLError.createSQLException(SQLError.java:885)
	at com.mysql.jdbc.SQLError.createSQLException(SQLError.java:860)
	at com.mysql.jdbc.ConnectionImpl.connectOneTryOnly(ConnectionImpl.java:2332)
	at com.mysql.jdbc.ConnectionImpl.createNewIO(ConnectionImpl.java:2085)
	at com.mysql.jdbc.ConnectionImpl.<init>(ConnectionImpl.java:795)
	at com.mysql.jdbc.JDBC4Connection.<init>(JDBC4Connection.java:44)
	at sun.reflect.NativeConstructorAccessorImpl.newInstance0(Native Method)
	at sun.reflect.NativeConstructorAccessorImpl.newInstance(NativeConstructorAccessorImpl.java:62)
	at sun.reflect.DelegatingConstructorAccessorImpl.newInstance(DelegatingConstructorAccessorImpl.java:45)
	at java.lang.reflect.Constructor.newInstance(Constructor.java:423)
	at com.mysql.jdbc.Util.handleNewInstance(Util.java:404)
	at com.mysql.jdbc.ConnectionImpl.getInstance(ConnectionImpl.java:400)
	at com.mysql.jdbc.NonRegisteringDriver.connect(NonRegisteringDriver.java:327)
	at com.alibaba.druid.filter.FilterChainImpl.connection_connect(FilterChainImpl.java:156)
	at com.alibaba.druid.filter.stat.StatFilter.connection_connect(StatFilter.java:218)
	at com.alibaba.druid.filter.FilterChainImpl.connection_connect(FilterChainImpl.java:150)
	at com.alibaba.druid.pool.DruidAbstractDataSource.createPhysicalConnection(DruidAbstractDataSource.java:1560)
	at com.alibaba.druid.pool.DruidAbstractDataSource.createPhysicalConnection(DruidAbstractDataSource.java:1623)
	at com.alibaba.druid.pool.DruidDataSource.init(DruidDataSource.java:861)
	at sun.reflect.NativeMethodAccessorImpl.invoke0(Native Method)
	at sun.reflect.NativeMethodAccessorImpl.invoke(NativeMethodAccessorImpl.java:62)
	at sun.reflect.DelegatingMethodAccessorImpl.invoke(DelegatingMethodAccessorImpl.java:43)
	at java.lang.reflect.Method.invoke(Method.java:498)
	at org.springframework.beans.factory.support.AbstractAutowireCapableBeanFactory.invokeCustomInitMethod(AbstractAutowireCapableBeanFactory.java:1824)
	at org.springframework.beans.factory.support.AbstractAutowireCapableBeanFactory.invokeInitMethods(AbstractAutowireCapableBeanFactory.java:1767)
	at org.springframework.beans.factory.support.AbstractAutowireCapableBeanFactory.initializeBean(AbstractAutowireCapableBeanFactory.java:1695)
	at org.springframework.beans.factory.support.AbstractAutowireCapableBeanFactory.doCreateBean(AbstractAutowireCapableBeanFactory.java:573)
	at org.springframework.beans.factory.support.AbstractAutowireCapableBeanFactory.createBean(AbstractAutowireCapableBeanFactory.java:495)
	at org.springframework.beans.factory.support.AbstractBeanFactory.lambda$doGetBean$0(AbstractBeanFactory.java:317)
	at org.springframework.beans.factory.support.DefaultSingletonBeanRegistry.getSingleton(DefaultSingletonBeanRegistry.java:222)
	at org.springframework.beans.factory.support.AbstractBeanFactory.doGetBean(AbstractBeanFactory.java:315)
	at org.springframework.beans.factory.support.AbstractBeanFactory.getBean(AbstractBeanFactory.java:199)
	at org.springframework.beans.factory.config.DependencyDescriptor.resolveCandidate(DependencyDescriptor.java:251)
	at org.springframework.beans.factory.support.DefaultListableBeanFactory.doResolveDependency(DefaultListableBeanFactory.java:1135)
	at org.springframework.beans.factory.support.DefaultListableBeanFactory.resolveDependency(DefaultListableBeanFactory.java:1062)
	at org.springframework.beans.factory.support.ConstructorResolver.resolveAutowiredArgument(ConstructorResolver.java:818)
	at org.springframework.beans.factory.support.ConstructorResolver.createArgumentArray(ConstructorResolver.java:724)
	at org.springframework.beans.factory.support.ConstructorResolver.instantiateUsingFactoryMethod(ConstructorResolver.java:474)
	at org.springframework.beans.factory.support.AbstractAutowireCapableBeanFactory.instantiateUsingFactoryMethod(AbstractAutowireCapableBeanFactory.java:1247)
	at org.springframework.beans.factory.support.AbstractAutowireCapableBeanFactory.createBeanInstance(AbstractAutowireCapableBeanFactory.java:1096)
	at org.springframework.beans.factory.support.AbstractAutowireCapableBeanFactory.doCreateBean(AbstractAutowireCapableBeanFactory.java:535)
	at org.springframework.beans.factory.support.AbstractAutowireCapableBeanFactory.createBean(AbstractAutowireCapableBeanFactory.java:495)
	at org.springframework.beans.factory.support.AbstractBeanFactory.lambda$doGetBean$0(AbstractBeanFactory.java:317)
	at org.springframework.beans.factory.support.DefaultSingletonBeanRegistry.getSingleton(DefaultSingletonBeanRegistry.java:222)
	at org.springframework.beans.factory.support.AbstractBeanFactory.doGetBean(AbstractBeanFactory.java:315)
	at org.springframework.beans.factory.support.AbstractBeanFactory.getBean(AbstractBeanFactory.java:199)
	at org.springframework.beans.factory.config.DependencyDescriptor.resolveCandidate(DependencyDescriptor.java:251)
	at org.springframework.beans.factory.support.DefaultListableBeanFactory.doResolveDependency(DefaultListableBeanFactory.java:1135)
	at org.springframework.beans.factory.support.DefaultListableBeanFactory.resolveDependency(DefaultListableBeanFactory.java:1062)
	at org.springframework.beans.factory.support.AbstractAutowireCapableBeanFactory.autowireByType(AbstractAutowireCapableBeanFactory.java:1421)
	at org.springframework.beans.factory.support.AbstractAutowireCapableBeanFactory.populateBean(AbstractAutowireCapableBeanFactory.java:1323)
	at org.springframework.beans.factory.support.AbstractAutowireCapableBeanFactory.doCreateBean(AbstractAutowireCapableBeanFactory.java:572)
	at org.springframework.beans.factory.support.AbstractAutowireCapableBeanFactory.createBean(AbstractAutowireCapableBeanFactory.java:495)
	at org.springframework.beans.factory.support.AbstractBeanFactory.lambda$doGetBean$0(AbstractBeanFactory.java:317)
	at org.springframework.beans.factory.support.DefaultSingletonBeanRegistry.getSingleton(DefaultSingletonBeanRegistry.java:222)
	at org.springframework.beans.factory.support.AbstractBeanFactory.doGetBean(AbstractBeanFactory.java:315)
	at org.springframework.beans.factory.support.AbstractBeanFactory.getBean(AbstractBeanFactory.java:199)
	at org.springframework.beans.factory.config.DependencyDescriptor.resolveCandidate(DependencyDescriptor.java:251)
	at org.springframework.beans.factory.support.DefaultListableBeanFactory.doResolveDependency(DefaultListableBeanFactory.java:1135)
	at org.springframework.beans.factory.support.DefaultListableBeanFactory.resolveDependency(DefaultListableBeanFactory.java:1062)
	at org.springframework.beans.factory.annotation.AutowiredAnnotationBeanPostProcessor$AutowiredFieldElement.inject(AutowiredAnnotationBeanPostProcessor.java:583)
	at org.springframework.beans.factory.annotation.InjectionMetadata.inject(InjectionMetadata.java:90)
	at org.springframework.beans.factory.annotation.AutowiredAnnotationBeanPostProcessor.postProcessPropertyValues(AutowiredAnnotationBeanPostProcessor.java:372)
	at org.springframework.beans.factory.support.AbstractAutowireCapableBeanFactory.populateBean(AbstractAutowireCapableBeanFactory.java:1341)
	at org.springframework.beans.factory.support.AbstractAutowireCapableBeanFactory.doCreateBean(AbstractAutowireCapableBeanFactory.java:572)
	at org.springframework.beans.factory.support.AbstractAutowireCapableBeanFactory.createBean(AbstractAutowireCapableBeanFactory.java:495)
	at org.springframework.beans.factory.support.AbstractBeanFactory.lambda$doGetBean$0(AbstractBeanFactory.java:317)
	at org.springframework.beans.factory.support.DefaultSingletonBeanRegistry.getSingleton(DefaultSingletonBeanRegistry.java:222)
	at org.springframework.beans.factory.support.AbstractBeanFactory.doGetBean(AbstractBeanFactory.java:315)
	at org.springframework.beans.factory.support.AbstractBeanFactory.getBean(AbstractBeanFactory.java:199)
	at org.springframework.beans.factory.config.DependencyDescriptor.resolveCandidate(DependencyDescriptor.java:251)
	at org.springframework.beans.factory.support.DefaultListableBeanFactory.doResolveDependency(DefaultListableBeanFactory.java:1135)
	at org.springframework.beans.factory.support.DefaultListableBeanFactory.resolveDependency(DefaultListableBeanFactory.java:1062)
	at org.springframework.beans.factory.annotation.AutowiredAnnotationBeanPostProcessor$AutowiredFieldElement.inject(AutowiredAnnotationBeanPostProcessor.java:583)
	at org.springframework.beans.factory.annotation.InjectionMetadata.inject(InjectionMetadata.java:90)
	at org.springframework.beans.factory.annotation.AutowiredAnnotationBeanPostProcessor.postProcessPropertyValues(AutowiredAnnotationBeanPostProcessor.java:372)
	at org.springframework.beans.factory.support.AbstractAutowireCapableBeanFactory.populateBean(AbstractAutowireCapableBeanFactory.java:1341)
	at org.springframework.beans.factory.support.AbstractAutowireCapableBeanFactory.doCreateBean(AbstractAutowireCapableBeanFactory.java:572)
	at org.springframework.beans.factory.support.AbstractAutowireCapableBeanFactory.createBean(AbstractAutowireCapableBeanFactory.java:495)
	at org.springframework.beans.factory.support.AbstractBeanFactory.lambda$doGetBean$0(AbstractBeanFactory.java:317)
	at org.springframework.beans.factory.support.DefaultSingletonBeanRegistry.getSingleton(DefaultSingletonBeanRegistry.java:222)
	at org.springframework.beans.factory.support.AbstractBeanFactory.doGetBean(AbstractBeanFactory.java:315)
	at org.springframework.beans.factory.support.AbstractBeanFactory.getBean(AbstractBeanFactory.java:199)
	at org.springframework.beans.factory.support.DefaultListableBeanFactory.preInstantiateSingletons(DefaultListableBeanFactory.java:759)
	at org.springframework.context.support.AbstractApplicationContext.finishBeanFactoryInitialization(AbstractApplicationContext.java:869)
	at org.springframework.context.support.AbstractApplicationContext.refresh(AbstractApplicationContext.java:550)
	at org.springframework.boot.web.servlet.context.ServletWebServerApplicationContext.refresh(ServletWebServerApplicationContext.java:140)
	at org.springframework.boot.SpringApplication.refresh(SpringApplication.java:780)
	at org.springframework.boot.SpringApplication.refreshContext(SpringApplication.java:412)
	at org.springframework.boot.SpringApplication.run(SpringApplication.java:333)
	at org.springframework.boot.SpringApplication.run(SpringApplication.java:1277)
	at org.springframework.boot.SpringApplication.run(SpringApplication.java:1265)
	at com.zwk.movie_recommend.MovieRecommendApiApplication.main(MovieRecommendApiApplication.java:29)
	at sun.reflect.NativeMethodAccessorImpl.invoke0(Native Method)
	at sun.reflect.NativeMethodAccessorImpl.invoke(NativeMethodAccessorImpl.java:62)
	at sun.reflect.DelegatingMethodAccessorImpl.invoke(DelegatingMethodAccessorImpl.java:43)
	at java.lang.reflect.Method.invoke(Method.java:498)
	at org.springframework.boot.devtools.restart.RestartLauncher.run(RestartLauncher.java:49)
Caused by: java.lang.NullPointerException: null
	at com.mysql.jdbc.ConnectionImpl.getServerCharset(ConnectionImpl.java:3005)
	at com.mysql.jdbc.MysqlIO.sendConnectionAttributes(MysqlIO.java:1916)
	at com.mysql.jdbc.MysqlIO.proceedHandshakeWithPluggableAuthentication(MysqlIO.java:1845)
	at com.mysql.jdbc.MysqlIO.doHandshake(MysqlIO.java:1215)
	at com.mysql.jdbc.ConnectionImpl.coreConnect(ConnectionImpl.java:2255)
	at com.mysql.jdbc.ConnectionImpl.connectOneTryOnly(ConnectionImpl.java:2286)
	... 95 common frames omitted
2026-03-17 22:20:09,300 [INFO] [restartedMain] com.alibaba.druid.pool.DruidDataSource [DruidDataSource.java : 930] {dataSource-1} inited
2026-03-17 22:20:09,308 [WARN] [restartedMain] o.s.b.w.s.c.AnnotationConfigServletWebServerApplicationContext [AbstractApplicationContext.java : 558] Exception encountered during context initialization - cancelling refresh attempt: org.springframework.beans.factory.UnsatisfiedDependencyException: Error creating bean with name 'customerController': Unsatisfied dependency expressed through field 'userService'; nested exception is org.springframework.beans.factory.UnsatisfiedDependencyException: Error creating bean with name 'userService': Unsatisfied dependency expressed through field 'baseMapper'; nested exception is org.springframework.beans.factory.UnsatisfiedDependencyException: Error creating bean with name 'userDao' defined in file [D:\code\java\movie_recommend_system\movie-recommend-api\target\classes\com\zwk\movie_recommend\dao\UserDao.class]: Unsatisfied dependency expressed through bean property 'sqlSessionFactory'; nested exception is org.springframework.beans.factory.UnsatisfiedDependencyException: Error creating bean with name 'sqlSessionFactory' defined in class path resource [com/baomidou/mybatisplus/spring/boot/starter/MybatisPlusAutoConfiguration.class]: Unsatisfied dependency expressed through method 'sqlSessionFactory' parameter 0; nested exception is org.springframework.beans.factory.BeanCreationException: Error creating bean with name 'dataSource' defined in class path resource [com/alibaba/druid/spring/boot/autoconfigure/DruidDataSourceAutoConfigure.class]: Invocation of init method failed; nested exception is com.mysql.jdbc.exceptions.jdbc4.MySQLNonTransientConnectionException: Could not create connection to database server.
2026-03-17 22:20:09,315 [INFO] [restartedMain] org.apache.catalina.core.StandardService [DirectJDKLog.java : 180] Stopping service [Tomcat]
2026-03-17 22:20:09,324 [ERROR] [Druid-ConnectionPool-Create-1228749019] com.alibaba.druid.pool.DruidDataSource [DruidDataSource.java : 2471] create connection SQLException, url: jdbc:mysql://127.0.0.1:3306/movie?useUnicode=true&characterEncoding=UTF-8, errorCode 0, state 08001
com.mysql.jdbc.exceptions.jdbc4.MySQLNonTransientConnectionException: Could not create connection to database server.
	at sun.reflect.NativeConstructorAccessorImpl.newInstance0(Native Method)
	at sun.reflect.NativeConstructorAccessorImpl.newInstance(NativeConstructorAccessorImpl.java:62)
	at sun.reflect.DelegatingConstructorAccessorImpl.newInstance(DelegatingConstructorAccessorImpl.java:45)
	at java.lang.reflect.Constructor.newInstance(Constructor.java:423)
	at com.mysql.jdbc.Util.handleNewInstance(Util.java:404)
	at com.mysql.jdbc.Util.getInstance(Util.java:387)
	at com.mysql.jdbc.SQLError.createSQLException(SQLError.java:917)
	at com.mysql.jdbc.SQLError.createSQLException(SQLError.java:896)
	at com.mysql.jdbc.SQLError.createSQLException(SQLError.java:885)
	at com.mysql.jdbc.SQLError.createSQLException(SQLError.java:860)
	at com.mysql.jdbc.ConnectionImpl.connectOneTryOnly(ConnectionImpl.java:2332)
	at com.mysql.jdbc.ConnectionImpl.createNewIO(ConnectionImpl.java:2085)
	at com.mysql.jdbc.ConnectionImpl.<init>(ConnectionImpl.java:795)
	at com.mysql.jdbc.JDBC4Connection.<init>(JDBC4Connection.java:44)
	at sun.reflect.NativeConstructorAccessorImpl.newInstance0(Native Method)
	at sun.reflect.NativeConstructorAccessorImpl.newInstance(NativeConstructorAccessorImpl.java:62)
	at sun.reflect.DelegatingConstructorAccessorImpl.newInstance(DelegatingConstructorAccessorImpl.java:45)
	at java.lang.reflect.Constructor.newInstance(Constructor.java:423)
	at com.mysql.jdbc.Util.handleNewInstance(Util.java:404)
	at com.mysql.jdbc.ConnectionImpl.getInstance(ConnectionImpl.java:400)
	at com.mysql.jdbc.NonRegisteringDriver.connect(NonRegisteringDriver.java:327)
	at com.alibaba.druid.filter.FilterChainImpl.connection_connect(FilterChainImpl.java:156)
	at com.alibaba.druid.filter.stat.StatFilter.connection_connect(StatFilter.java:218)
	at com.alibaba.druid.filter.FilterChainImpl.connection_connect(FilterChainImpl.java:150)
	at com.alibaba.druid.pool.DruidAbstractDataSource.createPhysicalConnection(DruidAbstractDataSource.java:1560)
	at com.alibaba.druid.pool.DruidAbstractDataSource.createPhysicalConnection(DruidAbstractDataSource.java:1623)
	at com.alibaba.druid.pool.DruidDataSource$CreateConnectionThread.run(DruidDataSource.java:2468)
Caused by: java.lang.NullPointerException: null
	at com.mysql.jdbc.ConnectionImpl.getServerCharset(ConnectionImpl.java:3005)
	at com.mysql.jdbc.MysqlIO.sendConnectionAttributes(MysqlIO.java:1916)
	at com.mysql.jdbc.MysqlIO.proceedHandshakeWithPluggableAuthentication(MysqlIO.java:1845)
	at com.mysql.jdbc.MysqlIO.doHandshake(MysqlIO.java:1215)
	at com.mysql.jdbc.ConnectionImpl.coreConnect(ConnectionImpl.java:2255)
	at com.mysql.jdbc.ConnectionImpl.connectOneTryOnly(ConnectionImpl.java:2286)
	... 16 common frames omitted
2026-03-17 22:20:09,338 [INFO] [restartedMain] o.s.b.a.logging.ConditionEvaluationReportLoggingListener [ConditionEvaluationReportLoggingListener.java : 101] 

Error starting ApplicationContext. To display the conditions report re-run your application with 'debug' enabled.
2026-03-17 22:20:09,346 [ERROR] [Druid-ConnectionPool-Create-1228749019] com.alibaba.druid.pool.DruidDataSource [DruidDataSource.java : 2471] create connection SQLException, url: jdbc:mysql://127.0.0.1:3306/movie?useUnicode=true&characterEncoding=UTF-8, errorCode 0, state 08001
com.mysql.jdbc.exceptions.jdbc4.MySQLNonTransientConnectionException: Could not create connection to database server.
	at sun.reflect.NativeConstructorAccessorImpl.newInstance0(Native Method)
	at sun.reflect.NativeConstructorAccessorImpl.newInstance(NativeConstructorAccessorImpl.java:62)
	at sun.reflect.DelegatingConstructorAccessorImpl.newInstance(DelegatingConstructorAccessorImpl.java:45)
	at java.lang.reflect.Constructor.newInstance(Constructor.java:423)
	at com.mysql.jdbc.Util.handleNewInstance(Util.java:404)
	at com.mysql.jdbc.Util.getInstance(Util.java:387)
	at com.mysql.jdbc.SQLError.createSQLException(SQLError.java:917)
	at com.mysql.jdbc.SQLError.createSQLException(SQLError.java:896)
	at com.mysql.jdbc.SQLError.createSQLException(SQLError.java:885)
	at com.mysql.jdbc.SQLError.createSQLException(SQLError.java:860)
	at com.mysql.jdbc.ConnectionImpl.connectOneTryOnly(ConnectionImpl.java:2332)
	at com.mysql.jdbc.ConnectionImpl.createNewIO(ConnectionImpl.java:2085)
	at com.mysql.jdbc.ConnectionImpl.<init>(ConnectionImpl.java:795)
	at com.mysql.jdbc.JDBC4Connection.<init>(JDBC4Connection.java:44)
	at sun.reflect.NativeConstructorAccessorImpl.newInstance0(Native Method)
	at sun.reflect.NativeConstructorAccessorImpl.newInstance(NativeConstructorAccessorImpl.java:62)
	at sun.reflect.DelegatingConstructorAccessorImpl.newInstance(DelegatingConstructorAccessorImpl.java:45)
	at java.lang.reflect.Constructor.newInstance(Constructor.java:423)
	at com.mysql.jdbc.Util.handleNewInstance(Util.java:404)
	at com.mysql.jdbc.ConnectionImpl.getInstance(ConnectionImpl.java:400)
	at com.mysql.jdbc.NonRegisteringDriver.connect(NonRegisteringDriver.java:327)
	at com.alibaba.druid.filter.FilterChainImpl.connection_connect(FilterChainImpl.java:156)
	at com.alibaba.druid.filter.stat.StatFilter.connection_connect(StatFilter.java:218)
	at com.alibaba.druid.filter.FilterChainImpl.connection_connect(FilterChainImpl.java:150)
	at com.alibaba.druid.pool.DruidAbstractDataSource.createPhysicalConnection(DruidAbstractDataSource.java:1560)
	at com.alibaba.druid.pool.DruidAbstractDataSource.createPhysicalConnection(DruidAbstractDataSource.java:1623)
	at com.alibaba.druid.pool.DruidDataSource$CreateConnectionThread.run(DruidDataSource.java:2468)
Caused by: java.lang.NullPointerException: null
	at com.mysql.jdbc.ConnectionImpl.getServerCharset(ConnectionImpl.java:3005)
	at com.mysql.jdbc.MysqlIO.sendConnectionAttributes(MysqlIO.java:1916)
	at com.mysql.jdbc.MysqlIO.proceedHandshakeWithPluggableAuthentication(MysqlIO.java:1845)
	at com.mysql.jdbc.MysqlIO.doHandshake(MysqlIO.java:1215)
	at com.mysql.jdbc.ConnectionImpl.coreConnect(ConnectionImpl.java:2255)
	at com.mysql.jdbc.ConnectionImpl.connectOneTryOnly(ConnectionImpl.java:2286)
	... 16 common frames omitted
2026-03-17 22:20:09,348 [ERROR] [restartedMain] org.springframework.boot.SpringApplication [SpringApplication.java : 863] Application run failed
org.springframework.beans.factory.UnsatisfiedDependencyException: Error creating bean with name 'customerController': Unsatisfied dependency expressed through field 'userService'; nested exception is org.springframework.beans.factory.UnsatisfiedDependencyException: Error creating bean with name 'userService': Unsatisfied dependency expressed through field 'baseMapper'; nested exception is org.springframework.beans.factory.UnsatisfiedDependencyException: Error creating bean with name 'userDao' defined in file [D:\code\java\movie_recommend_system\movie-recommend-api\target\classes\com\zwk\movie_recommend\dao\UserDao.class]: Unsatisfied dependency expressed through bean property 'sqlSessionFactory'; nested exception is org.springframework.beans.factory.UnsatisfiedDependencyException: Error creating bean with name 'sqlSessionFactory' defined in class path resource [com/baomidou/mybatisplus/spring/boot/starter/MybatisPlusAutoConfiguration.class]: Unsatisfied dependency expressed through method 'sqlSessionFactory' parameter 0; nested exception is org.springframework.beans.factory.BeanCreationException: Error creating bean with name 'dataSource' defined in class path resource [com/alibaba/druid/spring/boot/autoconfigure/DruidDataSourceAutoConfigure.class]: Invocation of init method failed; nested exception is com.mysql.jdbc.exceptions.jdbc4.MySQLNonTransientConnectionException: Could not create connection to database server.
	at org.springframework.beans.factory.annotation.AutowiredAnnotationBeanPostProcessor$AutowiredFieldElement.inject(AutowiredAnnotationBeanPostProcessor.java:586)
	at org.springframework.beans.factory.annotation.InjectionMetadata.inject(InjectionMetadata.java:90)
	at org.springframework.beans.factory.annotation.AutowiredAnnotationBeanPostProcessor.postProcessPropertyValues(AutowiredAnnotationBeanPostProcessor.java:372)
	at org.springframework.beans.factory.support.AbstractAutowireCapableBeanFactory.populateBean(AbstractAutowireCapableBeanFactory.java:1341)
	at org.springframework.beans.factory.support.AbstractAutowireCapableBeanFactory.doCreateBean(AbstractAutowireCapableBeanFactory.java:572)
	at org.springframework.beans.factory.support.AbstractAutowireCapableBeanFactory.createBean(AbstractAutowireCapableBeanFactory.java:495)
	at org.springframework.beans.factory.support.AbstractBeanFactory.lambda$doGetBean$0(AbstractBeanFactory.java:317)
	at org.springframework.beans.factory.support.DefaultSingletonBeanRegistry.getSingleton(DefaultSingletonBeanRegistry.java:222)
	at org.springframework.beans.factory.support.AbstractBeanFactory.doGetBean(AbstractBeanFactory.java:315)
	at org.springframework.beans.factory.support.AbstractBeanFactory.getBean(AbstractBeanFactory.java:199)
	at org.springframework.beans.factory.support.DefaultListableBeanFactory.preInstantiateSingletons(DefaultListableBeanFactory.java:759)
	at org.springframework.context.support.AbstractApplicationContext.finishBeanFactoryInitialization(AbstractApplicationContext.java:869)
	at org.springframework.context.support.AbstractApplicationContext.refresh(AbstractApplicationContext.java:550)
	at org.springframework.boot.web.servlet.context.ServletWebServerApplicationContext.refresh(ServletWebServerApplicationContext.java:140)
	at org.springframework.boot.SpringApplication.refresh(SpringApplication.java:780)
	at org.springframework.boot.SpringApplication.refreshContext(SpringApplication.java:412)
	at org.springframework.boot.SpringApplication.run(SpringApplication.java:333)
	at org.springframework.boot.SpringApplication.run(SpringApplication.java:1277)
	at org.springframework.boot.SpringApplication.run(SpringApplication.java:1265)
	at com.zwk.movie_recommend.MovieRecommendApiApplication.main(MovieRecommendApiApplication.java:29)
	at sun.reflect.NativeMethodAccessorImpl.invoke0(Native Method)
	at sun.reflect.NativeMethodAccessorImpl.invoke(NativeMethodAccessorImpl.java:62)
	at sun.reflect.DelegatingMethodAccessorImpl.invoke(DelegatingMethodAccessorImpl.java:43)
	at java.lang.reflect.Method.invoke(Method.java:498)
	at org.springframework.boot.devtools.restart.RestartLauncher.run(RestartLauncher.java:49)
Caused by: org.springframework.beans.factory.UnsatisfiedDependencyException: Error creating bean with name 'userService': Unsatisfied dependency expressed through field 'baseMapper'; nested exception is org.springframework.beans.factory.UnsatisfiedDependencyException: Error creating bean with name 'userDao' defined in file [D:\code\java\movie_recommend_system\movie-recommend-api\target\classes\com\zwk\movie_recommend\dao\UserDao.class]: Unsatisfied dependency expressed through bean property 'sqlSessionFactory'; nested exception is org.springframework.beans.factory.UnsatisfiedDependencyException: Error creating bean with name 'sqlSessionFactory' defined in class path resource [com/baomidou/mybatisplus/spring/boot/starter/MybatisPlusAutoConfiguration.class]: Unsatisfied dependency expressed through method 'sqlSessionFactory' parameter 0; nested exception is org.springframework.beans.factory.BeanCreationException: Error creating bean with name 'dataSource' defined in class path resource [com/alibaba/druid/spring/boot/autoconfigure/DruidDataSourceAutoConfigure.class]: Invocation of init method failed; nested exception is com.mysql.jdbc.exceptions.jdbc4.MySQLNonTransientConnectionException: Could not create connection to database server.
	at org.springframework.beans.factory.annotation.AutowiredAnnotationBeanPostProcessor$AutowiredFieldElement.inject(AutowiredAnnotationBeanPostProcessor.java:586)
	at org.springframework.beans.factory.annotation.InjectionMetadata.inject(InjectionMetadata.java:90)
	at org.springframework.beans.factory.annotation.AutowiredAnnotationBeanPostProcessor.postProcessPropertyValues(AutowiredAnnotationBeanPostProcessor.java:372)
	at org.springframework.beans.factory.support.AbstractAutowireCapableBeanFactory.populateBean(AbstractAutowireCapableBeanFactory.java:1341)
	at org.springframework.beans.factory.support.AbstractAutowireCapableBeanFactory.doCreateBean(AbstractAutowireCapableBeanFactory.java:572)
	at org.springframework.beans.factory.support.AbstractAutowireCapableBeanFactory.createBean(AbstractAutowireCapableBeanFactory.java:495)
	at org.springframework.beans.factory.support.AbstractBeanFactory.lambda$doGetBean$0(AbstractBeanFactory.java:317)
	at org.springframework.beans.factory.support.DefaultSingletonBeanRegistry.getSingleton(DefaultSingletonBeanRegistry.java:222)
	at org.springframework.beans.factory.support.AbstractBeanFactory.doGetBean(AbstractBeanFactory.java:315)
	at org.springframework.beans.factory.support.AbstractBeanFactory.getBean(AbstractBeanFactory.java:199)
	at org.springframework.beans.factory.config.DependencyDescriptor.resolveCandidate(DependencyDescriptor.java:251)
	at org.springframework.beans.factory.support.DefaultListableBeanFactory.doResolveDependency(DefaultListableBeanFactory.java:1135)
	at org.springframework.beans.factory.support.DefaultListableBeanFactory.resolveDependency(DefaultListableBeanFactory.java:1062)
	at org.springframework.beans.factory.annotation.AutowiredAnnotationBeanPostProcessor$AutowiredFieldElement.inject(AutowiredAnnotationBeanPostProcessor.java:583)
	... 24 common frames omitted
Caused by: org.springframework.beans.factory.UnsatisfiedDependencyException: Error creating bean with name 'userDao' defined in file [D:\code\java\movie_recommend_system\movie-recommend-api\target\classes\com\zwk\movie_recommend\dao\UserDao.class]: Unsatisfied dependency expressed through bean property 'sqlSessionFactory'; nested exception is org.springframework.beans.factory.UnsatisfiedDependencyException: Error creating bean with name 'sqlSessionFactory' defined in class path resource [com/baomidou/mybatisplus/spring/boot/starter/MybatisPlusAutoConfiguration.class]: Unsatisfied dependency expressed through method 'sqlSessionFactory' parameter 0; nested exception is org.springframework.beans.factory.BeanCreationException: Error creating bean with name 'dataSource' defined in class path resource [com/alibaba/druid/spring/boot/autoconfigure/DruidDataSourceAutoConfigure.class]: Invocation of init method failed; nested exception is com.mysql.jdbc.exceptions.jdbc4.MySQLNonTransientConnectionException: Could not create connection to database server.
	at org.springframework.beans.factory.support.AbstractAutowireCapableBeanFactory.autowireByType(AbstractAutowireCapableBeanFactory.java:1436)
	at org.springframework.beans.factory.support.AbstractAutowireCapableBeanFactory.populateBean(AbstractAutowireCapableBeanFactory.java:1323)
	at org.springframework.beans.factory.support.AbstractAutowireCapableBeanFactory.doCreateBean(AbstractAutowireCapableBeanFactory.java:572)
	at org.springframework.beans.factory.support.AbstractAutowireCapableBeanFactory.createBean(AbstractAutowireCapableBeanFactory.java:495)
	at org.springframework.beans.factory.support.AbstractBeanFactory.lambda$doGetBean$0(AbstractBeanFactory.java:317)
	at org.springframework.beans.factory.support.DefaultSingletonBeanRegistry.getSingleton(DefaultSingletonBeanRegistry.java:222)
	at org.springframework.beans.factory.support.AbstractBeanFactory.doGetBean(AbstractBeanFactory.java:315)
	at org.springframework.beans.factory.support.AbstractBeanFactory.getBean(AbstractBeanFactory.java:199)
	at org.springframework.beans.factory.config.DependencyDescriptor.resolveCandidate(DependencyDescriptor.java:251)
	at org.springframework.beans.factory.support.DefaultListableBeanFactory.doResolveDependency(DefaultListableBeanFactory.java:1135)
	at org.springframework.beans.factory.support.DefaultListableBeanFactory.resolveDependency(DefaultListableBeanFactory.java:1062)
	at org.springframework.beans.factory.annotation.AutowiredAnnotationBeanPostProcessor$AutowiredFieldElement.inject(AutowiredAnnotationBeanPostProcessor.java:583)
	... 37 common frames omitted
Caused by: org.springframework.beans.factory.UnsatisfiedDependencyException: Error creating bean with name 'sqlSessionFactory' defined in class path resource [com/baomidou/mybatisplus/spring/boot/starter/MybatisPlusAutoConfiguration.class]: Unsatisfied dependency expressed through method 'sqlSessionFactory' parameter 0; nested exception is org.springframework.beans.factory.BeanCreationException: Error creating bean with name 'dataSource' defined in class path resource [com/alibaba/druid/spring/boot/autoconfigure/DruidDataSourceAutoConfigure.class]: Invocation of init method failed; nested exception is com.mysql.jdbc.exceptions.jdbc4.MySQLNonTransientConnectionException: Could not create connection to database server.
	at org.springframework.beans.factory.support.ConstructorResolver.createArgumentArray(ConstructorResolver.java:732)
	at org.springframework.beans.factory.support.ConstructorResolver.instantiateUsingFactoryMethod(ConstructorResolver.java:474)
	at org.springframework.beans.factory.support.AbstractAutowireCapableBeanFactory.instantiateUsingFactoryMethod(AbstractAutowireCapableBeanFactory.java:1247)
	at org.springframework.beans.factory.support.AbstractAutowireCapableBeanFactory.createBeanInstance(AbstractAutowireCapableBeanFactory.java:1096)
	at org.springframework.beans.factory.support.AbstractAutowireCapableBeanFactory.doCreateBean(AbstractAutowireCapableBeanFactory.java:535)
	at org.springframework.beans.factory.support.AbstractAutowireCapableBeanFactory.createBean(AbstractAutowireCapableBeanFactory.java:495)
	at org.springframework.beans.factory.support.AbstractBeanFactory.lambda$doGetBean$0(AbstractBeanFactory.java:317)
	at org.springframework.beans.factory.support.DefaultSingletonBeanRegistry.getSingleton(DefaultSingletonBeanRegistry.java:222)
	at org.springframework.beans.factory.support.AbstractBeanFactory.doGetBean(AbstractBeanFactory.java:315)
	at org.springframework.beans.factory.support.AbstractBeanFactory.getBean(AbstractBeanFactory.java:199)
	at org.springframework.beans.factory.config.DependencyDescriptor.resolveCandidate(DependencyDescriptor.java:251)
	at org.springframework.beans.factory.support.DefaultListableBeanFactory.doResolveDependency(DefaultListableBeanFactory.java:1135)
	at org.springframework.beans.factory.support.DefaultListableBeanFactory.resolveDependency(DefaultListableBeanFactory.java:1062)
	at org.springframework.beans.factory.support.AbstractAutowireCapableBeanFactory.autowireByType(AbstractAutowireCapableBeanFactory.java:1421)
	... 48 common frames omitted
Caused by: org.springframework.beans.factory.BeanCreationException: Error creating bean with name 'dataSource' defined in class path resource [com/alibaba/druid/spring/boot/autoconfigure/DruidDataSourceAutoConfigure.class]: Invocation of init method failed; nested exception is com.mysql.jdbc.exceptions.jdbc4.MySQLNonTransientConnectionException: Could not create connection to database server.
	at org.springframework.beans.factory.support.AbstractAutowireCapableBeanFactory.initializeBean(AbstractAutowireCapableBeanFactory.java:1699)
	at org.springframework.beans.factory.support.AbstractAutowireCapableBeanFactory.doCreateBean(AbstractAutowireCapableBeanFactory.java:573)
	at org.springframework.beans.factory.support.AbstractAutowireCapableBeanFactory.createBean(AbstractAutowireCapableBeanFactory.java:495)
	at org.springframework.beans.factory.support.AbstractBeanFactory.lambda$doGetBean$0(AbstractBeanFactory.java:317)
	at org.springframework.beans.factory.support.DefaultSingletonBeanRegistry.getSingleton(DefaultSingletonBeanRegistry.java:222)
	at org.springframework.beans.factory.support.AbstractBeanFactory.doGetBean(AbstractBeanFactory.java:315)
	at org.springframework.beans.factory.support.AbstractBeanFactory.getBean(AbstractBeanFactory.java:199)
	at org.springframework.beans.factory.config.DependencyDescriptor.resolveCandidate(DependencyDescriptor.java:251)
	at org.springframework.beans.factory.support.DefaultListableBeanFactory.doResolveDependency(DefaultListableBeanFactory.java:1135)
	at org.springframework.beans.factory.support.DefaultListableBeanFactory.resolveDependency(DefaultListableBeanFactory.java:1062)
	at org.springframework.beans.factory.support.ConstructorResolver.resolveAutowiredArgument(ConstructorResolver.java:818)
	at org.springframework.beans.factory.support.ConstructorResolver.createArgumentArray(ConstructorResolver.java:724)
	... 61 common frames omitted
Caused by: com.mysql.jdbc.exceptions.jdbc4.MySQLNonTransientConnectionException: Could not create connection to database server.
	at sun.reflect.NativeConstructorAccessorImpl.newInstance0(Native Method)
	at sun.reflect.NativeConstructorAccessorImpl.newInstance(NativeConstructorAccessorImpl.java:62)
	at sun.reflect.DelegatingConstructorAccessorImpl.newInstance(DelegatingConstructorAccessorImpl.java:45)
	at java.lang.reflect.Constructor.newInstance(Constructor.java:423)
	at com.mysql.jdbc.Util.handleNewInstance(Util.java:404)
	at com.mysql.jdbc.Util.getInstance(Util.java:387)
	at com.mysql.jdbc.SQLError.createSQLException(SQLError.java:917)
	at com.mysql.jdbc.SQLError.createSQLException(SQLError.java:896)
	at com.mysql.jdbc.SQLError.createSQLException(SQLError.java:885)
	at com.mysql.jdbc.SQLError.createSQLException(SQLError.java:860)
	at com.mysql.jdbc.ConnectionImpl.connectOneTryOnly(ConnectionImpl.java:2332)
	at com.mysql.jdbc.ConnectionImpl.createNewIO(ConnectionImpl.java:2085)
	at com.mysql.jdbc.ConnectionImpl.<init>(ConnectionImpl.java:795)
	at com.mysql.jdbc.JDBC4Connection.<init>(JDBC4Connection.java:44)
	at sun.reflect.NativeConstructorAccessorImpl.newInstance0(Native Method)
	at sun.reflect.NativeConstructorAccessorImpl.newInstance(NativeConstructorAccessorImpl.java:62)
	at sun.reflect.DelegatingConstructorAccessorImpl.newInstance(DelegatingConstructorAccessorImpl.java:45)
	at java.lang.reflect.Constructor.newInstance(Constructor.java:423)
	at com.mysql.jdbc.Util.handleNewInstance(Util.java:404)
	at com.mysql.jdbc.ConnectionImpl.getInstance(ConnectionImpl.java:400)
	at com.mysql.jdbc.NonRegisteringDriver.connect(NonRegisteringDriver.java:327)
	at com.alibaba.druid.filter.FilterChainImpl.connection_connect(FilterChainImpl.java:156)
	at com.alibaba.druid.filter.stat.StatFilter.connection_connect(StatFilter.java:218)
	at com.alibaba.druid.filter.FilterChainImpl.connection_connect(FilterChainImpl.java:150)
	at com.alibaba.druid.pool.DruidAbstractDataSource.createPhysicalConnection(DruidAbstractDataSource.java:1560)
	at com.alibaba.druid.pool.DruidAbstractDataSource.createPhysicalConnection(DruidAbstractDataSource.java:1623)
	at com.alibaba.druid.pool.DruidDataSource.init(DruidDataSource.java:861)
	at sun.reflect.NativeMethodAccessorImpl.invoke0(Native Method)
	at sun.reflect.NativeMethodAccessorImpl.invoke(NativeMethodAccessorImpl.java:62)
	at sun.reflect.DelegatingMethodAccessorImpl.invoke(DelegatingMethodAccessorImpl.java:43)
	at java.lang.reflect.Method.invoke(Method.java:498)
	at org.springframework.beans.factory.support.AbstractAutowireCapableBeanFactory.invokeCustomInitMethod(AbstractAutowireCapableBeanFactory.java:1824)
	at org.springframework.beans.factory.support.AbstractAutowireCapableBeanFactory.invokeInitMethods(AbstractAutowireCapableBeanFactory.java:1767)
	at org.springframework.beans.factory.support.AbstractAutowireCapableBeanFactory.initializeBean(AbstractAutowireCapableBeanFactory.java:1695)
	... 72 common frames omitted
Caused by: java.lang.NullPointerException: null
	at com.mysql.jdbc.ConnectionImpl.getServerCharset(ConnectionImpl.java:3005)
	at com.mysql.jdbc.MysqlIO.sendConnectionAttributes(MysqlIO.java:1916)
	at com.mysql.jdbc.MysqlIO.proceedHandshakeWithPluggableAuthentication(MysqlIO.java:1845)
	at com.mysql.jdbc.MysqlIO.doHandshake(MysqlIO.java:1215)
	at com.mysql.jdbc.ConnectionImpl.coreConnect(ConnectionImpl.java:2255)
	at com.mysql.jdbc.ConnectionImpl.connectOneTryOnly(ConnectionImpl.java:2286)
	... 95 common frames omitted
2026-03-17 22:27:40,860 [INFO] [restartedMain] com.zwk.movie_recommend.MovieRecommendApiApplication [StartupInfoLogger.java : 50] Starting MovieRecommendApiApplication on zwk with PID 15324 (D:\code\java\movie_recommend_system\movie-recommend-api\target\classes started by win10 in D:\code\java\movie_recommend_system)
2026-03-17 22:27:40,873 [DEBUG] [restartedMain] com.zwk.movie_recommend.MovieRecommendApiApplication [StartupInfoLogger.java : 53] Running with Spring Boot v2.0.5.RELEASE, Spring v5.0.9.RELEASE
2026-03-17 22:27:40,880 [INFO] [restartedMain] com.zwk.movie_recommend.MovieRecommendApiApplication [SpringApplication.java : 680] No active profile set, falling back to default profiles: default
2026-03-17 22:27:41,108 [INFO] [restartedMain] o.s.b.w.s.c.AnnotationConfigServletWebServerApplicationContext [AbstractApplicationContext.java : 590] Refreshing org.springframework.boot.web.servlet.context.AnnotationConfigServletWebServerApplicationContext@64ad9c45: startup date [Tue Mar 17 22:27:41 CST 2026]; root of context hierarchy
2026-03-17 22:27:42,934 [INFO] [restartedMain] o.s.data.repository.config.RepositoryConfigurationDelegate [RepositoryConfigurationDelegate.java : 172] Multiple Spring Data modules found, entering strict repository configuration mode!
2026-03-17 22:27:43,677 [INFO] [restartedMain] o.s.c.s.PostProcessorRegistrationDelegate$BeanPostProcessorChecker [PostProcessorRegistrationDelegate.java : 326] Bean 'org.springframework.transaction.annotation.ProxyTransactionManagementConfiguration' of type [org.springframework.transaction.annotation.ProxyTransactionManagementConfiguration$$EnhancerBySpringCGLIB$$ef3ee927] is not eligible for getting processed by all BeanPostProcessors (for example: not eligible for auto-proxying)
2026-03-17 22:27:44,459 [INFO] [restartedMain] org.springframework.boot.web.embedded.tomcat.TomcatWebServer [TomcatWebServer.java : 91] Tomcat initialized with port(s): 8010 (http)
2026-03-17 22:27:44,502 [INFO] [restartedMain] org.apache.catalina.core.StandardService [DirectJDKLog.java : 180] Starting service [Tomcat]
2026-03-17 22:27:44,502 [INFO] [restartedMain] org.apache.catalina.core.StandardEngine [DirectJDKLog.java : 180] Starting Servlet Engine: Apache Tomcat/8.5.34
2026-03-17 22:27:44,523 [INFO] [localhost-startStop-1] org.apache.catalina.core.AprLifecycleListener [DirectJDKLog.java : 180] The APR based Apache Tomcat Native library which allows optimal performance in production environments was not found on the java.library.path: [D:\code\jdk\bin;C:\WINDOWS\Sun\Java\bin;C:\WINDOWS\system32;C:\WINDOWS;C:\Python314\Scripts\;C:\Python314\;C:\ProgramData\Oracle\Java\javapath;C:\WINDOWS\system32;C:\WINDOWS;C:\WINDOWS\System32\Wbem;C:\WINDOWS\System32\WindowsPowerShell\v1.0\;C:\WINDOWS\System32\OpenSSH\;C:\Program Files\Docker\Docker\resources\bin;D:\code\apache-maven-3.5.3\bin;D:\code\Git\cmd;D:\code\skaffold\skaffold-windows-amd64.exe;D:\software\mysql5.8\bin;D:\software\NodeJS\;C:\ProgramData\chocolatey\bin;C:\Program Files\NVIDIA Corporation\NVIDIA App\NvDLISR;C:\Program Files (x86)\NVIDIA Corporation\PhysX\Common;C:\Users\win10\AppData\Local\Microsoft\WindowsApps;;C:\Program Files\JetBrains\IntelliJ IDEA 2025.3.3\bin;D:\code\GoLand 2023.2.1\bin;;D:\code\VSCode\bin;C:\Users\win10\AppData\Roaming\npm;.]
2026-03-17 22:27:44,836 [INFO] [localhost-startStop-1] org.apache.jasper.servlet.TldScanner [DirectJDKLog.java : 180] At least one JAR was scanned for TLDs yet contained no TLDs. Enable debug logging for this logger for a complete list of JARs that were scanned but no TLDs were found in them. Skipping unneeded JARs during scanning can improve startup time and JSP compilation time.
2026-03-17 22:27:44,842 [INFO] [localhost-startStop-1] o.a.c.c.C.[Tomcat].[localhost].[/movie-recommend-api] [DirectJDKLog.java : 180] Initializing Spring embedded WebApplicationContext
2026-03-17 22:27:44,842 [INFO] [localhost-startStop-1] org.springframework.web.context.ContextLoader [ServletWebServerApplicationContext.java : 285] Root WebApplicationContext: initialization completed in 3734 ms
2026-03-17 22:27:44,991 [INFO] [localhost-startStop-1] org.springframework.boot.web.servlet.ServletRegistrationBean [ServletRegistrationBean.java : 187] Servlet dispatcherServlet mapped to [/]
2026-03-17 22:27:44,994 [INFO] [localhost-startStop-1] org.springframework.boot.web.servlet.ServletRegistrationBean [ServletRegistrationBean.java : 187] Servlet statViewServlet mapped to [/druid/*]
2026-03-17 22:27:45,001 [INFO] [localhost-startStop-1] org.springframework.boot.web.servlet.FilterRegistrationBean [AbstractFilterRegistrationBean.java : 245] Mapping filter: 'characterEncodingFilter' to: [/*]
2026-03-17 22:27:45,001 [INFO] [localhost-startStop-1] org.springframework.boot.web.servlet.FilterRegistrationBean [AbstractFilterRegistrationBean.java : 245] Mapping filter: 'hiddenHttpMethodFilter' to: [/*]
2026-03-17 22:27:45,002 [INFO] [localhost-startStop-1] org.springframework.boot.web.servlet.FilterRegistrationBean [AbstractFilterRegistrationBean.java : 245] Mapping filter: 'httpPutFormContentFilter' to: [/*]
2026-03-17 22:27:45,002 [INFO] [localhost-startStop-1] org.springframework.boot.web.servlet.FilterRegistrationBean [AbstractFilterRegistrationBean.java : 245] Mapping filter: 'requestContextFilter' to: [/*]
2026-03-17 22:27:45,002 [INFO] [localhost-startStop-1] org.springframework.boot.web.servlet.FilterRegistrationBean [AbstractFilterRegistrationBean.java : 258] Mapping filter: 'webStatFilter' to urls: [/*]
2026-03-17 22:27:45,364 [INFO] [restartedMain] c.a.d.spring.boot.autoconfigure.DruidDataSourceAutoConfigure [DruidDataSourceAutoConfigure.java : 56] Init DruidDataSource
2026-03-17 22:27:45,914 [ERROR] [restartedMain] com.alibaba.druid.pool.DruidDataSource [DruidDataSource.java : 872] init datasource error, url: jdbc:mysql://localhost:3306/movie?useUnicode=true&characterEncoding=UTF-8&serverTimezone=Asia/Shanghai&useSSL=false
com.mysql.jdbc.exceptions.jdbc4.MySQLNonTransientConnectionException: Could not create connection to database server.
	at sun.reflect.NativeConstructorAccessorImpl.newInstance0(Native Method)
	at sun.reflect.NativeConstructorAccessorImpl.newInstance(NativeConstructorAccessorImpl.java:62)
	at sun.reflect.DelegatingConstructorAccessorImpl.newInstance(DelegatingConstructorAccessorImpl.java:45)
	at java.lang.reflect.Constructor.newInstance(Constructor.java:423)
	at com.mysql.jdbc.Util.handleNewInstance(Util.java:404)
	at com.mysql.jdbc.Util.getInstance(Util.java:387)
	at com.mysql.jdbc.SQLError.createSQLException(SQLError.java:917)
	at com.mysql.jdbc.SQLError.createSQLException(SQLError.java:896)
	at com.mysql.jdbc.SQLError.createSQLException(SQLError.java:885)
	at com.mysql.jdbc.SQLError.createSQLException(SQLError.java:860)
	at com.mysql.jdbc.ConnectionImpl.connectOneTryOnly(ConnectionImpl.java:2332)
	at com.mysql.jdbc.ConnectionImpl.createNewIO(ConnectionImpl.java:2085)
	at com.mysql.jdbc.ConnectionImpl.<init>(ConnectionImpl.java:795)
	at com.mysql.jdbc.JDBC4Connection.<init>(JDBC4Connection.java:44)
	at sun.reflect.NativeConstructorAccessorImpl.newInstance0(Native Method)
	at sun.reflect.NativeConstructorAccessorImpl.newInstance(NativeConstructorAccessorImpl.java:62)
	at sun.reflect.DelegatingConstructorAccessorImpl.newInstance(DelegatingConstructorAccessorImpl.java:45)
	at java.lang.reflect.Constructor.newInstance(Constructor.java:423)
	at com.mysql.jdbc.Util.handleNewInstance(Util.java:404)
	at com.mysql.jdbc.ConnectionImpl.getInstance(ConnectionImpl.java:400)
	at com.mysql.jdbc.NonRegisteringDriver.connect(NonRegisteringDriver.java:327)
	at com.alibaba.druid.filter.FilterChainImpl.connection_connect(FilterChainImpl.java:156)
	at com.alibaba.druid.filter.stat.StatFilter.connection_connect(StatFilter.java:218)
	at com.alibaba.druid.filter.FilterChainImpl.connection_connect(FilterChainImpl.java:150)
	at com.alibaba.druid.pool.DruidAbstractDataSource.createPhysicalConnection(DruidAbstractDataSource.java:1560)
	at com.alibaba.druid.pool.DruidAbstractDataSource.createPhysicalConnection(DruidAbstractDataSource.java:1623)
	at com.alibaba.druid.pool.DruidDataSource.init(DruidDataSource.java:861)
	at sun.reflect.NativeMethodAccessorImpl.invoke0(Native Method)
	at sun.reflect.NativeMethodAccessorImpl.invoke(NativeMethodAccessorImpl.java:62)
	at sun.reflect.DelegatingMethodAccessorImpl.invoke(DelegatingMethodAccessorImpl.java:43)
	at java.lang.reflect.Method.invoke(Method.java:498)
	at org.springframework.beans.factory.support.AbstractAutowireCapableBeanFactory.invokeCustomInitMethod(AbstractAutowireCapableBeanFactory.java:1824)
	at org.springframework.beans.factory.support.AbstractAutowireCapableBeanFactory.invokeInitMethods(AbstractAutowireCapableBeanFactory.java:1767)
	at org.springframework.beans.factory.support.AbstractAutowireCapableBeanFactory.initializeBean(AbstractAutowireCapableBeanFactory.java:1695)
	at org.springframework.beans.factory.support.AbstractAutowireCapableBeanFactory.doCreateBean(AbstractAutowireCapableBeanFactory.java:573)
	at org.springframework.beans.factory.support.AbstractAutowireCapableBeanFactory.createBean(AbstractAutowireCapableBeanFactory.java:495)
	at org.springframework.beans.factory.support.AbstractBeanFactory.lambda$doGetBean$0(AbstractBeanFactory.java:317)
	at org.springframework.beans.factory.support.DefaultSingletonBeanRegistry.getSingleton(DefaultSingletonBeanRegistry.java:222)
	at org.springframework.beans.factory.support.AbstractBeanFactory.doGetBean(AbstractBeanFactory.java:315)
	at org.springframework.beans.factory.support.AbstractBeanFactory.getBean(AbstractBeanFactory.java:199)
	at org.springframework.beans.factory.config.DependencyDescriptor.resolveCandidate(DependencyDescriptor.java:251)
	at org.springframework.beans.factory.support.DefaultListableBeanFactory.doResolveDependency(DefaultListableBeanFactory.java:1135)
	at org.springframework.beans.factory.support.DefaultListableBeanFactory.resolveDependency(DefaultListableBeanFactory.java:1062)
	at org.springframework.beans.factory.support.ConstructorResolver.resolveAutowiredArgument(ConstructorResolver.java:818)
	at org.springframework.beans.factory.support.ConstructorResolver.createArgumentArray(ConstructorResolver.java:724)
	at org.springframework.beans.factory.support.ConstructorResolver.instantiateUsingFactoryMethod(ConstructorResolver.java:474)
	at org.springframework.beans.factory.support.AbstractAutowireCapableBeanFactory.instantiateUsingFactoryMethod(AbstractAutowireCapableBeanFactory.java:1247)
	at org.springframework.beans.factory.support.AbstractAutowireCapableBeanFactory.createBeanInstance(AbstractAutowireCapableBeanFactory.java:1096)
	at org.springframework.beans.factory.support.AbstractAutowireCapableBeanFactory.doCreateBean(AbstractAutowireCapableBeanFactory.java:535)
	at org.springframework.beans.factory.support.AbstractAutowireCapableBeanFactory.createBean(AbstractAutowireCapableBeanFactory.java:495)
	at org.springframework.beans.factory.support.AbstractBeanFactory.lambda$doGetBean$0(AbstractBeanFactory.java:317)
	at org.springframework.beans.factory.support.DefaultSingletonBeanRegistry.getSingleton(DefaultSingletonBeanRegistry.java:222)
	at org.springframework.beans.factory.support.AbstractBeanFactory.doGetBean(AbstractBeanFactory.java:315)
	at org.springframework.beans.factory.support.AbstractBeanFactory.getBean(AbstractBeanFactory.java:199)
	at org.springframework.beans.factory.config.DependencyDescriptor.resolveCandidate(DependencyDescriptor.java:251)
	at org.springframework.beans.factory.support.DefaultListableBeanFactory.doResolveDependency(DefaultListableBeanFactory.java:1135)
	at org.springframework.beans.factory.support.DefaultListableBeanFactory.resolveDependency(DefaultListableBeanFactory.java:1062)
	at org.springframework.beans.factory.support.AbstractAutowireCapableBeanFactory.autowireByType(AbstractAutowireCapableBeanFactory.java:1421)
	at org.springframework.beans.factory.support.AbstractAutowireCapableBeanFactory.populateBean(AbstractAutowireCapableBeanFactory.java:1323)
	at org.springframework.beans.factory.support.AbstractAutowireCapableBeanFactory.doCreateBean(AbstractAutowireCapableBeanFactory.java:572)
	at org.springframework.beans.factory.support.AbstractAutowireCapableBeanFactory.createBean(AbstractAutowireCapableBeanFactory.java:495)
	at org.springframework.beans.factory.support.AbstractBeanFactory.lambda$doGetBean$0(AbstractBeanFactory.java:317)
	at org.springframework.beans.factory.support.DefaultSingletonBeanRegistry.getSingleton(DefaultSingletonBeanRegistry.java:222)
	at org.springframework.beans.factory.support.AbstractBeanFactory.doGetBean(AbstractBeanFactory.java:315)
	at org.springframework.beans.factory.support.AbstractBeanFactory.getBean(AbstractBeanFactory.java:199)
	at org.springframework.beans.factory.config.DependencyDescriptor.resolveCandidate(DependencyDescriptor.java:251)
	at org.springframework.beans.factory.support.DefaultListableBeanFactory.doResolveDependency(DefaultListableBeanFactory.java:1135)
	at org.springframework.beans.factory.support.DefaultListableBeanFactory.resolveDependency(DefaultListableBeanFactory.java:1062)
	at org.springframework.beans.factory.annotation.AutowiredAnnotationBeanPostProcessor$AutowiredFieldElement.inject(AutowiredAnnotationBeanPostProcessor.java:583)
	at org.springframework.beans.factory.annotation.InjectionMetadata.inject(InjectionMetadata.java:90)
	at org.springframework.beans.factory.annotation.AutowiredAnnotationBeanPostProcessor.postProcessPropertyValues(AutowiredAnnotationBeanPostProcessor.java:372)
	at org.springframework.beans.factory.support.AbstractAutowireCapableBeanFactory.populateBean(AbstractAutowireCapableBeanFactory.java:1341)
	at org.springframework.beans.factory.support.AbstractAutowireCapableBeanFactory.doCreateBean(AbstractAutowireCapableBeanFactory.java:572)
	at org.springframework.beans.factory.support.AbstractAutowireCapableBeanFactory.createBean(AbstractAutowireCapableBeanFactory.java:495)
	at org.springframework.beans.factory.support.AbstractBeanFactory.lambda$doGetBean$0(AbstractBeanFactory.java:317)
	at org.springframework.beans.factory.support.DefaultSingletonBeanRegistry.getSingleton(DefaultSingletonBeanRegistry.java:222)
	at org.springframework.beans.factory.support.AbstractBeanFactory.doGetBean(AbstractBeanFactory.java:315)
	at org.springframework.beans.factory.support.AbstractBeanFactory.getBean(AbstractBeanFactory.java:199)
	at org.springframework.beans.factory.config.DependencyDescriptor.resolveCandidate(DependencyDescriptor.java:251)
	at org.springframework.beans.factory.support.DefaultListableBeanFactory.doResolveDependency(DefaultListableBeanFactory.java:1135)
	at org.springframework.beans.factory.support.DefaultListableBeanFactory.resolveDependency(DefaultListableBeanFactory.java:1062)
	at org.springframework.beans.factory.annotation.AutowiredAnnotationBeanPostProcessor$AutowiredFieldElement.inject(AutowiredAnnotationBeanPostProcessor.java:583)
	at org.springframework.beans.factory.annotation.InjectionMetadata.inject(InjectionMetadata.java:90)
	at org.springframework.beans.factory.annotation.AutowiredAnnotationBeanPostProcessor.postProcessPropertyValues(AutowiredAnnotationBeanPostProcessor.java:372)
	at org.springframework.beans.factory.support.AbstractAutowireCapableBeanFactory.populateBean(AbstractAutowireCapableBeanFactory.java:1341)
	at org.springframework.beans.factory.support.AbstractAutowireCapableBeanFactory.doCreateBean(AbstractAutowireCapableBeanFactory.java:572)
	at org.springframework.beans.factory.support.AbstractAutowireCapableBeanFactory.createBean(AbstractAutowireCapableBeanFactory.java:495)
	at org.springframework.beans.factory.support.AbstractBeanFactory.lambda$doGetBean$0(AbstractBeanFactory.java:317)
	at org.springframework.beans.factory.support.DefaultSingletonBeanRegistry.getSingleton(DefaultSingletonBeanRegistry.java:222)
	at org.springframework.beans.factory.support.AbstractBeanFactory.doGetBean(AbstractBeanFactory.java:315)
	at org.springframework.beans.factory.support.AbstractBeanFactory.getBean(AbstractBeanFactory.java:199)
	at org.springframework.beans.factory.support.DefaultListableBeanFactory.preInstantiateSingletons(DefaultListableBeanFactory.java:759)
	at org.springframework.context.support.AbstractApplicationContext.finishBeanFactoryInitialization(AbstractApplicationContext.java:869)
	at org.springframework.context.support.AbstractApplicationContext.refresh(AbstractApplicationContext.java:550)
	at org.springframework.boot.web.servlet.context.ServletWebServerApplicationContext.refresh(ServletWebServerApplicationContext.java:140)
	at org.springframework.boot.SpringApplication.refresh(SpringApplication.java:780)
	at org.springframework.boot.SpringApplication.refreshContext(SpringApplication.java:412)
	at org.springframework.boot.SpringApplication.run(SpringApplication.java:333)
	at org.springframework.boot.SpringApplication.run(SpringApplication.java:1277)
	at org.springframework.boot.SpringApplication.run(SpringApplication.java:1265)
	at com.zwk.movie_recommend.MovieRecommendApiApplication.main(MovieRecommendApiApplication.java:29)
	at sun.reflect.NativeMethodAccessorImpl.invoke0(Native Method)
	at sun.reflect.NativeMethodAccessorImpl.invoke(NativeMethodAccessorImpl.java:62)
	at sun.reflect.DelegatingMethodAccessorImpl.invoke(DelegatingMethodAccessorImpl.java:43)
	at java.lang.reflect.Method.invoke(Method.java:498)
	at org.springframework.boot.devtools.restart.RestartLauncher.run(RestartLauncher.java:49)
Caused by: java.lang.NullPointerException: null
	at com.mysql.jdbc.ConnectionImpl.getServerCharset(ConnectionImpl.java:3005)
	at com.mysql.jdbc.MysqlIO.sendConnectionAttributes(MysqlIO.java:1916)
	at com.mysql.jdbc.MysqlIO.proceedHandshakeWithPluggableAuthentication(MysqlIO.java:1845)
	at com.mysql.jdbc.MysqlIO.doHandshake(MysqlIO.java:1215)
	at com.mysql.jdbc.ConnectionImpl.coreConnect(ConnectionImpl.java:2255)
	at com.mysql.jdbc.ConnectionImpl.connectOneTryOnly(ConnectionImpl.java:2286)
	... 95 common frames omitted
2026-03-17 22:27:45,920 [ERROR] [restartedMain] com.alibaba.druid.pool.DruidDataSource [DruidDataSource.java : 905] {dataSource-1} init error
com.mysql.jdbc.exceptions.jdbc4.MySQLNonTransientConnectionException: Could not create connection to database server.
	at sun.reflect.NativeConstructorAccessorImpl.newInstance0(Native Method)
	at sun.reflect.NativeConstructorAccessorImpl.newInstance(NativeConstructorAccessorImpl.java:62)
	at sun.reflect.DelegatingConstructorAccessorImpl.newInstance(DelegatingConstructorAccessorImpl.java:45)
	at java.lang.reflect.Constructor.newInstance(Constructor.java:423)
	at com.mysql.jdbc.Util.handleNewInstance(Util.java:404)
	at com.mysql.jdbc.Util.getInstance(Util.java:387)
	at com.mysql.jdbc.SQLError.createSQLException(SQLError.java:917)
	at com.mysql.jdbc.SQLError.createSQLException(SQLError.java:896)
	at com.mysql.jdbc.SQLError.createSQLException(SQLError.java:885)
	at com.mysql.jdbc.SQLError.createSQLException(SQLError.java:860)
	at com.mysql.jdbc.ConnectionImpl.connectOneTryOnly(ConnectionImpl.java:2332)
	at com.mysql.jdbc.ConnectionImpl.createNewIO(ConnectionImpl.java:2085)
	at com.mysql.jdbc.ConnectionImpl.<init>(ConnectionImpl.java:795)
	at com.mysql.jdbc.JDBC4Connection.<init>(JDBC4Connection.java:44)
	at sun.reflect.NativeConstructorAccessorImpl.newInstance0(Native Method)
	at sun.reflect.NativeConstructorAccessorImpl.newInstance(NativeConstructorAccessorImpl.java:62)
	at sun.reflect.DelegatingConstructorAccessorImpl.newInstance(DelegatingConstructorAccessorImpl.java:45)
	at java.lang.reflect.Constructor.newInstance(Constructor.java:423)
	at com.mysql.jdbc.Util.handleNewInstance(Util.java:404)
	at com.mysql.jdbc.ConnectionImpl.getInstance(ConnectionImpl.java:400)
	at com.mysql.jdbc.NonRegisteringDriver.connect(NonRegisteringDriver.java:327)
	at com.alibaba.druid.filter.FilterChainImpl.connection_connect(FilterChainImpl.java:156)
	at com.alibaba.druid.filter.stat.StatFilter.connection_connect(StatFilter.java:218)
	at com.alibaba.druid.filter.FilterChainImpl.connection_connect(FilterChainImpl.java:150)
	at com.alibaba.druid.pool.DruidAbstractDataSource.createPhysicalConnection(DruidAbstractDataSource.java:1560)
	at com.alibaba.druid.pool.DruidAbstractDataSource.createPhysicalConnection(DruidAbstractDataSource.java:1623)
	at com.alibaba.druid.pool.DruidDataSource.init(DruidDataSource.java:861)
	at sun.reflect.NativeMethodAccessorImpl.invoke0(Native Method)
	at sun.reflect.NativeMethodAccessorImpl.invoke(NativeMethodAccessorImpl.java:62)
	at sun.reflect.DelegatingMethodAccessorImpl.invoke(DelegatingMethodAccessorImpl.java:43)
	at java.lang.reflect.Method.invoke(Method.java:498)
	at org.springframework.beans.factory.support.AbstractAutowireCapableBeanFactory.invokeCustomInitMethod(AbstractAutowireCapableBeanFactory.java:1824)
	at org.springframework.beans.factory.support.AbstractAutowireCapableBeanFactory.invokeInitMethods(AbstractAutowireCapableBeanFactory.java:1767)
	at org.springframework.beans.factory.support.AbstractAutowireCapableBeanFactory.initializeBean(AbstractAutowireCapableBeanFactory.java:1695)
	at org.springframework.beans.factory.support.AbstractAutowireCapableBeanFactory.doCreateBean(AbstractAutowireCapableBeanFactory.java:573)
	at org.springframework.beans.factory.support.AbstractAutowireCapableBeanFactory.createBean(AbstractAutowireCapableBeanFactory.java:495)
	at org.springframework.beans.factory.support.AbstractBeanFactory.lambda$doGetBean$0(AbstractBeanFactory.java:317)
	at org.springframework.beans.factory.support.DefaultSingletonBeanRegistry.getSingleton(DefaultSingletonBeanRegistry.java:222)
	at org.springframework.beans.factory.support.AbstractBeanFactory.doGetBean(AbstractBeanFactory.java:315)
	at org.springframework.beans.factory.support.AbstractBeanFactory.getBean(AbstractBeanFactory.java:199)
	at org.springframework.beans.factory.config.DependencyDescriptor.resolveCandidate(DependencyDescriptor.java:251)
	at org.springframework.beans.factory.support.DefaultListableBeanFactory.doResolveDependency(DefaultListableBeanFactory.java:1135)
	at org.springframework.beans.factory.support.DefaultListableBeanFactory.resolveDependency(DefaultListableBeanFactory.java:1062)
	at org.springframework.beans.factory.support.ConstructorResolver.resolveAutowiredArgument(ConstructorResolver.java:818)
	at org.springframework.beans.factory.support.ConstructorResolver.createArgumentArray(ConstructorResolver.java:724)
	at org.springframework.beans.factory.support.ConstructorResolver.instantiateUsingFactoryMethod(ConstructorResolver.java:474)
	at org.springframework.beans.factory.support.AbstractAutowireCapableBeanFactory.instantiateUsingFactoryMethod(AbstractAutowireCapableBeanFactory.java:1247)
	at org.springframework.beans.factory.support.AbstractAutowireCapableBeanFactory.createBeanInstance(AbstractAutowireCapableBeanFactory.java:1096)
	at org.springframework.beans.factory.support.AbstractAutowireCapableBeanFactory.doCreateBean(AbstractAutowireCapableBeanFactory.java:535)
	at org.springframework.beans.factory.support.AbstractAutowireCapableBeanFactory.createBean(AbstractAutowireCapableBeanFactory.java:495)
	at org.springframework.beans.factory.support.AbstractBeanFactory.lambda$doGetBean$0(AbstractBeanFactory.java:317)
	at org.springframework.beans.factory.support.DefaultSingletonBeanRegistry.getSingleton(DefaultSingletonBeanRegistry.java:222)
	at org.springframework.beans.factory.support.AbstractBeanFactory.doGetBean(AbstractBeanFactory.java:315)
	at org.springframework.beans.factory.support.AbstractBeanFactory.getBean(AbstractBeanFactory.java:199)
	at org.springframework.beans.factory.config.DependencyDescriptor.resolveCandidate(DependencyDescriptor.java:251)
	at org.springframework.beans.factory.support.DefaultListableBeanFactory.doResolveDependency(DefaultListableBeanFactory.java:1135)
	at org.springframework.beans.factory.support.DefaultListableBeanFactory.resolveDependency(DefaultListableBeanFactory.java:1062)
	at org.springframework.beans.factory.support.AbstractAutowireCapableBeanFactory.autowireByType(AbstractAutowireCapableBeanFactory.java:1421)
	at org.springframework.beans.factory.support.AbstractAutowireCapableBeanFactory.populateBean(AbstractAutowireCapableBeanFactory.java:1323)
	at org.springframework.beans.factory.support.AbstractAutowireCapableBeanFactory.doCreateBean(AbstractAutowireCapableBeanFactory.java:572)
	at org.springframework.beans.factory.support.AbstractAutowireCapableBeanFactory.createBean(AbstractAutowireCapableBeanFactory.java:495)
	at org.springframework.beans.factory.support.AbstractBeanFactory.lambda$doGetBean$0(AbstractBeanFactory.java:317)
	at org.springframework.beans.factory.support.DefaultSingletonBeanRegistry.getSingleton(DefaultSingletonBeanRegistry.java:222)
	at org.springframework.beans.factory.support.AbstractBeanFactory.doGetBean(AbstractBeanFactory.java:315)
	at org.springframework.beans.factory.support.AbstractBeanFactory.getBean(AbstractBeanFactory.java:199)
	at org.springframework.beans.factory.config.DependencyDescriptor.resolveCandidate(DependencyDescriptor.java:251)
	at org.springframework.beans.factory.support.DefaultListableBeanFactory.doResolveDependency(DefaultListableBeanFactory.java:1135)
	at org.springframework.beans.factory.support.DefaultListableBeanFactory.resolveDependency(DefaultListableBeanFactory.java:1062)
	at org.springframework.beans.factory.annotation.AutowiredAnnotationBeanPostProcessor$AutowiredFieldElement.inject(AutowiredAnnotationBeanPostProcessor.java:583)
	at org.springframework.beans.factory.annotation.InjectionMetadata.inject(InjectionMetadata.java:90)
	at org.springframework.beans.factory.annotation.AutowiredAnnotationBeanPostProcessor.postProcessPropertyValues(AutowiredAnnotationBeanPostProcessor.java:372)
	at org.springframework.beans.factory.support.AbstractAutowireCapableBeanFactory.populateBean(AbstractAutowireCapableBeanFactory.java:1341)
	at org.springframework.beans.factory.support.AbstractAutowireCapableBeanFactory.doCreateBean(AbstractAutowireCapableBeanFactory.java:572)
	at org.springframework.beans.factory.support.AbstractAutowireCapableBeanFactory.createBean(AbstractAutowireCapableBeanFactory.java:495)
	at org.springframework.beans.factory.support.AbstractBeanFactory.lambda$doGetBean$0(AbstractBeanFactory.java:317)
	at org.springframework.beans.factory.support.DefaultSingletonBeanRegistry.getSingleton(DefaultSingletonBeanRegistry.java:222)
	at org.springframework.beans.factory.support.AbstractBeanFactory.doGetBean(AbstractBeanFactory.java:315)
	at org.springframework.beans.factory.support.AbstractBeanFactory.getBean(AbstractBeanFactory.java:199)
	at org.springframework.beans.factory.config.DependencyDescriptor.resolveCandidate(DependencyDescriptor.java:251)
	at org.springframework.beans.factory.support.DefaultListableBeanFactory.doResolveDependency(DefaultListableBeanFactory.java:1135)
	at org.springframework.beans.factory.support.DefaultListableBeanFactory.resolveDependency(DefaultListableBeanFactory.java:1062)
	at org.springframework.beans.factory.annotation.AutowiredAnnotationBeanPostProcessor$AutowiredFieldElement.inject(AutowiredAnnotationBeanPostProcessor.java:583)
	at org.springframework.beans.factory.annotation.InjectionMetadata.inject(InjectionMetadata.java:90)
	at org.springframework.beans.factory.annotation.AutowiredAnnotationBeanPostProcessor.postProcessPropertyValues(AutowiredAnnotationBeanPostProcessor.java:372)
	at org.springframework.beans.factory.support.AbstractAutowireCapableBeanFactory.populateBean(AbstractAutowireCapableBeanFactory.java:1341)
	at org.springframework.beans.factory.support.AbstractAutowireCapableBeanFactory.doCreateBean(AbstractAutowireCapableBeanFactory.java:572)
	at org.springframework.beans.factory.support.AbstractAutowireCapableBeanFactory.createBean(AbstractAutowireCapableBeanFactory.java:495)
	at org.springframework.beans.factory.support.AbstractBeanFactory.lambda$doGetBean$0(AbstractBeanFactory.java:317)
	at org.springframework.beans.factory.support.DefaultSingletonBeanRegistry.getSingleton(DefaultSingletonBeanRegistry.java:222)
	at org.springframework.beans.factory.support.AbstractBeanFactory.doGetBean(AbstractBeanFactory.java:315)
	at org.springframework.beans.factory.support.AbstractBeanFactory.getBean(AbstractBeanFactory.java:199)
	at org.springframework.beans.factory.support.DefaultListableBeanFactory.preInstantiateSingletons(DefaultListableBeanFactory.java:759)
	at org.springframework.context.support.AbstractApplicationContext.finishBeanFactoryInitialization(AbstractApplicationContext.java:869)
	at org.springframework.context.support.AbstractApplicationContext.refresh(AbstractApplicationContext.java:550)
	at org.springframework.boot.web.servlet.context.ServletWebServerApplicationContext.refresh(ServletWebServerApplicationContext.java:140)
	at org.springframework.boot.SpringApplication.refresh(SpringApplication.java:780)
	at org.springframework.boot.SpringApplication.refreshContext(SpringApplication.java:412)
	at org.springframework.boot.SpringApplication.run(SpringApplication.java:333)
	at org.springframework.boot.SpringApplication.run(SpringApplication.java:1277)
	at org.springframework.boot.SpringApplication.run(SpringApplication.java:1265)
	at com.zwk.movie_recommend.MovieRecommendApiApplication.main(MovieRecommendApiApplication.java:29)
	at sun.reflect.NativeMethodAccessorImpl.invoke0(Native Method)
	at sun.reflect.NativeMethodAccessorImpl.invoke(NativeMethodAccessorImpl.java:62)
	at sun.reflect.DelegatingMethodAccessorImpl.invoke(DelegatingMethodAccessorImpl.java:43)
	at java.lang.reflect.Method.invoke(Method.java:498)
	at org.springframework.boot.devtools.restart.RestartLauncher.run(RestartLauncher.java:49)
Caused by: java.lang.NullPointerException: null
	at com.mysql.jdbc.ConnectionImpl.getServerCharset(ConnectionImpl.java:3005)
	at com.mysql.jdbc.MysqlIO.sendConnectionAttributes(MysqlIO.java:1916)
	at com.mysql.jdbc.MysqlIO.proceedHandshakeWithPluggableAuthentication(MysqlIO.java:1845)
	at com.mysql.jdbc.MysqlIO.doHandshake(MysqlIO.java:1215)
	at com.mysql.jdbc.ConnectionImpl.coreConnect(ConnectionImpl.java:2255)
	at com.mysql.jdbc.ConnectionImpl.connectOneTryOnly(ConnectionImpl.java:2286)
	... 95 common frames omitted
2026-03-17 22:27:45,922 [INFO] [restartedMain] com.alibaba.druid.pool.DruidDataSource [DruidDataSource.java : 930] {dataSource-1} inited
2026-03-17 22:27:45,926 [ERROR] [Druid-ConnectionPool-Create-1934270666] com.alibaba.druid.pool.DruidDataSource [DruidDataSource.java : 2471] create connection SQLException, url: jdbc:mysql://localhost:3306/movie?useUnicode=true&characterEncoding=UTF-8&serverTimezone=Asia/Shanghai&useSSL=false, errorCode 0, state 08001
com.mysql.jdbc.exceptions.jdbc4.MySQLNonTransientConnectionException: Could not create connection to database server.
	at sun.reflect.NativeConstructorAccessorImpl.newInstance0(Native Method)
	at sun.reflect.NativeConstructorAccessorImpl.newInstance(NativeConstructorAccessorImpl.java:62)
	at sun.reflect.DelegatingConstructorAccessorImpl.newInstance(DelegatingConstructorAccessorImpl.java:45)
	at java.lang.reflect.Constructor.newInstance(Constructor.java:423)
	at com.mysql.jdbc.Util.handleNewInstance(Util.java:404)
	at com.mysql.jdbc.Util.getInstance(Util.java:387)
	at com.mysql.jdbc.SQLError.createSQLException(SQLError.java:917)
	at com.mysql.jdbc.SQLError.createSQLException(SQLError.java:896)
	at com.mysql.jdbc.SQLError.createSQLException(SQLError.java:885)
	at com.mysql.jdbc.SQLError.createSQLException(SQLError.java:860)
	at com.mysql.jdbc.ConnectionImpl.connectOneTryOnly(ConnectionImpl.java:2332)
	at com.mysql.jdbc.ConnectionImpl.createNewIO(ConnectionImpl.java:2085)
	at com.mysql.jdbc.ConnectionImpl.<init>(ConnectionImpl.java:795)
	at com.mysql.jdbc.JDBC4Connection.<init>(JDBC4Connection.java:44)
	at sun.reflect.NativeConstructorAccessorImpl.newInstance0(Native Method)
	at sun.reflect.NativeConstructorAccessorImpl.newInstance(NativeConstructorAccessorImpl.java:62)
	at sun.reflect.DelegatingConstructorAccessorImpl.newInstance(DelegatingConstructorAccessorImpl.java:45)
	at java.lang.reflect.Constructor.newInstance(Constructor.java:423)
	at com.mysql.jdbc.Util.handleNewInstance(Util.java:404)
	at com.mysql.jdbc.ConnectionImpl.getInstance(ConnectionImpl.java:400)
	at com.mysql.jdbc.NonRegisteringDriver.connect(NonRegisteringDriver.java:327)
	at com.alibaba.druid.filter.FilterChainImpl.connection_connect(FilterChainImpl.java:156)
	at com.alibaba.druid.filter.stat.StatFilter.connection_connect(StatFilter.java:218)
	at com.alibaba.druid.filter.FilterChainImpl.connection_connect(FilterChainImpl.java:150)
	at com.alibaba.druid.pool.DruidAbstractDataSource.createPhysicalConnection(DruidAbstractDataSource.java:1560)
	at com.alibaba.druid.pool.DruidAbstractDataSource.createPhysicalConnection(DruidAbstractDataSource.java:1623)
	at com.alibaba.druid.pool.DruidDataSource$CreateConnectionThread.run(DruidDataSource.java:2468)
Caused by: java.lang.NullPointerException: null
	at com.mysql.jdbc.ConnectionImpl.getServerCharset(ConnectionImpl.java:3005)
	at com.mysql.jdbc.MysqlIO.sendConnectionAttributes(MysqlIO.java:1916)
	at com.mysql.jdbc.MysqlIO.proceedHandshakeWithPluggableAuthentication(MysqlIO.java:1845)
	at com.mysql.jdbc.MysqlIO.doHandshake(MysqlIO.java:1215)
	at com.mysql.jdbc.ConnectionImpl.coreConnect(ConnectionImpl.java:2255)
	at com.mysql.jdbc.ConnectionImpl.connectOneTryOnly(ConnectionImpl.java:2286)
	... 16 common frames omitted
2026-03-17 22:27:45,928 [WARN] [restartedMain] o.s.b.w.s.c.AnnotationConfigServletWebServerApplicationContext [AbstractApplicationContext.java : 558] Exception encountered during context initialization - cancelling refresh attempt: org.springframework.beans.factory.UnsatisfiedDependencyException: Error creating bean with name 'customerController': Unsatisfied dependency expressed through field 'userService'; nested exception is org.springframework.beans.factory.UnsatisfiedDependencyException: Error creating bean with name 'userService': Unsatisfied dependency expressed through field 'baseMapper'; nested exception is org.springframework.beans.factory.UnsatisfiedDependencyException: Error creating bean with name 'userDao' defined in file [D:\code\java\movie_recommend_system\movie-recommend-api\target\classes\com\zwk\movie_recommend\dao\UserDao.class]: Unsatisfied dependency expressed through bean property 'sqlSessionFactory'; nested exception is org.springframework.beans.factory.UnsatisfiedDependencyException: Error creating bean with name 'sqlSessionFactory' defined in class path resource [com/baomidou/mybatisplus/spring/boot/starter/MybatisPlusAutoConfiguration.class]: Unsatisfied dependency expressed through method 'sqlSessionFactory' parameter 0; nested exception is org.springframework.beans.factory.BeanCreationException: Error creating bean with name 'dataSource' defined in class path resource [com/alibaba/druid/spring/boot/autoconfigure/DruidDataSourceAutoConfigure.class]: Invocation of init method failed; nested exception is com.mysql.jdbc.exceptions.jdbc4.MySQLNonTransientConnectionException: Could not create connection to database server.
2026-03-17 22:27:45,930 [ERROR] [Druid-ConnectionPool-Create-1934270666] com.alibaba.druid.pool.DruidDataSource [DruidDataSource.java : 2471] create connection SQLException, url: jdbc:mysql://localhost:3306/movie?useUnicode=true&characterEncoding=UTF-8&serverTimezone=Asia/Shanghai&useSSL=false, errorCode 0, state 08001
com.mysql.jdbc.exceptions.jdbc4.MySQLNonTransientConnectionException: Could not create connection to database server.
	at sun.reflect.NativeConstructorAccessorImpl.newInstance0(Native Method)
	at sun.reflect.NativeConstructorAccessorImpl.newInstance(NativeConstructorAccessorImpl.java:62)
	at sun.reflect.DelegatingConstructorAccessorImpl.newInstance(DelegatingConstructorAccessorImpl.java:45)
	at java.lang.reflect.Constructor.newInstance(Constructor.java:423)
	at com.mysql.jdbc.Util.handleNewInstance(Util.java:404)
	at com.mysql.jdbc.Util.getInstance(Util.java:387)
	at com.mysql.jdbc.SQLError.createSQLException(SQLError.java:917)
	at com.mysql.jdbc.SQLError.createSQLException(SQLError.java:896)
	at com.mysql.jdbc.SQLError.createSQLException(SQLError.java:885)
	at com.mysql.jdbc.SQLError.createSQLException(SQLError.java:860)
	at com.mysql.jdbc.ConnectionImpl.connectOneTryOnly(ConnectionImpl.java:2332)
	at com.mysql.jdbc.ConnectionImpl.createNewIO(ConnectionImpl.java:2085)
	at com.mysql.jdbc.ConnectionImpl.<init>(ConnectionImpl.java:795)
	at com.mysql.jdbc.JDBC4Connection.<init>(JDBC4Connection.java:44)
	at sun.reflect.NativeConstructorAccessorImpl.newInstance0(Native Method)
	at sun.reflect.NativeConstructorAccessorImpl.newInstance(NativeConstructorAccessorImpl.java:62)
	at sun.reflect.DelegatingConstructorAccessorImpl.newInstance(DelegatingConstructorAccessorImpl.java:45)
	at java.lang.reflect.Constructor.newInstance(Constructor.java:423)
	at com.mysql.jdbc.Util.handleNewInstance(Util.java:404)
	at com.mysql.jdbc.ConnectionImpl.getInstance(ConnectionImpl.java:400)
	at com.mysql.jdbc.NonRegisteringDriver.connect(NonRegisteringDriver.java:327)
	at com.alibaba.druid.filter.FilterChainImpl.connection_connect(FilterChainImpl.java:156)
	at com.alibaba.druid.filter.stat.StatFilter.connection_connect(StatFilter.java:218)
	at com.alibaba.druid.filter.FilterChainImpl.connection_connect(FilterChainImpl.java:150)
	at com.alibaba.druid.pool.DruidAbstractDataSource.createPhysicalConnection(DruidAbstractDataSource.java:1560)
	at com.alibaba.druid.pool.DruidAbstractDataSource.createPhysicalConnection(DruidAbstractDataSource.java:1623)
	at com.alibaba.druid.pool.DruidDataSource$CreateConnectionThread.run(DruidDataSource.java:2468)
Caused by: java.lang.NullPointerException: null
	at com.mysql.jdbc.ConnectionImpl.getServerCharset(ConnectionImpl.java:3005)
	at com.mysql.jdbc.MysqlIO.sendConnectionAttributes(MysqlIO.java:1916)
	at com.mysql.jdbc.MysqlIO.proceedHandshakeWithPluggableAuthentication(MysqlIO.java:1845)
	at com.mysql.jdbc.MysqlIO.doHandshake(MysqlIO.java:1215)
	at com.mysql.jdbc.ConnectionImpl.coreConnect(ConnectionImpl.java:2255)
	at com.mysql.jdbc.ConnectionImpl.connectOneTryOnly(ConnectionImpl.java:2286)
	... 16 common frames omitted
2026-03-17 22:27:45,934 [INFO] [restartedMain] org.apache.catalina.core.StandardService [DirectJDKLog.java : 180] Stopping service [Tomcat]
2026-03-17 22:27:45,953 [INFO] [restartedMain] o.s.b.a.logging.ConditionEvaluationReportLoggingListener [ConditionEvaluationReportLoggingListener.java : 101] 

Error starting ApplicationContext. To display the conditions report re-run your application with 'debug' enabled.
2026-03-17 22:27:45,961 [ERROR] [restartedMain] org.springframework.boot.SpringApplication [SpringApplication.java : 863] Application run failed
org.springframework.beans.factory.UnsatisfiedDependencyException: Error creating bean with name 'customerController': Unsatisfied dependency expressed through field 'userService'; nested exception is org.springframework.beans.factory.UnsatisfiedDependencyException: Error creating bean with name 'userService': Unsatisfied dependency expressed through field 'baseMapper'; nested exception is org.springframework.beans.factory.UnsatisfiedDependencyException: Error creating bean with name 'userDao' defined in file [D:\code\java\movie_recommend_system\movie-recommend-api\target\classes\com\zwk\movie_recommend\dao\UserDao.class]: Unsatisfied dependency expressed through bean property 'sqlSessionFactory'; nested exception is org.springframework.beans.factory.UnsatisfiedDependencyException: Error creating bean with name 'sqlSessionFactory' defined in class path resource [com/baomidou/mybatisplus/spring/boot/starter/MybatisPlusAutoConfiguration.class]: Unsatisfied dependency expressed through method 'sqlSessionFactory' parameter 0; nested exception is org.springframework.beans.factory.BeanCreationException: Error creating bean with name 'dataSource' defined in class path resource [com/alibaba/druid/spring/boot/autoconfigure/DruidDataSourceAutoConfigure.class]: Invocation of init method failed; nested exception is com.mysql.jdbc.exceptions.jdbc4.MySQLNonTransientConnectionException: Could not create connection to database server.
	at org.springframework.beans.factory.annotation.AutowiredAnnotationBeanPostProcessor$AutowiredFieldElement.inject(AutowiredAnnotationBeanPostProcessor.java:586)
	at org.springframework.beans.factory.annotation.InjectionMetadata.inject(InjectionMetadata.java:90)
	at org.springframework.beans.factory.annotation.AutowiredAnnotationBeanPostProcessor.postProcessPropertyValues(AutowiredAnnotationBeanPostProcessor.java:372)
	at org.springframework.beans.factory.support.AbstractAutowireCapableBeanFactory.populateBean(AbstractAutowireCapableBeanFactory.java:1341)
	at org.springframework.beans.factory.support.AbstractAutowireCapableBeanFactory.doCreateBean(AbstractAutowireCapableBeanFactory.java:572)
	at org.springframework.beans.factory.support.AbstractAutowireCapableBeanFactory.createBean(AbstractAutowireCapableBeanFactory.java:495)
	at org.springframework.beans.factory.support.AbstractBeanFactory.lambda$doGetBean$0(AbstractBeanFactory.java:317)
	at org.springframework.beans.factory.support.DefaultSingletonBeanRegistry.getSingleton(DefaultSingletonBeanRegistry.java:222)
	at org.springframework.beans.factory.support.AbstractBeanFactory.doGetBean(AbstractBeanFactory.java:315)
	at org.springframework.beans.factory.support.AbstractBeanFactory.getBean(AbstractBeanFactory.java:199)
	at org.springframework.beans.factory.support.DefaultListableBeanFactory.preInstantiateSingletons(DefaultListableBeanFactory.java:759)
	at org.springframework.context.support.AbstractApplicationContext.finishBeanFactoryInitialization(AbstractApplicationContext.java:869)
	at org.springframework.context.support.AbstractApplicationContext.refresh(AbstractApplicationContext.java:550)
	at org.springframework.boot.web.servlet.context.ServletWebServerApplicationContext.refresh(ServletWebServerApplicationContext.java:140)
	at org.springframework.boot.SpringApplication.refresh(SpringApplication.java:780)
	at org.springframework.boot.SpringApplication.refreshContext(SpringApplication.java:412)
	at org.springframework.boot.SpringApplication.run(SpringApplication.java:333)
	at org.springframework.boot.SpringApplication.run(SpringApplication.java:1277)
	at org.springframework.boot.SpringApplication.run(SpringApplication.java:1265)
	at com.zwk.movie_recommend.MovieRecommendApiApplication.main(MovieRecommendApiApplication.java:29)
	at sun.reflect.NativeMethodAccessorImpl.invoke0(Native Method)
	at sun.reflect.NativeMethodAccessorImpl.invoke(NativeMethodAccessorImpl.java:62)
	at sun.reflect.DelegatingMethodAccessorImpl.invoke(DelegatingMethodAccessorImpl.java:43)
	at java.lang.reflect.Method.invoke(Method.java:498)
	at org.springframework.boot.devtools.restart.RestartLauncher.run(RestartLauncher.java:49)
Caused by: org.springframework.beans.factory.UnsatisfiedDependencyException: Error creating bean with name 'userService': Unsatisfied dependency expressed through field 'baseMapper'; nested exception is org.springframework.beans.factory.UnsatisfiedDependencyException: Error creating bean with name 'userDao' defined in file [D:\code\java\movie_recommend_system\movie-recommend-api\target\classes\com\zwk\movie_recommend\dao\UserDao.class]: Unsatisfied dependency expressed through bean property 'sqlSessionFactory'; nested exception is org.springframework.beans.factory.UnsatisfiedDependencyException: Error creating bean with name 'sqlSessionFactory' defined in class path resource [com/baomidou/mybatisplus/spring/boot/starter/MybatisPlusAutoConfiguration.class]: Unsatisfied dependency expressed through method 'sqlSessionFactory' parameter 0; nested exception is org.springframework.beans.factory.BeanCreationException: Error creating bean with name 'dataSource' defined in class path resource [com/alibaba/druid/spring/boot/autoconfigure/DruidDataSourceAutoConfigure.class]: Invocation of init method failed; nested exception is com.mysql.jdbc.exceptions.jdbc4.MySQLNonTransientConnectionException: Could not create connection to database server.
	at org.springframework.beans.factory.annotation.AutowiredAnnotationBeanPostProcessor$AutowiredFieldElement.inject(AutowiredAnnotationBeanPostProcessor.java:586)
	at org.springframework.beans.factory.annotation.InjectionMetadata.inject(InjectionMetadata.java:90)
	at org.springframework.beans.factory.annotation.AutowiredAnnotationBeanPostProcessor.postProcessPropertyValues(AutowiredAnnotationBeanPostProcessor.java:372)
	at org.springframework.beans.factory.support.AbstractAutowireCapableBeanFactory.populateBean(AbstractAutowireCapableBeanFactory.java:1341)
	at org.springframework.beans.factory.support.AbstractAutowireCapableBeanFactory.doCreateBean(AbstractAutowireCapableBeanFactory.java:572)
	at org.springframework.beans.factory.support.AbstractAutowireCapableBeanFactory.createBean(AbstractAutowireCapableBeanFactory.java:495)
	at org.springframework.beans.factory.support.AbstractBeanFactory.lambda$doGetBean$0(AbstractBeanFactory.java:317)
	at org.springframework.beans.factory.support.DefaultSingletonBeanRegistry.getSingleton(DefaultSingletonBeanRegistry.java:222)
	at org.springframework.beans.factory.support.AbstractBeanFactory.doGetBean(AbstractBeanFactory.java:315)
	at org.springframework.beans.factory.support.AbstractBeanFactory.getBean(AbstractBeanFactory.java:199)
	at org.springframework.beans.factory.config.DependencyDescriptor.resolveCandidate(DependencyDescriptor.java:251)
	at org.springframework.beans.factory.support.DefaultListableBeanFactory.doResolveDependency(DefaultListableBeanFactory.java:1135)
	at org.springframework.beans.factory.support.DefaultListableBeanFactory.resolveDependency(DefaultListableBeanFactory.java:1062)
	at org.springframework.beans.factory.annotation.AutowiredAnnotationBeanPostProcessor$AutowiredFieldElement.inject(AutowiredAnnotationBeanPostProcessor.java:583)
	... 24 common frames omitted
Caused by: org.springframework.beans.factory.UnsatisfiedDependencyException: Error creating bean with name 'userDao' defined in file [D:\code\java\movie_recommend_system\movie-recommend-api\target\classes\com\zwk\movie_recommend\dao\UserDao.class]: Unsatisfied dependency expressed through bean property 'sqlSessionFactory'; nested exception is org.springframework.beans.factory.UnsatisfiedDependencyException: Error creating bean with name 'sqlSessionFactory' defined in class path resource [com/baomidou/mybatisplus/spring/boot/starter/MybatisPlusAutoConfiguration.class]: Unsatisfied dependency expressed through method 'sqlSessionFactory' parameter 0; nested exception is org.springframework.beans.factory.BeanCreationException: Error creating bean with name 'dataSource' defined in class path resource [com/alibaba/druid/spring/boot/autoconfigure/DruidDataSourceAutoConfigure.class]: Invocation of init method failed; nested exception is com.mysql.jdbc.exceptions.jdbc4.MySQLNonTransientConnectionException: Could not create connection to database server.
	at org.springframework.beans.factory.support.AbstractAutowireCapableBeanFactory.autowireByType(AbstractAutowireCapableBeanFactory.java:1436)
	at org.springframework.beans.factory.support.AbstractAutowireCapableBeanFactory.populateBean(AbstractAutowireCapableBeanFactory.java:1323)
	at org.springframework.beans.factory.support.AbstractAutowireCapableBeanFactory.doCreateBean(AbstractAutowireCapableBeanFactory.java:572)
	at org.springframework.beans.factory.support.AbstractAutowireCapableBeanFactory.createBean(AbstractAutowireCapableBeanFactory.java:495)
	at org.springframework.beans.factory.support.AbstractBeanFactory.lambda$doGetBean$0(AbstractBeanFactory.java:317)
	at org.springframework.beans.factory.support.DefaultSingletonBeanRegistry.getSingleton(DefaultSingletonBeanRegistry.java:222)
	at org.springframework.beans.factory.support.AbstractBeanFactory.doGetBean(AbstractBeanFactory.java:315)
	at org.springframework.beans.factory.support.AbstractBeanFactory.getBean(AbstractBeanFactory.java:199)
	at org.springframework.beans.factory.config.DependencyDescriptor.resolveCandidate(DependencyDescriptor.java:251)
	at org.springframework.beans.factory.support.DefaultListableBeanFactory.doResolveDependency(DefaultListableBeanFactory.java:1135)
	at org.springframework.beans.factory.support.DefaultListableBeanFactory.resolveDependency(DefaultListableBeanFactory.java:1062)
	at org.springframework.beans.factory.annotation.AutowiredAnnotationBeanPostProcessor$AutowiredFieldElement.inject(AutowiredAnnotationBeanPostProcessor.java:583)
	... 37 common frames omitted
Caused by: org.springframework.beans.factory.UnsatisfiedDependencyException: Error creating bean with name 'sqlSessionFactory' defined in class path resource [com/baomidou/mybatisplus/spring/boot/starter/MybatisPlusAutoConfiguration.class]: Unsatisfied dependency expressed through method 'sqlSessionFactory' parameter 0; nested exception is org.springframework.beans.factory.BeanCreationException: Error creating bean with name 'dataSource' defined in class path resource [com/alibaba/druid/spring/boot/autoconfigure/DruidDataSourceAutoConfigure.class]: Invocation of init method failed; nested exception is com.mysql.jdbc.exceptions.jdbc4.MySQLNonTransientConnectionException: Could not create connection to database server.
	at org.springframework.beans.factory.support.ConstructorResolver.createArgumentArray(ConstructorResolver.java:732)
	at org.springframework.beans.factory.support.ConstructorResolver.instantiateUsingFactoryMethod(ConstructorResolver.java:474)
	at org.springframework.beans.factory.support.AbstractAutowireCapableBeanFactory.instantiateUsingFactoryMethod(AbstractAutowireCapableBeanFactory.java:1247)
	at org.springframework.beans.factory.support.AbstractAutowireCapableBeanFactory.createBeanInstance(AbstractAutowireCapableBeanFactory.java:1096)
	at org.springframework.beans.factory.support.AbstractAutowireCapableBeanFactory.doCreateBean(AbstractAutowireCapableBeanFactory.java:535)
	at org.springframework.beans.factory.support.AbstractAutowireCapableBeanFactory.createBean(AbstractAutowireCapableBeanFactory.java:495)
	at org.springframework.beans.factory.support.AbstractBeanFactory.lambda$doGetBean$0(AbstractBeanFactory.java:317)
	at org.springframework.beans.factory.support.DefaultSingletonBeanRegistry.getSingleton(DefaultSingletonBeanRegistry.java:222)
	at org.springframework.beans.factory.support.AbstractBeanFactory.doGetBean(AbstractBeanFactory.java:315)
	at org.springframework.beans.factory.support.AbstractBeanFactory.getBean(AbstractBeanFactory.java:199)
	at org.springframework.beans.factory.config.DependencyDescriptor.resolveCandidate(DependencyDescriptor.java:251)
	at org.springframework.beans.factory.support.DefaultListableBeanFactory.doResolveDependency(DefaultListableBeanFactory.java:1135)
	at org.springframework.beans.factory.support.DefaultListableBeanFactory.resolveDependency(DefaultListableBeanFactory.java:1062)
	at org.springframework.beans.factory.support.AbstractAutowireCapableBeanFactory.autowireByType(AbstractAutowireCapableBeanFactory.java:1421)
	... 48 common frames omitted
Caused by: org.springframework.beans.factory.BeanCreationException: Error creating bean with name 'dataSource' defined in class path resource [com/alibaba/druid/spring/boot/autoconfigure/DruidDataSourceAutoConfigure.class]: Invocation of init method failed; nested exception is com.mysql.jdbc.exceptions.jdbc4.MySQLNonTransientConnectionException: Could not create connection to database server.
	at org.springframework.beans.factory.support.AbstractAutowireCapableBeanFactory.initializeBean(AbstractAutowireCapableBeanFactory.java:1699)
	at org.springframework.beans.factory.support.AbstractAutowireCapableBeanFactory.doCreateBean(AbstractAutowireCapableBeanFactory.java:573)
	at org.springframework.beans.factory.support.AbstractAutowireCapableBeanFactory.createBean(AbstractAutowireCapableBeanFactory.java:495)
	at org.springframework.beans.factory.support.AbstractBeanFactory.lambda$doGetBean$0(AbstractBeanFactory.java:317)
	at org.springframework.beans.factory.support.DefaultSingletonBeanRegistry.getSingleton(DefaultSingletonBeanRegistry.java:222)
	at org.springframework.beans.factory.support.AbstractBeanFactory.doGetBean(AbstractBeanFactory.java:315)
	at org.springframework.beans.factory.support.AbstractBeanFactory.getBean(AbstractBeanFactory.java:199)
	at org.springframework.beans.factory.config.DependencyDescriptor.resolveCandidate(DependencyDescriptor.java:251)
	at org.springframework.beans.factory.support.DefaultListableBeanFactory.doResolveDependency(DefaultListableBeanFactory.java:1135)
	at org.springframework.beans.factory.support.DefaultListableBeanFactory.resolveDependency(DefaultListableBeanFactory.java:1062)
	at org.springframework.beans.factory.support.ConstructorResolver.resolveAutowiredArgument(ConstructorResolver.java:818)
	at org.springframework.beans.factory.support.ConstructorResolver.createArgumentArray(ConstructorResolver.java:724)
	... 61 common frames omitted
Caused by: com.mysql.jdbc.exceptions.jdbc4.MySQLNonTransientConnectionException: Could not create connection to database server.
	at sun.reflect.NativeConstructorAccessorImpl.newInstance0(Native Method)
	at sun.reflect.NativeConstructorAccessorImpl.newInstance(NativeConstructorAccessorImpl.java:62)
	at sun.reflect.DelegatingConstructorAccessorImpl.newInstance(DelegatingConstructorAccessorImpl.java:45)
	at java.lang.reflect.Constructor.newInstance(Constructor.java:423)
	at com.mysql.jdbc.Util.handleNewInstance(Util.java:404)
	at com.mysql.jdbc.Util.getInstance(Util.java:387)
	at com.mysql.jdbc.SQLError.createSQLException(SQLError.java:917)
	at com.mysql.jdbc.SQLError.createSQLException(SQLError.java:896)
	at com.mysql.jdbc.SQLError.createSQLException(SQLError.java:885)
	at com.mysql.jdbc.SQLError.createSQLException(SQLError.java:860)
	at com.mysql.jdbc.ConnectionImpl.connectOneTryOnly(ConnectionImpl.java:2332)
	at com.mysql.jdbc.ConnectionImpl.createNewIO(ConnectionImpl.java:2085)
	at com.mysql.jdbc.ConnectionImpl.<init>(ConnectionImpl.java:795)
	at com.mysql.jdbc.JDBC4Connection.<init>(JDBC4Connection.java:44)
	at sun.reflect.NativeConstructorAccessorImpl.newInstance0(Native Method)
	at sun.reflect.NativeConstructorAccessorImpl.newInstance(NativeConstructorAccessorImpl.java:62)
	at sun.reflect.DelegatingConstructorAccessorImpl.newInstance(DelegatingConstructorAccessorImpl.java:45)
	at java.lang.reflect.Constructor.newInstance(Constructor.java:423)
	at com.mysql.jdbc.Util.handleNewInstance(Util.java:404)
	at com.mysql.jdbc.ConnectionImpl.getInstance(ConnectionImpl.java:400)
	at com.mysql.jdbc.NonRegisteringDriver.connect(NonRegisteringDriver.java:327)
	at com.alibaba.druid.filter.FilterChainImpl.connection_connect(FilterChainImpl.java:156)
	at com.alibaba.druid.filter.stat.StatFilter.connection_connect(StatFilter.java:218)
	at com.alibaba.druid.filter.FilterChainImpl.connection_connect(FilterChainImpl.java:150)
	at com.alibaba.druid.pool.DruidAbstractDataSource.createPhysicalConnection(DruidAbstractDataSource.java:1560)
	at com.alibaba.druid.pool.DruidAbstractDataSource.createPhysicalConnection(DruidAbstractDataSource.java:1623)
	at com.alibaba.druid.pool.DruidDataSource.init(DruidDataSource.java:861)
	at sun.reflect.NativeMethodAccessorImpl.invoke0(Native Method)
	at sun.reflect.NativeMethodAccessorImpl.invoke(NativeMethodAccessorImpl.java:62)
	at sun.reflect.DelegatingMethodAccessorImpl.invoke(DelegatingMethodAccessorImpl.java:43)
	at java.lang.reflect.Method.invoke(Method.java:498)
	at org.springframework.beans.factory.support.AbstractAutowireCapableBeanFactory.invokeCustomInitMethod(AbstractAutowireCapableBeanFactory.java:1824)
	at org.springframework.beans.factory.support.AbstractAutowireCapableBeanFactory.invokeInitMethods(AbstractAutowireCapableBeanFactory.java:1767)
	at org.springframework.beans.factory.support.AbstractAutowireCapableBeanFactory.initializeBean(AbstractAutowireCapableBeanFactory.java:1695)
	... 72 common frames omitted
Caused by: java.lang.NullPointerException: null
	at com.mysql.jdbc.ConnectionImpl.getServerCharset(ConnectionImpl.java:3005)
	at com.mysql.jdbc.MysqlIO.sendConnectionAttributes(MysqlIO.java:1916)
	at com.mysql.jdbc.MysqlIO.proceedHandshakeWithPluggableAuthentication(MysqlIO.java:1845)
	at com.mysql.jdbc.MysqlIO.doHandshake(MysqlIO.java:1215)
	at com.mysql.jdbc.ConnectionImpl.coreConnect(ConnectionImpl.java:2255)
	at com.mysql.jdbc.ConnectionImpl.connectOneTryOnly(ConnectionImpl.java:2286)
	... 95 common frames omitted
2026-03-17 22:29:39,871 [INFO] [restartedMain] com.zwk.movie_recommend.MovieRecommendApiApplication [StartupInfoLogger.java : 50] Starting MovieRecommendApiApplication on zwk with PID 27564 (D:\code\java\movie_recommend_system\movie-recommend-api\target\classes started by win10 in D:\code\java\movie_recommend_system)
2026-03-17 22:29:39,879 [DEBUG] [restartedMain] com.zwk.movie_recommend.MovieRecommendApiApplication [StartupInfoLogger.java : 53] Running with Spring Boot v2.0.5.RELEASE, Spring v5.0.9.RELEASE
2026-03-17 22:29:39,882 [INFO] [restartedMain] com.zwk.movie_recommend.MovieRecommendApiApplication [SpringApplication.java : 680] No active profile set, falling back to default profiles: default
2026-03-17 22:29:40,068 [INFO] [restartedMain] o.s.b.w.s.c.AnnotationConfigServletWebServerApplicationContext [AbstractApplicationContext.java : 590] Refreshing org.springframework.boot.web.servlet.context.AnnotationConfigServletWebServerApplicationContext@39936589: startup date [Tue Mar 17 22:29:40 CST 2026]; root of context hierarchy
2026-03-17 22:29:41,898 [INFO] [restartedMain] o.s.data.repository.config.RepositoryConfigurationDelegate [RepositoryConfigurationDelegate.java : 172] Multiple Spring Data modules found, entering strict repository configuration mode!
2026-03-17 22:29:42,728 [INFO] [restartedMain] o.s.c.s.PostProcessorRegistrationDelegate$BeanPostProcessorChecker [PostProcessorRegistrationDelegate.java : 326] Bean 'org.springframework.transaction.annotation.ProxyTransactionManagementConfiguration' of type [org.springframework.transaction.annotation.ProxyTransactionManagementConfiguration$$EnhancerBySpringCGLIB$$1b9090ed] is not eligible for getting processed by all BeanPostProcessors (for example: not eligible for auto-proxying)
2026-03-17 22:29:43,619 [INFO] [restartedMain] org.springframework.boot.web.embedded.tomcat.TomcatWebServer [TomcatWebServer.java : 91] Tomcat initialized with port(s): 8010 (http)
2026-03-17 22:29:43,672 [INFO] [restartedMain] org.apache.catalina.core.StandardService [DirectJDKLog.java : 180] Starting service [Tomcat]
2026-03-17 22:29:43,674 [INFO] [restartedMain] org.apache.catalina.core.StandardEngine [DirectJDKLog.java : 180] Starting Servlet Engine: Apache Tomcat/8.5.34
2026-03-17 22:29:43,699 [INFO] [localhost-startStop-1] org.apache.catalina.core.AprLifecycleListener [DirectJDKLog.java : 180] The APR based Apache Tomcat Native library which allows optimal performance in production environments was not found on the java.library.path: [D:\code\jdk\bin;C:\WINDOWS\Sun\Java\bin;C:\WINDOWS\system32;C:\WINDOWS;C:\Python314\Scripts\;C:\Python314\;C:\ProgramData\Oracle\Java\javapath;C:\WINDOWS\system32;C:\WINDOWS;C:\WINDOWS\System32\Wbem;C:\WINDOWS\System32\WindowsPowerShell\v1.0\;C:\WINDOWS\System32\OpenSSH\;C:\Program Files\Docker\Docker\resources\bin;D:\code\apache-maven-3.5.3\bin;D:\code\Git\cmd;D:\code\skaffold\skaffold-windows-amd64.exe;D:\software\mysql5.8\bin;D:\software\NodeJS\;C:\ProgramData\chocolatey\bin;C:\Program Files\NVIDIA Corporation\NVIDIA App\NvDLISR;C:\Program Files (x86)\NVIDIA Corporation\PhysX\Common;C:\Users\win10\AppData\Local\Microsoft\WindowsApps;;C:\Program Files\JetBrains\IntelliJ IDEA 2025.3.3\bin;D:\code\GoLand 2023.2.1\bin;;D:\code\VSCode\bin;C:\Users\win10\AppData\Roaming\npm;.]
2026-03-17 22:29:44,067 [INFO] [localhost-startStop-1] org.apache.jasper.servlet.TldScanner [DirectJDKLog.java : 180] At least one JAR was scanned for TLDs yet contained no TLDs. Enable debug logging for this logger for a complete list of JARs that were scanned but no TLDs were found in them. Skipping unneeded JARs during scanning can improve startup time and JSP compilation time.
2026-03-17 22:29:44,075 [INFO] [localhost-startStop-1] o.a.c.c.C.[Tomcat].[localhost].[/movie-recommend-api] [DirectJDKLog.java : 180] Initializing Spring embedded WebApplicationContext
2026-03-17 22:29:44,076 [INFO] [localhost-startStop-1] org.springframework.web.context.ContextLoader [ServletWebServerApplicationContext.java : 285] Root WebApplicationContext: initialization completed in 4008 ms
2026-03-17 22:29:44,258 [INFO] [localhost-startStop-1] org.springframework.boot.web.servlet.ServletRegistrationBean [ServletRegistrationBean.java : 187] Servlet dispatcherServlet mapped to [/]
2026-03-17 22:29:44,262 [INFO] [localhost-startStop-1] org.springframework.boot.web.servlet.ServletRegistrationBean [ServletRegistrationBean.java : 187] Servlet statViewServlet mapped to [/druid/*]
2026-03-17 22:29:44,266 [INFO] [localhost-startStop-1] org.springframework.boot.web.servlet.FilterRegistrationBean [AbstractFilterRegistrationBean.java : 245] Mapping filter: 'characterEncodingFilter' to: [/*]
2026-03-17 22:29:44,268 [INFO] [localhost-startStop-1] org.springframework.boot.web.servlet.FilterRegistrationBean [AbstractFilterRegistrationBean.java : 245] Mapping filter: 'hiddenHttpMethodFilter' to: [/*]
2026-03-17 22:29:44,268 [INFO] [localhost-startStop-1] org.springframework.boot.web.servlet.FilterRegistrationBean [AbstractFilterRegistrationBean.java : 245] Mapping filter: 'httpPutFormContentFilter' to: [/*]
2026-03-17 22:29:44,268 [INFO] [localhost-startStop-1] org.springframework.boot.web.servlet.FilterRegistrationBean [AbstractFilterRegistrationBean.java : 245] Mapping filter: 'requestContextFilter' to: [/*]
2026-03-17 22:29:44,268 [INFO] [localhost-startStop-1] org.springframework.boot.web.servlet.FilterRegistrationBean [AbstractFilterRegistrationBean.java : 258] Mapping filter: 'webStatFilter' to urls: [/*]
2026-03-17 22:29:44,634 [INFO] [restartedMain] c.a.d.spring.boot.autoconfigure.DruidDataSourceAutoConfigure [DruidDataSourceAutoConfigure.java : 56] Init DruidDataSource
2026-03-17 22:29:45,294 [INFO] [restartedMain] com.alibaba.druid.pool.DruidDataSource [DruidDataSource.java : 930] {dataSource-1} inited
2026-03-17 22:29:45,994 [WARN] [restartedMain] com.baomidou.mybatisplus.toolkit.TableInfoHelper [TableInfoHelper.java : 188] Warn: Could not find @TableId in Class: com.zwk.movie_recommend.entity.MovieSimilarEntity.
2026-03-17 22:29:45,994 [WARN] [restartedMain] com.baomidou.mybatisplus.mapper.AutoSqlInjector [AutoSqlInjector.java : 147] class com.zwk.movie_recommend.entity.MovieSimilarEntity ,Not found @TableId annotation, Cannot use Mybatis-Plus 'xxById' Method.
2026-03-17 22:29:47,056 [WARN] [restartedMain] o.s.b.f.annotation.AutowiredAnnotationBeanPostProcessor [AutowiredAnnotationBeanPostProcessor.java : 437] Autowired annotation is not supported on static fields: public static redis.clients.jedis.JedisPool com.zwk.movie_recommend.redis.RedisUtils.JedisPool
2026-03-17 22:29:47,735 [INFO] [restartedMain] o.s.w.s.mvc.method.annotation.RequestMappingHandlerMapping [AbstractHandlerMethodMapping.java : 549] Mapped "{[/typesortmovie],methods=[POST]}" onto public com.zwk.movie_recommend.common.ResultView com.zwk.movie_recommend.controller.CustomerController.showtypesortmovie(javax.servlet.http.HttpServletRequest)
2026-03-17 22:29:47,738 [INFO] [restartedMain] o.s.w.s.mvc.method.annotation.RequestMappingHandlerMapping [AbstractHandlerMethodMapping.java : 549] Mapped "{[/MovieDescription]}" onto public java.lang.String com.zwk.movie_recommend.controller.CustomerController.showMoiveDescription(javax.servlet.http.HttpServletRequest)
2026-03-17 22:29:47,738 [INFO] [restartedMain] o.s.w.s.mvc.method.annotation.RequestMappingHandlerMapping [AbstractHandlerMethodMapping.java : 549] Mapped "{[/Customer/Description]}" onto public java.lang.String com.zwk.movie_recommend.controller.CustomerController.GoMoiveDescription(javax.servlet.http.HttpServletRequest)
2026-03-17 22:29:47,738 [INFO] [restartedMain] o.s.w.s.mvc.method.annotation.RequestMappingHandlerMapping [AbstractHandlerMethodMapping.java : 549] Mapped "{[/loadingmore],methods=[POST]}" onto public com.zwk.movie_recommend.common.ResultView com.zwk.movie_recommend.controller.CustomerController.showloadmore(javax.servlet.http.HttpServletRequest)
2026-03-17 22:29:47,738 [INFO] [restartedMain] o.s.w.s.mvc.method.annotation.RequestMappingHandlerMapping [AbstractHandlerMethodMapping.java : 549] Mapped "{[/likedmovie],methods=[POST]}" onto public java.lang.String com.zwk.movie_recommend.controller.CustomerController.likedmovie(javax.servlet.http.HttpServletRequest) throws java.text.ParseException
2026-03-17 22:29:47,738 [INFO] [restartedMain] o.s.w.s.mvc.method.annotation.RequestMappingHandlerMapping [AbstractHandlerMethodMapping.java : 549] Mapped "{[/homepage]}" onto public java.lang.String com.zwk.movie_recommend.controller.CustomerController.showHomepage(javax.servlet.http.HttpServletRequest)
2026-03-17 22:29:47,739 [INFO] [restartedMain] o.s.w.s.mvc.method.annotation.RequestMappingHandlerMapping [AbstractHandlerMethodMapping.java : 549] Mapped "{[/index]}" onto public java.lang.String com.zwk.movie_recommend.controller.CustomerController.showIndex(javax.servlet.http.HttpServletRequest)
2026-03-17 22:29:47,740 [INFO] [restartedMain] o.s.w.s.mvc.method.annotation.RequestMappingHandlerMapping [AbstractHandlerMethodMapping.java : 549] Mapped "{[/getstar],methods=[POST]}" onto public java.lang.String com.zwk.movie_recommend.controller.CustomerController.getstar(javax.servlet.http.HttpServletRequest) throws java.text.ParseException
2026-03-17 22:29:47,740 [INFO] [restartedMain] o.s.w.s.mvc.method.annotation.RequestMappingHandlerMapping [AbstractHandlerMethodMapping.java : 549] Mapped "{[/getSimiMovies],methods=[POST]}" onto public com.zwk.movie_recommend.common.ResultView com.zwk.movie_recommend.controller.CustomerController.getSimiMovies(javax.servlet.http.HttpServletRequest) throws java.text.ParseException
2026-03-17 22:29:47,741 [INFO] [restartedMain] o.s.w.s.mvc.method.annotation.RequestMappingHandlerMapping [AbstractHandlerMethodMapping.java : 549] Mapped "{[/search],methods=[POST]}" onto public com.zwk.movie_recommend.common.ResultView com.zwk.movie_recommend.controller.MovieController.selectMoviesByName(javax.servlet.http.HttpServletRequest)
2026-03-17 22:29:47,746 [INFO] [restartedMain] o.s.w.s.mvc.method.annotation.RequestMappingHandlerMapping [AbstractHandlerMethodMapping.java : 549] Mapped "{[/api/rank/monthly],methods=[GET]}" onto public com.zwk.movie_recommend.common.ResultView com.zwk.movie_recommend.controller.RankController.getCurrentMonthRank()
2026-03-17 22:29:47,746 [INFO] [restartedMain] o.s.w.s.mvc.method.annotation.RequestMappingHandlerMapping [AbstractHandlerMethodMapping.java : 549] Mapped "{[/api/rank/genre/{genre}],methods=[GET]}" onto public com.zwk.movie_recommend.common.ResultView com.zwk.movie_recommend.controller.RankController.getGenreRank(java.lang.String)
2026-03-17 22:29:47,746 [INFO] [restartedMain] o.s.w.s.mvc.method.annotation.RequestMappingHandlerMapping [AbstractHandlerMethodMapping.java : 549] Mapped "{[/api/rank/list],methods=[GET]}" onto public com.zwk.movie_recommend.common.ResultView com.zwk.movie_recommend.controller.RankController.getRankList()
2026-03-17 22:29:47,746 [INFO] [restartedMain] o.s.w.s.mvc.method.annotation.RequestMappingHandlerMapping [AbstractHandlerMethodMapping.java : 549] Mapped "{[/api/rank/{rankType}],methods=[GET]}" onto public com.zwk.movie_recommend.common.ResultView com.zwk.movie_recommend.controller.RankController.getRankByType(java.lang.String)
2026-03-17 22:29:47,747 [INFO] [restartedMain] o.s.w.s.mvc.method.annotation.RequestMappingHandlerMapping [AbstractHandlerMethodMapping.java : 549] Mapped "{[/api/rank/top250],methods=[GET]}" onto public com.zwk.movie_recommend.common.ResultView com.zwk.movie_recommend.controller.RankController.getTop250()
2026-03-17 22:29:47,747 [INFO] [restartedMain] o.s.w.s.mvc.method.annotation.RequestMappingHandlerMapping [AbstractHandlerMethodMapping.java : 549] Mapped "{[/api/rank/monthly/{year}/{month}],methods=[GET]}" onto public com.zwk.movie_recommend.common.ResultView com.zwk.movie_recommend.controller.RankController.getMonthlyRank(java.lang.Integer,java.lang.Integer)
2026-03-17 22:29:47,747 [INFO] [restartedMain] o.s.w.s.mvc.method.annotation.RequestMappingHandlerMapping [AbstractHandlerMethodMapping.java : 549] Mapped "{[/customer/register],methods=[POST]}" onto public com.zwk.movie_recommend.common.ResultView com.zwk.movie_recommend.controller.RegisterController.register(com.zwk.movie_recommend.entity.UserEntity,javax.servlet.http.HttpServletRequest)
2026-03-17 22:29:47,747 [INFO] [restartedMain] o.s.w.s.mvc.method.annotation.RequestMappingHandlerMapping [AbstractHandlerMethodMapping.java : 549] Mapped "{[/customer/register]}" onto public java.lang.String com.zwk.movie_recommend.controller.RegisterController.reg(javax.servlet.http.HttpServletRequest,org.springframework.ui.Model)
2026-03-17 22:29:47,749 [INFO] [restartedMain] o.s.w.s.mvc.method.annotation.RequestMappingHandlerMapping [AbstractHandlerMethodMapping.java : 549] Mapped "{[/customer/check/{param}/{type}]}" onto public com.zwk.movie_recommend.common.ResultView com.zwk.movie_recommend.controller.RegisterController.checkData(java.lang.String,java.lang.Integer)
2026-03-17 22:29:47,749 [INFO] [restartedMain] o.s.w.s.mvc.method.annotation.RequestMappingHandlerMapping [AbstractHandlerMethodMapping.java : 549] Mapped "{[/customer/checkboth/{paramName}/{paramEmail}/{type}]}" onto public com.zwk.movie_recommend.common.ResultView com.zwk.movie_recommend.controller.RegisterController.checkDataBoth(java.lang.String,java.lang.String,java.lang.Integer)
2026-03-17 22:29:47,749 [INFO] [restartedMain] o.s.w.s.mvc.method.annotation.RequestMappingHandlerMapping [AbstractHandlerMethodMapping.java : 549] Mapped "{[/sendCode]}" onto public com.zwk.movie_recommend.common.ResultView com.zwk.movie_recommend.controller.RegisterController.sendCode(java.lang.String,javax.servlet.http.HttpServletRequest)
2026-03-17 22:29:47,750 [INFO] [restartedMain] o.s.w.s.mvc.method.annotation.RequestMappingHandlerMapping [AbstractHandlerMethodMapping.java : 549] Mapped "{[/tag/tagList]}" onto public com.zwk.movie_recommend.common.ResultView com.zwk.movie_recommend.controller.TagController.tagList(javax.servlet.http.HttpServletRequest)
2026-03-17 22:29:47,750 [INFO] [restartedMain] o.s.w.s.mvc.method.annotation.RequestMappingHandlerMapping [AbstractHandlerMethodMapping.java : 549] Mapped "{[/page/login]}" onto public java.lang.String com.zwk.movie_recommend.controller.UserController.log()
2026-03-17 22:29:47,750 [INFO] [restartedMain] o.s.w.s.mvc.method.annotation.RequestMappingHandlerMapping [AbstractHandlerMethodMapping.java : 549] Mapped "{[/customer/login]}" onto public com.zwk.movie_recommend.common.ResultView com.zwk.movie_recommend.controller.UserController.login(java.lang.String,java.lang.String,javax.servlet.http.HttpServletRequest) throws java.text.ParseException
2026-03-17 22:29:47,750 [INFO] [restartedMain] o.s.w.s.mvc.method.annotation.RequestMappingHandlerMapping [AbstractHandlerMethodMapping.java : 549] Mapped "{[/customer/register/movieSubmit],methods=[POST]}" onto public java.lang.String com.zwk.movie_recommend.controller.UserController.selectedMovie(java.lang.String,javax.servlet.http.HttpServletRequest)
2026-03-17 22:29:47,750 [INFO] [restartedMain] o.s.w.s.mvc.method.annotation.RequestMappingHandlerMapping [AbstractHandlerMethodMapping.java : 549] Mapped "{[/customer/logout]}" onto public java.lang.String com.zwk.movie_recommend.controller.UserController.pagelogout(javax.servlet.http.HttpServletRequest)
2026-03-17 22:29:47,752 [INFO] [restartedMain] o.s.w.s.mvc.method.annotation.RequestMappingHandlerMapping [AbstractHandlerMethodMapping.java : 549] Mapped "{[/home]}" onto public java.lang.String com.zwk.movie_recommend.controller.UserController.toHome()
2026-03-17 22:29:47,752 [INFO] [restartedMain] o.s.w.s.mvc.method.annotation.RequestMappingHandlerMapping [AbstractHandlerMethodMapping.java : 549] Mapped "{[/customer/profile]}" onto public java.lang.String com.zwk.movie_recommend.controller.UserController.goProfile(javax.servlet.http.HttpServletRequest)
2026-03-17 22:29:47,752 [INFO] [restartedMain] o.s.w.s.mvc.method.annotation.RequestMappingHandlerMapping [AbstractHandlerMethodMapping.java : 549] Mapped "{[/updateUser]}" onto public com.zwk.movie_recommend.common.ResultView com.zwk.movie_recommend.controller.UserController.updateUser(com.zwk.movie_recommend.entity.UserEntity,javax.servlet.http.HttpServletRequest)
2026-03-17 22:29:47,752 [INFO] [restartedMain] o.s.w.s.mvc.method.annotation.RequestMappingHandlerMapping [AbstractHandlerMethodMapping.java : 549] Mapped "{[/profile]}" onto public java.lang.String com.zwk.movie_recommend.controller.UserController.showProfie()
2026-03-17 22:29:47,753 [INFO] [restartedMain] o.s.w.s.mvc.method.annotation.RequestMappingHandlerMapping [AbstractHandlerMethodMapping.java : 549] Mapped "{[/editUser]}" onto public com.zwk.movie_recommend.common.ResultView com.zwk.movie_recommend.controller.UserController.editUser(java.lang.Long,javax.servlet.http.HttpServletRequest)
2026-03-17 22:29:47,753 [INFO] [restartedMain] o.s.w.s.mvc.method.annotation.RequestMappingHandlerMapping [AbstractHandlerMethodMapping.java : 549] Mapped "{[/likedTags],methods=[POST]}" onto public java.lang.String com.zwk.movie_recommend.controller.UserTagController.likedmovie(javax.servlet.http.HttpServletRequest) throws java.text.ParseException
2026-03-17 22:29:47,758 [INFO] [restartedMain] o.s.w.s.mvc.method.annotation.RequestMappingHandlerMapping [AbstractHandlerMethodMapping.java : 549] Mapped "{[/api/watch/remove],methods=[POST]}" onto public com.zwk.movie_recommend.common.ResultView com.zwk.movie_recommend.controller.WatchStatusController.removeWatchStatus(java.lang.Long,javax.servlet.http.HttpServletRequest)
2026-03-17 22:29:47,758 [INFO] [restartedMain] o.s.w.s.mvc.method.annotation.RequestMappingHandlerMapping [AbstractHandlerMethodMapping.java : 549] Mapped "{[/api/watch/status],methods=[GET]}" onto public com.zwk.movie_recommend.common.ResultView com.zwk.movie_recommend.controller.WatchStatusController.getWatchStatus(java.lang.Long,javax.servlet.http.HttpServletRequest)
2026-03-17 22:29:47,760 [INFO] [restartedMain] o.s.w.s.mvc.method.annotation.RequestMappingHandlerMapping [AbstractHandlerMethodMapping.java : 549] Mapped "{[/api/watch/setStatus],methods=[POST]}" onto public com.zwk.movie_recommend.common.ResultView com.zwk.movie_recommend.controller.WatchStatusController.setWatchStatus(java.lang.Long,java.lang.Integer,javax.servlet.http.HttpServletRequest)
2026-03-17 22:29:47,760 [INFO] [restartedMain] o.s.w.s.mvc.method.annotation.RequestMappingHandlerMapping [AbstractHandlerMethodMapping.java : 549] Mapped "{[/api/watch/watchedList],methods=[GET]}" onto public com.zwk.movie_recommend.common.ResultView com.zwk.movie_recommend.controller.WatchStatusController.getWatchedList(javax.servlet.http.HttpServletRequest)
2026-03-17 22:29:47,761 [INFO] [restartedMain] o.s.w.s.mvc.method.annotation.RequestMappingHandlerMapping [AbstractHandlerMethodMapping.java : 549] Mapped "{[/api/watch/watchingList],methods=[GET]}" onto public com.zwk.movie_recommend.common.ResultView com.zwk.movie_recommend.controller.WatchStatusController.getWatchingList(javax.servlet.http.HttpServletRequest)
2026-03-17 22:29:47,761 [INFO] [restartedMain] o.s.w.s.mvc.method.annotation.RequestMappingHandlerMapping [AbstractHandlerMethodMapping.java : 549] Mapped "{[/api/watch/wishList],methods=[GET]}" onto public com.zwk.movie_recommend.common.ResultView com.zwk.movie_recommend.controller.WatchStatusController.getWishList(javax.servlet.http.HttpServletRequest)
2026-03-17 22:29:47,763 [INFO] [restartedMain] o.s.w.s.mvc.method.annotation.RequestMappingHandlerMapping [AbstractHandlerMethodMapping.java : 549] Mapped "{[/v2/api-docs],methods=[GET],produces=[application/json || application/hal+json]}" onto public org.springframework.http.ResponseEntity<springfox.documentation.spring.web.json.Json> springfox.documentation.swagger2.web.Swagger2Controller.getDocumentation(java.lang.String,javax.servlet.http.HttpServletRequest)
2026-03-17 22:29:47,766 [INFO] [restartedMain] o.s.w.s.mvc.method.annotation.RequestMappingHandlerMapping [AbstractHandlerMethodMapping.java : 549] Mapped "{[/configuration/security]}" onto org.springframework.http.ResponseEntity<springfox.documentation.swagger.web.SecurityConfiguration> springfox.documentation.swagger.web.ApiResourceController.securityConfiguration()
2026-03-17 22:29:47,768 [INFO] [restartedMain] o.s.w.s.mvc.method.annotation.RequestMappingHandlerMapping [AbstractHandlerMethodMapping.java : 549] Mapped "{[/configuration/ui]}" onto org.springframework.http.ResponseEntity<springfox.documentation.swagger.web.UiConfiguration> springfox.documentation.swagger.web.ApiResourceController.uiConfiguration()
2026-03-17 22:29:47,769 [INFO] [restartedMain] o.s.w.s.mvc.method.annotation.RequestMappingHandlerMapping [AbstractHandlerMethodMapping.java : 549] Mapped "{[/swagger-resources]}" onto org.springframework.http.ResponseEntity<java.util.List<springfox.documentation.swagger.web.SwaggerResource>> springfox.documentation.swagger.web.ApiResourceController.swaggerResources()
2026-03-17 22:29:47,774 [INFO] [restartedMain] o.s.w.s.mvc.method.annotation.RequestMappingHandlerMapping [AbstractHandlerMethodMapping.java : 549] Mapped "{[/error]}" onto public org.springframework.http.ResponseEntity<java.util.Map<java.lang.String, java.lang.Object>> org.springframework.boot.autoconfigure.web.servlet.error.BasicErrorController.error(javax.servlet.http.HttpServletRequest)
2026-03-17 22:29:47,774 [INFO] [restartedMain] o.s.w.s.mvc.method.annotation.RequestMappingHandlerMapping [AbstractHandlerMethodMapping.java : 549] Mapped "{[/error],produces=[text/html]}" onto public org.springframework.web.servlet.ModelAndView org.springframework.boot.autoconfigure.web.servlet.error.BasicErrorController.errorHtml(javax.servlet.http.HttpServletRequest,javax.servlet.http.HttpServletResponse)
2026-03-17 22:29:47,936 [INFO] [restartedMain] com.zwk.movie_recommend.config.RedisConfig [RedisConfig.java : 47] ===================JedisPool注入成功===================
2026-03-17 22:29:47,936 [INFO] [restartedMain] com.zwk.movie_recommend.config.RedisConfig [RedisConfig.java : 48] ============redis地址：127.0.0.1:6379===========
2026-03-17 22:29:48,004 [INFO] [restartedMain] com.zwk.movie_recommend.config.RedisConfig [RedisConfig.java : 62] ===================redis初始化!!!===================
2026-03-17 22:29:48,222 [INFO] [restartedMain] o.s.web.servlet.handler.SimpleUrlHandlerMapping [AbstractUrlHandlerMapping.java : 373] Mapped URL path [/**/favicon.ico] onto handler of type [class org.springframework.web.servlet.resource.ResourceHttpRequestHandler]
2026-03-17 22:29:48,560 [INFO] [restartedMain] o.s.w.s.mvc.method.annotation.RequestMappingHandlerAdapter [RequestMappingHandlerAdapter.java : 588] Looking for @ControllerAdvice: org.springframework.boot.web.servlet.context.AnnotationConfigServletWebServerApplicationContext@39936589: startup date [Tue Mar 17 22:29:40 CST 2026]; root of context hierarchy
2026-03-17 22:29:48,650 [INFO] [restartedMain] o.s.web.servlet.handler.SimpleUrlHandlerMapping [AbstractUrlHandlerMapping.java : 360] Root mapping to handler of type [class org.springframework.web.servlet.mvc.ParameterizableViewController]
2026-03-17 22:29:48,678 [INFO] [restartedMain] o.s.web.servlet.handler.SimpleUrlHandlerMapping [AbstractUrlHandlerMapping.java : 373] Mapped URL path [/webjars/**] onto handler of type [class org.springframework.web.servlet.resource.ResourceHttpRequestHandler]
2026-03-17 22:29:48,678 [INFO] [restartedMain] o.s.web.servlet.handler.SimpleUrlHandlerMapping [AbstractUrlHandlerMapping.java : 373] Mapped URL path [/**] onto handler of type [class org.springframework.web.servlet.resource.ResourceHttpRequestHandler]
2026-03-17 22:29:48,721 [INFO] [restartedMain] o.s.w.s.m.m.annotation.ExceptionHandlerExceptionResolver [ExceptionHandlerExceptionResolver.java : 288] Detected @ExceptionHandler methods in baseException
2026-03-17 22:29:49,413 [INFO] [restartedMain] org.springframework.ui.freemarker.SpringTemplateLoader [SpringTemplateLoader.java : 62] SpringTemplateLoader for FreeMarker: using resource loader [org.springframework.boot.web.servlet.context.AnnotationConfigServletWebServerApplicationContext@39936589: startup date [Tue Mar 17 22:29:40 CST 2026]; root of context hierarchy] and template loader path [classpath:/templates/]
2026-03-17 22:29:49,416 [INFO] [restartedMain] o.s.web.servlet.view.freemarker.FreeMarkerConfigurer [FreeMarkerConfigurer.java : 131] ClassTemplateLoader for Spring macros added to FreeMarker configuration
2026-03-17 22:29:49,691 [INFO] [restartedMain] o.s.boot.devtools.autoconfigure.OptionalLiveReloadServer [OptionalLiveReloadServer.java : 57] LiveReload server is running on port 35729
2026-03-17 22:29:49,744 [INFO] [restartedMain] o.s.jmx.export.annotation.AnnotationMBeanExporter [MBeanExporter.java : 433] Registering beans for JMX exposure on startup
2026-03-17 22:29:49,746 [INFO] [restartedMain] o.s.jmx.export.annotation.AnnotationMBeanExporter [MBeanExporter.java : 895] Bean with name 'statFilter' has been autodetected for JMX exposure
2026-03-17 22:29:49,747 [INFO] [restartedMain] o.s.jmx.export.annotation.AnnotationMBeanExporter [MBeanExporter.java : 895] Bean with name 'dataSource' has been autodetected for JMX exposure
2026-03-17 22:29:49,754 [INFO] [restartedMain] o.s.jmx.export.annotation.AnnotationMBeanExporter [MBeanExporter.java : 668] Located MBean 'dataSource': registering with JMX server as MBean [com.alibaba.druid.spring.boot.autoconfigure:name=dataSource,type=DruidDataSourceWrapper]
2026-03-17 22:29:49,757 [INFO] [restartedMain] o.s.jmx.export.annotation.AnnotationMBeanExporter [MBeanExporter.java : 668] Located MBean 'statFilter': registering with JMX server as MBean [com.alibaba.druid.filter.stat:name=statFilter,type=StatFilter]
2026-03-17 22:29:49,775 [INFO] [restartedMain] o.s.s.annotation.ScheduledAnnotationBeanPostProcessor [ScheduledAnnotationBeanPostProcessor.java : 276] No TaskScheduler/ScheduledExecutorService bean found for scheduled processing
2026-03-17 22:29:49,788 [INFO] [restartedMain] s.d.spring.web.plugins.DocumentationPluginsBootstrapper [DocumentationPluginsBootstrapper.java : 84] Context refreshed
2026-03-17 22:29:49,843 [INFO] [restartedMain] s.d.spring.web.plugins.DocumentationPluginsBootstrapper [DocumentationPluginsBootstrapper.java : 87] Found 1 custom documentation plugin(s)
2026-03-17 22:29:49,873 [INFO] [restartedMain] s.d.spring.web.scanners.ApiListingReferenceScanner [ApiListingReferenceScanner.java : 44] Scanning for api listing references
2026-03-17 22:29:50,481 [INFO] [restartedMain] org.springframework.boot.web.embedded.tomcat.TomcatWebServer [TomcatWebServer.java : 206] Tomcat started on port(s): 8010 (http) with context path '/movie-recommend-api'
2026-03-17 22:29:50,491 [INFO] [restartedMain] com.zwk.movie_recommend.MovieRecommendApiApplication [StartupInfoLogger.java : 59] Started MovieRecommendApiApplication in 11.314 seconds (JVM running for 13.595)
2026-03-17 22:29:50,498 [INFO] [restartedMain] com.zwk.movie_recommend.redis.CacheData [CacheData.java : 63] 开始初始化缓存数据
2026-03-17 22:29:50,498 [INFO] [restartedMain] com.zwk.movie_recommend.redis.CacheData [CacheData.java : 64] -----------------
2026-03-17 22:29:50,580 [DEBUG] [restartedMain] com.zwk.movie_recommend.dao.MovieDao.getAllMovie [BaseJdbcLogger.java : 159] ==>  Preparing: select * from movie where 1=1 
2026-03-17 22:29:50,726 [DEBUG] [restartedMain] com.zwk.movie_recommend.dao.MovieDao.getAllMovie [BaseJdbcLogger.java : 159] ==> Parameters: 
2026-03-17 22:29:50,863 [DEBUG] [restartedMain] com.zwk.movie_recommend.dao.MovieDao.getAllMovie [BaseJdbcLogger.java : 159] <==      Total: 30
2026-03-17 22:29:50,926 [DEBUG] [restartedMain] com.zwk.movie_recommend.dao.MovieSimilarDao.getList [BaseJdbcLogger.java : 159] ==>  Preparing: select * from movie_similar where 1=1 
2026-03-17 22:29:50,926 [DEBUG] [restartedMain] com.zwk.movie_recommend.dao.MovieSimilarDao.getList [BaseJdbcLogger.java : 159] ==> Parameters: 
2026-03-17 22:29:50,936 [DEBUG] [restartedMain] com.zwk.movie_recommend.dao.MovieSimilarDao.getList [BaseJdbcLogger.java : 159] <==      Total: 90
2026-03-17 22:29:50,941 [DEBUG] [restartedMain] com.zwk.movie_recommend.dao.MovieTagRelationDao.getList [BaseJdbcLogger.java : 159] ==>  Preparing: select * from movie_tag_relation where 1=1 
2026-03-17 22:29:50,942 [DEBUG] [restartedMain] com.zwk.movie_recommend.dao.MovieTagRelationDao.getList [BaseJdbcLogger.java : 159] ==> Parameters: 
2026-03-17 22:29:50,947 [DEBUG] [restartedMain] com.zwk.movie_recommend.dao.MovieTagRelationDao.getList [BaseJdbcLogger.java : 159] <==      Total: 88
2026-03-17 22:29:50,949 [INFO] [restartedMain] com.zwk.movie_recommend.redis.CacheData [CacheData.java : 68] 开始初始化电影数据···
2026-03-17 22:29:51,377 [INFO] [restartedMain] io.lettuce.core.EpollProvider [Slf4JLogger.java : 101] Starting without optional epoll library
2026-03-17 22:29:51,380 [INFO] [restartedMain] io.lettuce.core.KqueueProvider [Slf4JLogger.java : 101] Starting without optional kqueue library
2026-03-17 22:29:52,855 [INFO] [restartedMain] com.zwk.movie_recommend.redis.CacheData [CacheData.java : 73] 结束初始化电影数据
2026-03-17 22:29:52,855 [INFO] [restartedMain] com.zwk.movie_recommend.redis.CacheData [CacheData.java : 74] ·········
2026-03-17 22:29:52,855 [INFO] [restartedMain] com.zwk.movie_recommend.redis.CacheData [CacheData.java : 75] 开始初始化电影相似度数据···
2026-03-17 22:29:52,949 [INFO] [restartedMain] com.zwk.movie_recommend.redis.CacheData [CacheData.java : 80] 结束初始化电影相似度数据···
2026-03-17 22:29:52,949 [INFO] [restartedMain] com.zwk.movie_recommend.redis.CacheData [CacheData.java : 81] ·········
2026-03-17 22:29:52,950 [INFO] [restartedMain] com.zwk.movie_recommend.redis.CacheData [CacheData.java : 82] 开始初始化电影标签数据···
2026-03-17 22:29:53,007 [INFO] [restartedMain] com.zwk.movie_recommend.redis.CacheData [CacheData.java : 87] 结束初始化电影标签数据···
2026-03-17 22:30:00,008 [INFO] [pool-1-thread-1] com.zwk.movie_recommend.config.CacheDataTask [CacheDataTask.java : 25] 缓存定时任务执行开始
2026-03-17 22:30:00,008 [INFO] [pool-1-thread-1] com.zwk.movie_recommend.redis.CacheData [CacheData.java : 63] 开始初始化缓存数据
2026-03-17 22:30:00,008 [INFO] [pool-1-thread-1] com.zwk.movie_recommend.redis.CacheData [CacheData.java : 64] -----------------
2026-03-17 22:30:00,016 [ERROR] [pool-1-thread-1] o.s.scheduling.support.TaskUtils$LoggingErrorHandler [TaskUtils.java : 96] Unexpected error occurred in scheduled task.
java.lang.NullPointerException: null
	at com.zwk.movie_recommend.redis.CacheData.init(CacheData.java:65)
	at com.zwk.movie_recommend.redis.CacheData.refreshCacheAll(CacheData.java:91)
	at com.zwk.movie_recommend.config.CacheDataTask.refreshCache(CacheDataTask.java:26)
	at sun.reflect.NativeMethodAccessorImpl.invoke0(Native Method)
	at sun.reflect.NativeMethodAccessorImpl.invoke(NativeMethodAccessorImpl.java:62)
	at sun.reflect.DelegatingMethodAccessorImpl.invoke(DelegatingMethodAccessorImpl.java:43)
	at java.lang.reflect.Method.invoke(Method.java:498)
	at org.springframework.scheduling.support.ScheduledMethodRunnable.run(ScheduledMethodRunnable.java:84)
	at org.springframework.scheduling.support.DelegatingErrorHandlingRunnable.run(DelegatingErrorHandlingRunnable.java:54)
	at org.springframework.scheduling.concurrent.ReschedulingRunnable.run(ReschedulingRunnable.java:93)
	at java.util.concurrent.Executors$RunnableAdapter.call(Executors.java:511)
	at java.util.concurrent.FutureTask.run$$$capture(FutureTask.java:266)
	at java.util.concurrent.FutureTask.run(FutureTask.java)
	at java.util.concurrent.ScheduledThreadPoolExecutor$ScheduledFutureTask.access$201(ScheduledThreadPoolExecutor.java:180)
	at java.util.concurrent.ScheduledThreadPoolExecutor$ScheduledFutureTask.run(ScheduledThreadPoolExecutor.java:293)
	at java.util.concurrent.ThreadPoolExecutor.runWorker(ThreadPoolExecutor.java:1149)
	at java.util.concurrent.ThreadPoolExecutor$Worker.run(ThreadPoolExecutor.java:624)
	at java.lang.Thread.run(Thread.java:748)
2026-03-17 22:31:57,768 [INFO] [http-nio-8010-exec-2] o.a.c.c.C.[Tomcat].[localhost].[/movie-recommend-api] [DirectJDKLog.java : 180] Initializing Spring FrameworkServlet 'dispatcherServlet'
2026-03-17 22:31:57,769 [INFO] [http-nio-8010-exec-2] org.springframework.web.servlet.DispatcherServlet [FrameworkServlet.java : 494] FrameworkServlet 'dispatcherServlet': initialization started
2026-03-17 22:31:57,828 [INFO] [http-nio-8010-exec-2] org.springframework.web.servlet.DispatcherServlet [FrameworkServlet.java : 509] FrameworkServlet 'dispatcherServlet': initialization completed in 59 ms
2026-03-17 22:32:04,401 [DEBUG] [http-nio-8010-exec-4] com.zwk.movie_recommend.dao.TagDao.getList [BaseJdbcLogger.java : 159] ==>  Preparing: select * from tag where 1=1 
2026-03-17 22:32:04,402 [DEBUG] [http-nio-8010-exec-4] com.zwk.movie_recommend.dao.TagDao.getList [BaseJdbcLogger.java : 159] ==> Parameters: 
2026-03-17 22:32:04,409 [DEBUG] [http-nio-8010-exec-4] com.zwk.movie_recommend.dao.TagDao.getList [BaseJdbcLogger.java : 159] <==      Total: 20
2026-03-17 22:32:04,414 [DEBUG] [http-nio-8010-exec-4] com.zwk.movie_recommend.dao.MovieDao.selectBycategory [BaseJdbcLogger.java : 159] ==>  Preparing: select * from movie order by movie_rate_num desc LIMIT 0,20 
2026-03-17 22:32:04,415 [DEBUG] [http-nio-8010-exec-4] com.zwk.movie_recommend.dao.MovieDao.selectBycategory [BaseJdbcLogger.java : 159] ==> Parameters: 
2026-03-17 22:32:04,423 [DEBUG] [http-nio-8010-exec-4] com.zwk.movie_recommend.dao.MovieDao.selectBycategory [BaseJdbcLogger.java : 159] <==      Total: 20
2026-03-17 22:35:38,852 [DEBUG] [http-nio-8010-exec-12] com.zwk.movie_recommend.dao.UserDao.getUser [BaseJdbcLogger.java : 159] ==>  Preparing: select * from user where 1=1 and user_password= '0:0:0:0:0:0:0:1' 
2026-03-17 22:35:38,853 [DEBUG] [http-nio-8010-exec-12] com.zwk.movie_recommend.dao.UserDao.getUser [BaseJdbcLogger.java : 159] ==> Parameters: 
2026-03-17 22:35:38,854 [DEBUG] [http-nio-8010-exec-12] com.zwk.movie_recommend.dao.UserDao.getUser [BaseJdbcLogger.java : 159] <==      Total: 0
2026-03-17 22:35:38,858 [DEBUG] [http-nio-8010-exec-12] com.zwk.movie_recommend.dao.UserDao.getMaxId [BaseJdbcLogger.java : 159] ==>  Preparing: select max(user_id)+1 from user where 1=1 
2026-03-17 22:35:38,860 [DEBUG] [http-nio-8010-exec-12] com.zwk.movie_recommend.dao.UserDao.getMaxId [BaseJdbcLogger.java : 159] ==> Parameters: 
2026-03-17 22:35:38,864 [DEBUG] [http-nio-8010-exec-12] com.zwk.movie_recommend.dao.UserDao.getMaxId [BaseJdbcLogger.java : 159] <==      Total: 1
2026-03-17 22:35:38,913 [DEBUG] [http-nio-8010-exec-12] com.zwk.movie_recommend.dao.UserDao.insert [BaseJdbcLogger.java : 159] ==>  Preparing: INSERT INTO user ( user_id, user_name, user_password, status_cd ) VALUES ( ?, ?, ?, ? ) 
2026-03-17 22:35:38,933 [DEBUG] [http-nio-8010-exec-12] com.zwk.movie_recommend.dao.UserDao.insert [BaseJdbcLogger.java : 159] ==> Parameters: 21(Long), 亓娅(String), 0:0:0:0:0:0:0:1(String), 1001(String)
2026-03-17 22:35:38,938 [DEBUG] [http-nio-8010-exec-12] com.zwk.movie_recommend.dao.UserDao.insert [BaseJdbcLogger.java : 159] <==    Updates: 1
2026-03-17 22:35:38,949 [DEBUG] [http-nio-8010-exec-12] com.zwk.movie_recommend.dao.HeatMovieDao.getTop10List [BaseJdbcLogger.java : 159] ==>  Preparing: select m.* from heat_movie hm left JOIN movie m on hm.movie_id=m.movie_id ORDER BY hm.update_date desc limit 0,10 
2026-03-17 22:35:38,950 [DEBUG] [http-nio-8010-exec-12] com.zwk.movie_recommend.dao.HeatMovieDao.getTop10List [BaseJdbcLogger.java : 159] ==> Parameters: 
2026-03-17 22:35:38,957 [DEBUG] [http-nio-8010-exec-12] com.zwk.movie_recommend.dao.HeatMovieDao.getTop10List [BaseJdbcLogger.java : 159] <==      Total: 10
2026-03-17 22:40:00,033 [INFO] [pool-1-thread-1] com.zwk.movie_recommend.config.CacheDataTask [CacheDataTask.java : 25] 缓存定时任务执行开始
2026-03-17 22:40:00,033 [INFO] [pool-1-thread-1] com.zwk.movie_recommend.redis.CacheData [CacheData.java : 63] 开始初始化缓存数据
2026-03-17 22:40:00,033 [INFO] [pool-1-thread-1] com.zwk.movie_recommend.redis.CacheData [CacheData.java : 64] -----------------
2026-03-17 22:40:31,984 [ERROR] [pool-1-thread-1] o.s.scheduling.support.TaskUtils$LoggingErrorHandler [TaskUtils.java : 96] Unexpected error occurred in scheduled task.
java.lang.NullPointerException: null
	at com.zwk.movie_recommend.redis.CacheData.init(CacheData.java:65)
	at com.zwk.movie_recommend.redis.CacheData.refreshCacheAll(CacheData.java:91)
	at com.zwk.movie_recommend.config.CacheDataTask.refreshCache(CacheDataTask.java:26)
	at sun.reflect.NativeMethodAccessorImpl.invoke0(Native Method)
	at sun.reflect.NativeMethodAccessorImpl.invoke(NativeMethodAccessorImpl.java:62)
	at sun.reflect.DelegatingMethodAccessorImpl.invoke(DelegatingMethodAccessorImpl.java:43)
	at java.lang.reflect.Method.invoke(Method.java:498)
	at org.springframework.scheduling.support.ScheduledMethodRunnable.run(ScheduledMethodRunnable.java:84)
	at org.springframework.scheduling.support.DelegatingErrorHandlingRunnable.run(DelegatingErrorHandlingRunnable.java:54)
	at org.springframework.scheduling.concurrent.ReschedulingRunnable.run(ReschedulingRunnable.java:93)
	at java.util.concurrent.Executors$RunnableAdapter.call(Executors.java:511)
	at java.util.concurrent.FutureTask.run$$$capture(FutureTask.java:266)
	at java.util.concurrent.FutureTask.run(FutureTask.java)
	at java.util.concurrent.ScheduledThreadPoolExecutor$ScheduledFutureTask.access$201(ScheduledThreadPoolExecutor.java:180)
	at java.util.concurrent.ScheduledThreadPoolExecutor$ScheduledFutureTask.run(ScheduledThreadPoolExecutor.java:293)
	at java.util.concurrent.ThreadPoolExecutor.runWorker(ThreadPoolExecutor.java:1149)
	at java.util.concurrent.ThreadPoolExecutor$Worker.run(ThreadPoolExecutor.java:624)
	at java.lang.Thread.run(Thread.java:748)
2026-03-17 22:42:06,070 [INFO] [Thread-32] o.s.b.w.s.c.AnnotationConfigServletWebServerApplicationContext [AbstractApplicationContext.java : 993] Closing org.springframework.boot.web.servlet.context.AnnotationConfigServletWebServerApplicationContext@39936589: startup date [Tue Mar 17 22:29:40 CST 2026]; root of context hierarchy
2026-03-17 22:42:06,079 [INFO] [Thread-32] o.s.jmx.export.annotation.AnnotationMBeanExporter [MBeanExporter.java : 451] Unregistering JMX-exposed beans on shutdown
2026-03-17 22:42:06,081 [INFO] [Thread-32] o.s.jmx.export.annotation.AnnotationMBeanExporter [MBeanRegistrationSupport.java : 185] Unregistering JMX-exposed beans
2026-03-17 22:42:06,084 [DEBUG] [Thread-32] com.zwk.movie_recommend.utils.SpringContextHolder [SpringContextHolder.java : 56] 清除SpringContextHolder中的ApplicationContext:org.springframework.boot.web.servlet.context.AnnotationConfigServletWebServerApplicationContext@39936589: startup date [Tue Mar 17 22:29:40 CST 2026]; root of context hierarchy
2026-03-17 22:42:30,544 [INFO] [restartedMain] com.zwk.movie_recommend.MovieRecommendApiApplication [StartupInfoLogger.java : 50] Starting MovieRecommendApiApplication on zwk with PID 27832 (D:\code\java\movie_recommend_system\movie-recommend-api\target\classes started by win10 in D:\code\java\movie_recommend_system)
2026-03-17 22:42:30,560 [DEBUG] [restartedMain] com.zwk.movie_recommend.MovieRecommendApiApplication [StartupInfoLogger.java : 53] Running with Spring Boot v2.0.5.RELEASE, Spring v5.0.9.RELEASE
2026-03-17 22:42:30,567 [INFO] [restartedMain] com.zwk.movie_recommend.MovieRecommendApiApplication [SpringApplication.java : 680] No active profile set, falling back to default profiles: default
2026-03-17 22:42:30,788 [INFO] [restartedMain] o.s.b.w.s.c.AnnotationConfigServletWebServerApplicationContext [AbstractApplicationContext.java : 590] Refreshing org.springframework.boot.web.servlet.context.AnnotationConfigServletWebServerApplicationContext@215144c3: startup date [Tue Mar 17 22:42:30 CST 2026]; root of context hierarchy
2026-03-17 22:42:32,955 [INFO] [restartedMain] o.s.data.repository.config.RepositoryConfigurationDelegate [RepositoryConfigurationDelegate.java : 172] Multiple Spring Data modules found, entering strict repository configuration mode!
2026-03-17 22:42:33,876 [INFO] [restartedMain] o.s.c.s.PostProcessorRegistrationDelegate$BeanPostProcessorChecker [PostProcessorRegistrationDelegate.java : 326] Bean 'org.springframework.transaction.annotation.ProxyTransactionManagementConfiguration' of type [org.springframework.transaction.annotation.ProxyTransactionManagementConfiguration$$EnhancerBySpringCGLIB$$1d6f02c] is not eligible for getting processed by all BeanPostProcessors (for example: not eligible for auto-proxying)
2026-03-17 22:42:34,929 [INFO] [restartedMain] org.springframework.boot.web.embedded.tomcat.TomcatWebServer [TomcatWebServer.java : 91] Tomcat initialized with port(s): 8010 (http)
2026-03-17 22:42:34,989 [INFO] [restartedMain] org.apache.catalina.core.StandardService [DirectJDKLog.java : 180] Starting service [Tomcat]
2026-03-17 22:42:34,989 [INFO] [restartedMain] org.apache.catalina.core.StandardEngine [DirectJDKLog.java : 180] Starting Servlet Engine: Apache Tomcat/8.5.34
2026-03-17 22:42:35,019 [INFO] [localhost-startStop-1] org.apache.catalina.core.AprLifecycleListener [DirectJDKLog.java : 180] The APR based Apache Tomcat Native library which allows optimal performance in production environments was not found on the java.library.path: [D:\code\jdk\bin;C:\WINDOWS\Sun\Java\bin;C:\WINDOWS\system32;C:\WINDOWS;C:\Python314\Scripts\;C:\Python314\;C:\ProgramData\Oracle\Java\javapath;C:\WINDOWS\system32;C:\WINDOWS;C:\WINDOWS\System32\Wbem;C:\WINDOWS\System32\WindowsPowerShell\v1.0\;C:\WINDOWS\System32\OpenSSH\;C:\Program Files\Docker\Docker\resources\bin;D:\code\apache-maven-3.5.3\bin;D:\code\Git\cmd;D:\code\skaffold\skaffold-windows-amd64.exe;D:\software\mysql5.8\bin;D:\software\NodeJS\;C:\ProgramData\chocolatey\bin;C:\Program Files\NVIDIA Corporation\NVIDIA App\NvDLISR;C:\Program Files (x86)\NVIDIA Corporation\PhysX\Common;C:\Users\win10\AppData\Local\Microsoft\WindowsApps;;C:\Program Files\JetBrains\IntelliJ IDEA 2025.3.3\bin;D:\code\GoLand 2023.2.1\bin;;D:\code\VSCode\bin;C:\Users\win10\AppData\Roaming\npm;.]
2026-03-17 22:42:35,410 [INFO] [localhost-startStop-1] org.apache.jasper.servlet.TldScanner [DirectJDKLog.java : 180] At least one JAR was scanned for TLDs yet contained no TLDs. Enable debug logging for this logger for a complete list of JARs that were scanned but no TLDs were found in them. Skipping unneeded JARs during scanning can improve startup time and JSP compilation time.
2026-03-17 22:42:35,419 [INFO] [localhost-startStop-1] o.a.c.c.C.[Tomcat].[localhost].[/movie-recommend-api] [DirectJDKLog.java : 180] Initializing Spring embedded WebApplicationContext
2026-03-17 22:42:35,419 [INFO] [localhost-startStop-1] org.springframework.web.context.ContextLoader [ServletWebServerApplicationContext.java : 285] Root WebApplicationContext: initialization completed in 4631 ms
2026-03-17 22:42:35,585 [INFO] [localhost-startStop-1] org.springframework.boot.web.servlet.ServletRegistrationBean [ServletRegistrationBean.java : 187] Servlet dispatcherServlet mapped to [/]
2026-03-17 22:42:35,588 [INFO] [localhost-startStop-1] org.springframework.boot.web.servlet.ServletRegistrationBean [ServletRegistrationBean.java : 187] Servlet statViewServlet mapped to [/druid/*]
2026-03-17 22:42:35,591 [INFO] [localhost-startStop-1] org.springframework.boot.web.servlet.FilterRegistrationBean [AbstractFilterRegistrationBean.java : 245] Mapping filter: 'characterEncodingFilter' to: [/*]
2026-03-17 22:42:35,593 [INFO] [localhost-startStop-1] org.springframework.boot.web.servlet.FilterRegistrationBean [AbstractFilterRegistrationBean.java : 245] Mapping filter: 'hiddenHttpMethodFilter' to: [/*]
2026-03-17 22:42:35,593 [INFO] [localhost-startStop-1] org.springframework.boot.web.servlet.FilterRegistrationBean [AbstractFilterRegistrationBean.java : 245] Mapping filter: 'httpPutFormContentFilter' to: [/*]
2026-03-17 22:42:35,594 [INFO] [localhost-startStop-1] org.springframework.boot.web.servlet.FilterRegistrationBean [AbstractFilterRegistrationBean.java : 245] Mapping filter: 'requestContextFilter' to: [/*]
2026-03-17 22:42:35,594 [INFO] [localhost-startStop-1] org.springframework.boot.web.servlet.FilterRegistrationBean [AbstractFilterRegistrationBean.java : 258] Mapping filter: 'webStatFilter' to urls: [/*]
2026-03-17 22:42:35,971 [INFO] [restartedMain] c.a.d.spring.boot.autoconfigure.DruidDataSourceAutoConfigure [DruidDataSourceAutoConfigure.java : 56] Init DruidDataSource
2026-03-17 22:42:36,681 [INFO] [restartedMain] com.alibaba.druid.pool.DruidDataSource [DruidDataSource.java : 930] {dataSource-1} inited
2026-03-17 22:42:37,366 [WARN] [restartedMain] com.baomidou.mybatisplus.toolkit.TableInfoHelper [TableInfoHelper.java : 188] Warn: Could not find @TableId in Class: com.zwk.movie_recommend.entity.MovieSimilarEntity.
2026-03-17 22:42:37,366 [WARN] [restartedMain] com.baomidou.mybatisplus.mapper.AutoSqlInjector [AutoSqlInjector.java : 147] class com.zwk.movie_recommend.entity.MovieSimilarEntity ,Not found @TableId annotation, Cannot use Mybatis-Plus 'xxById' Method.
2026-03-17 22:42:38,512 [WARN] [restartedMain] o.s.b.f.annotation.AutowiredAnnotationBeanPostProcessor [AutowiredAnnotationBeanPostProcessor.java : 437] Autowired annotation is not supported on static fields: public static redis.clients.jedis.JedisPool com.zwk.movie_recommend.redis.RedisUtils.JedisPool
2026-03-17 22:42:39,213 [INFO] [restartedMain] o.s.w.s.mvc.method.annotation.RequestMappingHandlerMapping [AbstractHandlerMethodMapping.java : 549] Mapped "{[/index]}" onto public java.lang.String com.zwk.movie_recommend.controller.CustomerController.showIndex(javax.servlet.http.HttpServletRequest)
2026-03-17 22:42:39,214 [INFO] [restartedMain] o.s.w.s.mvc.method.annotation.RequestMappingHandlerMapping [AbstractHandlerMethodMapping.java : 549] Mapped "{[/homepage]}" onto public java.lang.String com.zwk.movie_recommend.controller.CustomerController.showHomepage(javax.servlet.http.HttpServletRequest)
2026-03-17 22:42:39,216 [INFO] [restartedMain] o.s.w.s.mvc.method.annotation.RequestMappingHandlerMapping [AbstractHandlerMethodMapping.java : 549] Mapped "{[/likedmovie],methods=[POST]}" onto public java.lang.String com.zwk.movie_recommend.controller.CustomerController.likedmovie(javax.servlet.http.HttpServletRequest) throws java.text.ParseException
2026-03-17 22:42:39,216 [INFO] [restartedMain] o.s.w.s.mvc.method.annotation.RequestMappingHandlerMapping [AbstractHandlerMethodMapping.java : 549] Mapped "{[/getSimiMovies],methods=[POST]}" onto public com.zwk.movie_recommend.common.ResultView com.zwk.movie_recommend.controller.CustomerController.getSimiMovies(javax.servlet.http.HttpServletRequest) throws java.text.ParseException
2026-03-17 22:42:39,217 [INFO] [restartedMain] o.s.w.s.mvc.method.annotation.RequestMappingHandlerMapping [AbstractHandlerMethodMapping.java : 549] Mapped "{[/loadingmore],methods=[POST]}" onto public com.zwk.movie_recommend.common.ResultView com.zwk.movie_recommend.controller.CustomerController.showloadmore(javax.servlet.http.HttpServletRequest)
2026-03-17 22:42:39,217 [INFO] [restartedMain] o.s.w.s.mvc.method.annotation.RequestMappingHandlerMapping [AbstractHandlerMethodMapping.java : 549] Mapped "{[/getstar],methods=[POST]}" onto public java.lang.String com.zwk.movie_recommend.controller.CustomerController.getstar(javax.servlet.http.HttpServletRequest) throws java.text.ParseException
2026-03-17 22:42:39,217 [INFO] [restartedMain] o.s.w.s.mvc.method.annotation.RequestMappingHandlerMapping [AbstractHandlerMethodMapping.java : 549] Mapped "{[/Customer/Description]}" onto public java.lang.String com.zwk.movie_recommend.controller.CustomerController.GoMoiveDescription(javax.servlet.http.HttpServletRequest)
2026-03-17 22:42:39,217 [INFO] [restartedMain] o.s.w.s.mvc.method.annotation.RequestMappingHandlerMapping [AbstractHandlerMethodMapping.java : 549] Mapped "{[/typesortmovie],methods=[POST]}" onto public com.zwk.movie_recommend.common.ResultView com.zwk.movie_recommend.controller.CustomerController.showtypesortmovie(javax.servlet.http.HttpServletRequest)
2026-03-17 22:42:39,217 [INFO] [restartedMain] o.s.w.s.mvc.method.annotation.RequestMappingHandlerMapping [AbstractHandlerMethodMapping.java : 549] Mapped "{[/MovieDescription]}" onto public java.lang.String com.zwk.movie_recommend.controller.CustomerController.showMoiveDescription(javax.servlet.http.HttpServletRequest)
2026-03-17 22:42:39,217 [INFO] [restartedMain] o.s.w.s.mvc.method.annotation.RequestMappingHandlerMapping [AbstractHandlerMethodMapping.java : 549] Mapped "{[/search],methods=[POST]}" onto public com.zwk.movie_recommend.common.ResultView com.zwk.movie_recommend.controller.MovieController.selectMoviesByName(javax.servlet.http.HttpServletRequest)
2026-03-17 22:42:39,222 [INFO] [restartedMain] o.s.w.s.mvc.method.annotation.RequestMappingHandlerMapping [AbstractHandlerMethodMapping.java : 549] Mapped "{[/api/rank/{rankType}],methods=[GET]}" onto public com.zwk.movie_recommend.common.ResultView com.zwk.movie_recommend.controller.RankController.getRankByType(java.lang.String)
2026-03-17 22:42:39,222 [INFO] [restartedMain] o.s.w.s.mvc.method.annotation.RequestMappingHandlerMapping [AbstractHandlerMethodMapping.java : 549] Mapped "{[/api/rank/monthly/{year}/{month}],methods=[GET]}" onto public com.zwk.movie_recommend.common.ResultView com.zwk.movie_recommend.controller.RankController.getMonthlyRank(java.lang.Integer,java.lang.Integer)
2026-03-17 22:42:39,222 [INFO] [restartedMain] o.s.w.s.mvc.method.annotation.RequestMappingHandlerMapping [AbstractHandlerMethodMapping.java : 549] Mapped "{[/api/rank/top250],methods=[GET]}" onto public com.zwk.movie_recommend.common.ResultView com.zwk.movie_recommend.controller.RankController.getTop250()
2026-03-17 22:42:39,223 [INFO] [restartedMain] o.s.w.s.mvc.method.annotation.RequestMappingHandlerMapping [AbstractHandlerMethodMapping.java : 549] Mapped "{[/api/rank/list],methods=[GET]}" onto public com.zwk.movie_recommend.common.ResultView com.zwk.movie_recommend.controller.RankController.getRankList()
2026-03-17 22:42:39,223 [INFO] [restartedMain] o.s.w.s.mvc.method.annotation.RequestMappingHandlerMapping [AbstractHandlerMethodMapping.java : 549] Mapped "{[/api/rank/genre/{genre}],methods=[GET]}" onto public com.zwk.movie_recommend.common.ResultView com.zwk.movie_recommend.controller.RankController.getGenreRank(java.lang.String)
2026-03-17 22:42:39,223 [INFO] [restartedMain] o.s.w.s.mvc.method.annotation.RequestMappingHandlerMapping [AbstractHandlerMethodMapping.java : 549] Mapped "{[/api/rank/monthly],methods=[GET]}" onto public com.zwk.movie_recommend.common.ResultView com.zwk.movie_recommend.controller.RankController.getCurrentMonthRank()
2026-03-17 22:42:39,225 [INFO] [restartedMain] o.s.w.s.mvc.method.annotation.RequestMappingHandlerMapping [AbstractHandlerMethodMapping.java : 549] Mapped "{[/customer/register],methods=[POST]}" onto public com.zwk.movie_recommend.common.ResultView com.zwk.movie_recommend.controller.RegisterController.register(com.zwk.movie_recommend.entity.UserEntity,javax.servlet.http.HttpServletRequest)
2026-03-17 22:42:39,225 [INFO] [restartedMain] o.s.w.s.mvc.method.annotation.RequestMappingHandlerMapping [AbstractHandlerMethodMapping.java : 549] Mapped "{[/customer/register]}" onto public java.lang.String com.zwk.movie_recommend.controller.RegisterController.reg(javax.servlet.http.HttpServletRequest,org.springframework.ui.Model)
2026-03-17 22:42:39,225 [INFO] [restartedMain] o.s.w.s.mvc.method.annotation.RequestMappingHandlerMapping [AbstractHandlerMethodMapping.java : 549] Mapped "{[/customer/check/{param}/{type}]}" onto public com.zwk.movie_recommend.common.ResultView com.zwk.movie_recommend.controller.RegisterController.checkData(java.lang.String,java.lang.Integer)
2026-03-17 22:42:39,225 [INFO] [restartedMain] o.s.w.s.mvc.method.annotation.RequestMappingHandlerMapping [AbstractHandlerMethodMapping.java : 549] Mapped "{[/sendCode]}" onto public com.zwk.movie_recommend.common.ResultView com.zwk.movie_recommend.controller.RegisterController.sendCode(java.lang.String,javax.servlet.http.HttpServletRequest)
2026-03-17 22:42:39,225 [INFO] [restartedMain] o.s.w.s.mvc.method.annotation.RequestMappingHandlerMapping [AbstractHandlerMethodMapping.java : 549] Mapped "{[/customer/checkboth/{paramName}/{paramEmail}/{type}]}" onto public com.zwk.movie_recommend.common.ResultView com.zwk.movie_recommend.controller.RegisterController.checkDataBoth(java.lang.String,java.lang.String,java.lang.Integer)
2026-03-17 22:42:39,227 [INFO] [restartedMain] o.s.w.s.mvc.method.annotation.RequestMappingHandlerMapping [AbstractHandlerMethodMapping.java : 549] Mapped "{[/tag/tagList]}" onto public com.zwk.movie_recommend.common.ResultView com.zwk.movie_recommend.controller.TagController.tagList(javax.servlet.http.HttpServletRequest)
2026-03-17 22:42:39,227 [INFO] [restartedMain] o.s.w.s.mvc.method.annotation.RequestMappingHandlerMapping [AbstractHandlerMethodMapping.java : 549] Mapped "{[/page/login]}" onto public java.lang.String com.zwk.movie_recommend.controller.UserController.log()
2026-03-17 22:42:39,228 [INFO] [restartedMain] o.s.w.s.mvc.method.annotation.RequestMappingHandlerMapping [AbstractHandlerMethodMapping.java : 549] Mapped "{[/customer/login]}" onto public com.zwk.movie_recommend.common.ResultView com.zwk.movie_recommend.controller.UserController.login(java.lang.String,java.lang.String,javax.servlet.http.HttpServletRequest) throws java.text.ParseException
2026-03-17 22:42:39,228 [INFO] [restartedMain] o.s.w.s.mvc.method.annotation.RequestMappingHandlerMapping [AbstractHandlerMethodMapping.java : 549] Mapped "{[/editUser]}" onto public com.zwk.movie_recommend.common.ResultView com.zwk.movie_recommend.controller.UserController.editUser(java.lang.Long,javax.servlet.http.HttpServletRequest)
2026-03-17 22:42:39,228 [INFO] [restartedMain] o.s.w.s.mvc.method.annotation.RequestMappingHandlerMapping [AbstractHandlerMethodMapping.java : 549] Mapped "{[/home]}" onto public java.lang.String com.zwk.movie_recommend.controller.UserController.toHome()
2026-03-17 22:42:39,228 [INFO] [restartedMain] o.s.w.s.mvc.method.annotation.RequestMappingHandlerMapping [AbstractHandlerMethodMapping.java : 549] Mapped "{[/updateUser]}" onto public com.zwk.movie_recommend.common.ResultView com.zwk.movie_recommend.controller.UserController.updateUser(com.zwk.movie_recommend.entity.UserEntity,javax.servlet.http.HttpServletRequest)
2026-03-17 22:42:39,228 [INFO] [restartedMain] o.s.w.s.mvc.method.annotation.RequestMappingHandlerMapping [AbstractHandlerMethodMapping.java : 549] Mapped "{[/profile]}" onto public java.lang.String com.zwk.movie_recommend.controller.UserController.showProfie()
2026-03-17 22:42:39,230 [INFO] [restartedMain] o.s.w.s.mvc.method.annotation.RequestMappingHandlerMapping [AbstractHandlerMethodMapping.java : 549] Mapped "{[/customer/register/movieSubmit],methods=[POST]}" onto public java.lang.String com.zwk.movie_recommend.controller.UserController.selectedMovie(java.lang.String,javax.servlet.http.HttpServletRequest)
2026-03-17 22:42:39,230 [INFO] [restartedMain] o.s.w.s.mvc.method.annotation.RequestMappingHandlerMapping [AbstractHandlerMethodMapping.java : 549] Mapped "{[/customer/profile]}" onto public java.lang.String com.zwk.movie_recommend.controller.UserController.goProfile(javax.servlet.http.HttpServletRequest)
2026-03-17 22:42:39,230 [INFO] [restartedMain] o.s.w.s.mvc.method.annotation.RequestMappingHandlerMapping [AbstractHandlerMethodMapping.java : 549] Mapped "{[/customer/logout]}" onto public java.lang.String com.zwk.movie_recommend.controller.UserController.pagelogout(javax.servlet.http.HttpServletRequest)
2026-03-17 22:42:39,230 [INFO] [restartedMain] o.s.w.s.mvc.method.annotation.RequestMappingHandlerMapping [AbstractHandlerMethodMapping.java : 549] Mapped "{[/likedTags],methods=[POST]}" onto public java.lang.String com.zwk.movie_recommend.controller.UserTagController.likedmovie(javax.servlet.http.HttpServletRequest) throws java.text.ParseException
2026-03-17 22:42:39,234 [INFO] [restartedMain] o.s.w.s.mvc.method.annotation.RequestMappingHandlerMapping [AbstractHandlerMethodMapping.java : 549] Mapped "{[/api/watch/watchedList],methods=[GET]}" onto public com.zwk.movie_recommend.common.ResultView com.zwk.movie_recommend.controller.WatchStatusController.getWatchedList(javax.servlet.http.HttpServletRequest)
2026-03-17 22:42:39,234 [INFO] [restartedMain] o.s.w.s.mvc.method.annotation.RequestMappingHandlerMapping [AbstractHandlerMethodMapping.java : 549] Mapped "{[/api/watch/wishList],methods=[GET]}" onto public com.zwk.movie_recommend.common.ResultView com.zwk.movie_recommend.controller.WatchStatusController.getWishList(javax.servlet.http.HttpServletRequest)
2026-03-17 22:42:39,234 [INFO] [restartedMain] o.s.w.s.mvc.method.annotation.RequestMappingHandlerMapping [AbstractHandlerMethodMapping.java : 549] Mapped "{[/api/watch/status],methods=[GET]}" onto public com.zwk.movie_recommend.common.ResultView com.zwk.movie_recommend.controller.WatchStatusController.getWatchStatus(java.lang.Long,javax.servlet.http.HttpServletRequest)
2026-03-17 22:42:39,234 [INFO] [restartedMain] o.s.w.s.mvc.method.annotation.RequestMappingHandlerMapping [AbstractHandlerMethodMapping.java : 549] Mapped "{[/api/watch/setStatus],methods=[POST]}" onto public com.zwk.movie_recommend.common.ResultView com.zwk.movie_recommend.controller.WatchStatusController.setWatchStatus(java.lang.Long,java.lang.Integer,javax.servlet.http.HttpServletRequest)
2026-03-17 22:42:39,234 [INFO] [restartedMain] o.s.w.s.mvc.method.annotation.RequestMappingHandlerMapping [AbstractHandlerMethodMapping.java : 549] Mapped "{[/api/watch/watchingList],methods=[GET]}" onto public com.zwk.movie_recommend.common.ResultView com.zwk.movie_recommend.controller.WatchStatusController.getWatchingList(javax.servlet.http.HttpServletRequest)
2026-03-17 22:42:39,236 [INFO] [restartedMain] o.s.w.s.mvc.method.annotation.RequestMappingHandlerMapping [AbstractHandlerMethodMapping.java : 549] Mapped "{[/api/watch/remove],methods=[POST]}" onto public com.zwk.movie_recommend.common.ResultView com.zwk.movie_recommend.controller.WatchStatusController.removeWatchStatus(java.lang.Long,javax.servlet.http.HttpServletRequest)
2026-03-17 22:42:39,238 [INFO] [restartedMain] o.s.w.s.mvc.method.annotation.RequestMappingHandlerMapping [AbstractHandlerMethodMapping.java : 549] Mapped "{[/v2/api-docs],methods=[GET],produces=[application/json || application/hal+json]}" onto public org.springframework.http.ResponseEntity<springfox.documentation.spring.web.json.Json> springfox.documentation.swagger2.web.Swagger2Controller.getDocumentation(java.lang.String,javax.servlet.http.HttpServletRequest)
2026-03-17 22:42:39,241 [INFO] [restartedMain] o.s.w.s.mvc.method.annotation.RequestMappingHandlerMapping [AbstractHandlerMethodMapping.java : 549] Mapped "{[/configuration/security]}" onto org.springframework.http.ResponseEntity<springfox.documentation.swagger.web.SecurityConfiguration> springfox.documentation.swagger.web.ApiResourceController.securityConfiguration()
2026-03-17 22:42:39,241 [INFO] [restartedMain] o.s.w.s.mvc.method.annotation.RequestMappingHandlerMapping [AbstractHandlerMethodMapping.java : 549] Mapped "{[/swagger-resources]}" onto org.springframework.http.ResponseEntity<java.util.List<springfox.documentation.swagger.web.SwaggerResource>> springfox.documentation.swagger.web.ApiResourceController.swaggerResources()
2026-03-17 22:42:39,242 [INFO] [restartedMain] o.s.w.s.mvc.method.annotation.RequestMappingHandlerMapping [AbstractHandlerMethodMapping.java : 549] Mapped "{[/configuration/ui]}" onto org.springframework.http.ResponseEntity<springfox.documentation.swagger.web.UiConfiguration> springfox.documentation.swagger.web.ApiResourceController.uiConfiguration()
2026-03-17 22:42:39,245 [INFO] [restartedMain] o.s.w.s.mvc.method.annotation.RequestMappingHandlerMapping [AbstractHandlerMethodMapping.java : 549] Mapped "{[/error]}" onto public org.springframework.http.ResponseEntity<java.util.Map<java.lang.String, java.lang.Object>> org.springframework.boot.autoconfigure.web.servlet.error.BasicErrorController.error(javax.servlet.http.HttpServletRequest)
2026-03-17 22:42:39,247 [INFO] [restartedMain] o.s.w.s.mvc.method.annotation.RequestMappingHandlerMapping [AbstractHandlerMethodMapping.java : 549] Mapped "{[/error],produces=[text/html]}" onto public org.springframework.web.servlet.ModelAndView org.springframework.boot.autoconfigure.web.servlet.error.BasicErrorController.errorHtml(javax.servlet.http.HttpServletRequest,javax.servlet.http.HttpServletResponse)
2026-03-17 22:42:39,552 [INFO] [restartedMain] com.zwk.movie_recommend.config.RedisConfig [RedisConfig.java : 47] ===================JedisPool注入成功===================
2026-03-17 22:42:39,554 [INFO] [restartedMain] com.zwk.movie_recommend.config.RedisConfig [RedisConfig.java : 48] ============redis地址：127.0.0.1:6379===========
2026-03-17 22:42:39,620 [INFO] [restartedMain] com.zwk.movie_recommend.config.RedisConfig [RedisConfig.java : 62] ===================redis初始化!!!===================
2026-03-17 22:42:39,893 [INFO] [restartedMain] o.s.web.servlet.handler.SimpleUrlHandlerMapping [AbstractUrlHandlerMapping.java : 373] Mapped URL path [/**/favicon.ico] onto handler of type [class org.springframework.web.servlet.resource.ResourceHttpRequestHandler]
2026-03-17 22:42:40,388 [INFO] [restartedMain] o.s.w.s.mvc.method.annotation.RequestMappingHandlerAdapter [RequestMappingHandlerAdapter.java : 588] Looking for @ControllerAdvice: org.springframework.boot.web.servlet.context.AnnotationConfigServletWebServerApplicationContext@215144c3: startup date [Tue Mar 17 22:42:30 CST 2026]; root of context hierarchy
2026-03-17 22:42:40,475 [INFO] [restartedMain] o.s.web.servlet.handler.SimpleUrlHandlerMapping [AbstractUrlHandlerMapping.java : 360] Root mapping to handler of type [class org.springframework.web.servlet.mvc.ParameterizableViewController]
2026-03-17 22:42:40,509 [INFO] [restartedMain] o.s.web.servlet.handler.SimpleUrlHandlerMapping [AbstractUrlHandlerMapping.java : 373] Mapped URL path [/webjars/**] onto handler of type [class org.springframework.web.servlet.resource.ResourceHttpRequestHandler]
2026-03-17 22:42:40,509 [INFO] [restartedMain] o.s.web.servlet.handler.SimpleUrlHandlerMapping [AbstractUrlHandlerMapping.java : 373] Mapped URL path [/**] onto handler of type [class org.springframework.web.servlet.resource.ResourceHttpRequestHandler]
2026-03-17 22:42:40,551 [INFO] [restartedMain] o.s.w.s.m.m.annotation.ExceptionHandlerExceptionResolver [ExceptionHandlerExceptionResolver.java : 288] Detected @ExceptionHandler methods in baseException
2026-03-17 22:42:41,474 [INFO] [restartedMain] org.springframework.ui.freemarker.SpringTemplateLoader [SpringTemplateLoader.java : 62] SpringTemplateLoader for FreeMarker: using resource loader [org.springframework.boot.web.servlet.context.AnnotationConfigServletWebServerApplicationContext@215144c3: startup date [Tue Mar 17 22:42:30 CST 2026]; root of context hierarchy] and template loader path [classpath:/templates/]
2026-03-17 22:42:41,489 [INFO] [restartedMain] o.s.web.servlet.view.freemarker.FreeMarkerConfigurer [FreeMarkerConfigurer.java : 131] ClassTemplateLoader for Spring macros added to FreeMarker configuration
2026-03-17 22:42:41,865 [INFO] [restartedMain] o.s.boot.devtools.autoconfigure.OptionalLiveReloadServer [OptionalLiveReloadServer.java : 57] LiveReload server is running on port 35729
2026-03-17 22:42:41,935 [INFO] [restartedMain] o.s.jmx.export.annotation.AnnotationMBeanExporter [MBeanExporter.java : 433] Registering beans for JMX exposure on startup
2026-03-17 22:42:41,937 [INFO] [restartedMain] o.s.jmx.export.annotation.AnnotationMBeanExporter [MBeanExporter.java : 895] Bean with name 'statFilter' has been autodetected for JMX exposure
2026-03-17 22:42:41,938 [INFO] [restartedMain] o.s.jmx.export.annotation.AnnotationMBeanExporter [MBeanExporter.java : 895] Bean with name 'dataSource' has been autodetected for JMX exposure
2026-03-17 22:42:41,950 [INFO] [restartedMain] o.s.jmx.export.annotation.AnnotationMBeanExporter [MBeanExporter.java : 668] Located MBean 'dataSource': registering with JMX server as MBean [com.alibaba.druid.spring.boot.autoconfigure:name=dataSource,type=DruidDataSourceWrapper]
2026-03-17 22:42:41,952 [INFO] [restartedMain] o.s.jmx.export.annotation.AnnotationMBeanExporter [MBeanExporter.java : 668] Located MBean 'statFilter': registering with JMX server as MBean [com.alibaba.druid.filter.stat:name=statFilter,type=StatFilter]
2026-03-17 22:42:41,972 [INFO] [restartedMain] o.s.s.annotation.ScheduledAnnotationBeanPostProcessor [ScheduledAnnotationBeanPostProcessor.java : 276] No TaskScheduler/ScheduledExecutorService bean found for scheduled processing
2026-03-17 22:42:41,994 [INFO] [restartedMain] s.d.spring.web.plugins.DocumentationPluginsBootstrapper [DocumentationPluginsBootstrapper.java : 84] Context refreshed
2026-03-17 22:42:42,065 [INFO] [restartedMain] s.d.spring.web.plugins.DocumentationPluginsBootstrapper [DocumentationPluginsBootstrapper.java : 87] Found 1 custom documentation plugin(s)
2026-03-17 22:42:42,150 [INFO] [restartedMain] s.d.spring.web.scanners.ApiListingReferenceScanner [ApiListingReferenceScanner.java : 44] Scanning for api listing references
2026-03-17 22:42:42,826 [INFO] [restartedMain] org.springframework.boot.web.embedded.tomcat.TomcatWebServer [TomcatWebServer.java : 206] Tomcat started on port(s): 8010 (http) with context path '/movie-recommend-api'
2026-03-17 22:42:42,835 [INFO] [restartedMain] com.zwk.movie_recommend.MovieRecommendApiApplication [StartupInfoLogger.java : 59] Started MovieRecommendApiApplication in 13.14 seconds (JVM running for 15.99)
2026-03-17 22:42:42,839 [INFO] [restartedMain] com.zwk.movie_recommend.redis.CacheData [CacheData.java : 63] 开始初始化缓存数据
2026-03-17 22:42:42,839 [INFO] [restartedMain] com.zwk.movie_recommend.redis.CacheData [CacheData.java : 64] -----------------
2026-03-17 22:42:48,067 [DEBUG] [restartedMain] com.zwk.movie_recommend.dao.MovieDao.getAllMovie [BaseJdbcLogger.java : 159] ==>  Preparing: select * from movie where 1=1 
2026-03-17 22:42:48,247 [DEBUG] [restartedMain] com.zwk.movie_recommend.dao.MovieDao.getAllMovie [BaseJdbcLogger.java : 159] ==> Parameters: 
2026-03-17 22:42:48,388 [DEBUG] [restartedMain] com.zwk.movie_recommend.dao.MovieDao.getAllMovie [BaseJdbcLogger.java : 159] <==      Total: 30
2026-03-17 22:42:48,458 [DEBUG] [restartedMain] com.zwk.movie_recommend.dao.MovieSimilarDao.getList [BaseJdbcLogger.java : 159] ==>  Preparing: select * from movie_similar where 1=1 
2026-03-17 22:42:48,458 [DEBUG] [restartedMain] com.zwk.movie_recommend.dao.MovieSimilarDao.getList [BaseJdbcLogger.java : 159] ==> Parameters: 
2026-03-17 22:42:48,467 [DEBUG] [restartedMain] com.zwk.movie_recommend.dao.MovieSimilarDao.getList [BaseJdbcLogger.java : 159] <==      Total: 90
2026-03-17 22:42:48,470 [DEBUG] [restartedMain] com.zwk.movie_recommend.dao.MovieTagRelationDao.getList [BaseJdbcLogger.java : 159] ==>  Preparing: select * from movie_tag_relation where 1=1 
2026-03-17 22:42:48,470 [DEBUG] [restartedMain] com.zwk.movie_recommend.dao.MovieTagRelationDao.getList [BaseJdbcLogger.java : 159] ==> Parameters: 
2026-03-17 22:42:48,476 [DEBUG] [restartedMain] com.zwk.movie_recommend.dao.MovieTagRelationDao.getList [BaseJdbcLogger.java : 159] <==      Total: 88
2026-03-17 22:42:48,478 [INFO] [restartedMain] com.zwk.movie_recommend.redis.CacheData [CacheData.java : 68] 开始初始化电影数据···
2026-03-17 22:42:49,049 [INFO] [restartedMain] io.lettuce.core.EpollProvider [Slf4JLogger.java : 101] Starting without optional epoll library
2026-03-17 22:42:49,057 [INFO] [restartedMain] io.lettuce.core.KqueueProvider [Slf4JLogger.java : 101] Starting without optional kqueue library
2026-03-17 22:42:50,729 [INFO] [restartedMain] com.zwk.movie_recommend.redis.CacheData [CacheData.java : 73] 结束初始化电影数据
2026-03-17 22:42:50,731 [INFO] [restartedMain] com.zwk.movie_recommend.redis.CacheData [CacheData.java : 74] ·········
2026-03-17 22:42:50,731 [INFO] [restartedMain] com.zwk.movie_recommend.redis.CacheData [CacheData.java : 75] 开始初始化电影相似度数据···
2026-03-17 22:42:50,833 [INFO] [restartedMain] com.zwk.movie_recommend.redis.CacheData [CacheData.java : 80] 结束初始化电影相似度数据···
2026-03-17 22:42:50,834 [INFO] [restartedMain] com.zwk.movie_recommend.redis.CacheData [CacheData.java : 81] ·········
2026-03-17 22:42:50,834 [INFO] [restartedMain] com.zwk.movie_recommend.redis.CacheData [CacheData.java : 82] 开始初始化电影标签数据···
2026-03-17 22:42:50,896 [INFO] [restartedMain] com.zwk.movie_recommend.redis.CacheData [CacheData.java : 87] 结束初始化电影标签数据···
2026-03-17 22:43:08,977 [INFO] [http-nio-8010-exec-2] o.a.c.c.C.[Tomcat].[localhost].[/movie-recommend-api] [DirectJDKLog.java : 180] Initializing Spring FrameworkServlet 'dispatcherServlet'
2026-03-17 22:43:08,978 [INFO] [http-nio-8010-exec-2] org.springframework.web.servlet.DispatcherServlet [FrameworkServlet.java : 494] FrameworkServlet 'dispatcherServlet': initialization started
2026-03-17 22:43:09,074 [INFO] [http-nio-8010-exec-2] org.springframework.web.servlet.DispatcherServlet [FrameworkServlet.java : 509] FrameworkServlet 'dispatcherServlet': initialization completed in 94 ms
2026-03-17 22:43:26,325 [DEBUG] [http-nio-8010-exec-2] com.zwk.movie_recommend.dao.UserDao.getUser [BaseJdbcLogger.java : 159] ==>  Preparing: select * from user where 1=1 and user_password= '0:0:0:0:0:0:0:1' 
2026-03-17 22:43:26,327 [DEBUG] [http-nio-8010-exec-2] com.zwk.movie_recommend.dao.UserDao.getUser [BaseJdbcLogger.java : 159] ==> Parameters: 
2026-03-17 22:43:26,332 [DEBUG] [http-nio-8010-exec-2] com.zwk.movie_recommend.dao.UserDao.getUser [BaseJdbcLogger.java : 159] <==      Total: 1
2026-03-17 22:43:26,335 [DEBUG] [http-nio-8010-exec-2] com.zwk.movie_recommend.dao.SearchRecordDao.getSearchRecord [BaseJdbcLogger.java : 159] ==>  Preparing: select m.* from movie m LEFT JOIN search_record sr on sr.movie_id=m.movie_id where sr.user_id=21 
2026-03-17 22:43:26,335 [DEBUG] [http-nio-8010-exec-2] com.zwk.movie_recommend.dao.SearchRecordDao.getSearchRecord [BaseJdbcLogger.java : 159] ==> Parameters: 
2026-03-17 22:43:26,338 [DEBUG] [http-nio-8010-exec-2] com.zwk.movie_recommend.dao.SearchRecordDao.getSearchRecord [BaseJdbcLogger.java : 159] <==      Total: 0
2026-03-17 22:43:26,345 [DEBUG] [http-nio-8010-exec-2] com.zwk.movie_recommend.dao.HeatMovieDao.getTop10List [BaseJdbcLogger.java : 159] ==>  Preparing: select m.* from heat_movie hm left JOIN movie m on hm.movie_id=m.movie_id ORDER BY hm.update_date desc limit 0,10 
2026-03-17 22:43:26,346 [DEBUG] [http-nio-8010-exec-2] com.zwk.movie_recommend.dao.HeatMovieDao.getTop10List [BaseJdbcLogger.java : 159] ==> Parameters: 
2026-03-17 22:43:26,349 [DEBUG] [http-nio-8010-exec-2] com.zwk.movie_recommend.dao.HeatMovieDao.getTop10List [BaseJdbcLogger.java : 159] <==      Total: 10
2026-03-17 22:45:20,225 [DEBUG] [http-nio-8010-exec-14] com.zwk.movie_recommend.dao.UserDao.getUser [BaseJdbcLogger.java : 159] ==>  Preparing: select * from user where 1=1 and user_password= '0:0:0:0:0:0:0:1' 
2026-03-17 22:45:20,225 [DEBUG] [http-nio-8010-exec-14] com.zwk.movie_recommend.dao.UserDao.getUser [BaseJdbcLogger.java : 159] ==> Parameters: 
2026-03-17 22:45:20,227 [DEBUG] [http-nio-8010-exec-14] com.zwk.movie_recommend.dao.UserDao.getUser [BaseJdbcLogger.java : 159] <==      Total: 1
2026-03-17 22:45:20,228 [DEBUG] [http-nio-8010-exec-14] com.zwk.movie_recommend.dao.SearchRecordDao.getSearchRecord [BaseJdbcLogger.java : 159] ==>  Preparing: select m.* from movie m LEFT JOIN search_record sr on sr.movie_id=m.movie_id where sr.user_id=21 
2026-03-17 22:45:20,230 [DEBUG] [http-nio-8010-exec-14] com.zwk.movie_recommend.dao.SearchRecordDao.getSearchRecord [BaseJdbcLogger.java : 159] ==> Parameters: 
2026-03-17 22:45:20,232 [DEBUG] [http-nio-8010-exec-14] com.zwk.movie_recommend.dao.SearchRecordDao.getSearchRecord [BaseJdbcLogger.java : 159] <==      Total: 0
2026-03-17 22:45:20,233 [DEBUG] [http-nio-8010-exec-14] com.zwk.movie_recommend.dao.HeatMovieDao.getTop10List [BaseJdbcLogger.java : 159] ==>  Preparing: select m.* from heat_movie hm left JOIN movie m on hm.movie_id=m.movie_id ORDER BY hm.update_date desc limit 0,10 
2026-03-17 22:45:20,233 [DEBUG] [http-nio-8010-exec-14] com.zwk.movie_recommend.dao.HeatMovieDao.getTop10List [BaseJdbcLogger.java : 159] ==> Parameters: 
2026-03-17 22:45:20,238 [DEBUG] [http-nio-8010-exec-14] com.zwk.movie_recommend.dao.HeatMovieDao.getTop10List [BaseJdbcLogger.java : 159] <==      Total: 10
2026-03-17 22:50:00,024 [INFO] [pool-1-thread-1] com.zwk.movie_recommend.config.CacheDataTask [CacheDataTask.java : 25] 缓存定时任务执行开始
2026-03-17 22:50:00,024 [INFO] [pool-1-thread-1] com.zwk.movie_recommend.redis.CacheData [CacheData.java : 63] 开始初始化缓存数据
2026-03-17 22:50:00,024 [INFO] [pool-1-thread-1] com.zwk.movie_recommend.redis.CacheData [CacheData.java : 64] -----------------
2026-03-17 22:50:02,263 [ERROR] [pool-1-thread-1] o.s.scheduling.support.TaskUtils$LoggingErrorHandler [TaskUtils.java : 96] Unexpected error occurred in scheduled task.
java.lang.NullPointerException: null
	at com.zwk.movie_recommend.redis.CacheData.init(CacheData.java:65)
	at com.zwk.movie_recommend.redis.CacheData.refreshCacheAll(CacheData.java:91)
	at com.zwk.movie_recommend.config.CacheDataTask.refreshCache(CacheDataTask.java:26)
	at sun.reflect.NativeMethodAccessorImpl.invoke0(Native Method)
	at sun.reflect.NativeMethodAccessorImpl.invoke(NativeMethodAccessorImpl.java:62)
	at sun.reflect.DelegatingMethodAccessorImpl.invoke(DelegatingMethodAccessorImpl.java:43)
	at java.lang.reflect.Method.invoke(Method.java:498)
	at org.springframework.scheduling.support.ScheduledMethodRunnable.run(ScheduledMethodRunnable.java:84)
	at org.springframework.scheduling.support.DelegatingErrorHandlingRunnable.run(DelegatingErrorHandlingRunnable.java:54)
	at org.springframework.scheduling.concurrent.ReschedulingRunnable.run(ReschedulingRunnable.java:93)
	at java.util.concurrent.Executors$RunnableAdapter.call(Executors.java:511)
	at java.util.concurrent.FutureTask.run$$$capture(FutureTask.java:266)
	at java.util.concurrent.FutureTask.run(FutureTask.java)
	at java.util.concurrent.ScheduledThreadPoolExecutor$ScheduledFutureTask.access$201(ScheduledThreadPoolExecutor.java:180)
	at java.util.concurrent.ScheduledThreadPoolExecutor$ScheduledFutureTask.run(ScheduledThreadPoolExecutor.java:293)
	at java.util.concurrent.ThreadPoolExecutor.runWorker(ThreadPoolExecutor.java:1149)
	at java.util.concurrent.ThreadPoolExecutor$Worker.run(ThreadPoolExecutor.java:624)
	at java.lang.Thread.run(Thread.java:748)
2026-03-17 22:50:02,294 [INFO] [Thread-30] o.s.b.w.s.c.AnnotationConfigServletWebServerApplicationContext [AbstractApplicationContext.java : 993] Closing org.springframework.boot.web.servlet.context.AnnotationConfigServletWebServerApplicationContext@215144c3: startup date [Tue Mar 17 22:42:30 CST 2026]; root of context hierarchy
2026-03-17 22:50:02,309 [INFO] [Thread-30] o.s.jmx.export.annotation.AnnotationMBeanExporter [MBeanExporter.java : 451] Unregistering JMX-exposed beans on shutdown
2026-03-17 22:50:02,309 [INFO] [Thread-30] o.s.jmx.export.annotation.AnnotationMBeanExporter [MBeanRegistrationSupport.java : 185] Unregistering JMX-exposed beans
2026-03-17 22:50:02,316 [DEBUG] [Thread-30] com.zwk.movie_recommend.utils.SpringContextHolder [SpringContextHolder.java : 56] 清除SpringContextHolder中的ApplicationContext:org.springframework.boot.web.servlet.context.AnnotationConfigServletWebServerApplicationContext@215144c3: startup date [Tue Mar 17 22:42:30 CST 2026]; root of context hierarchy
2026-03-17 22:50:03,540 [INFO] [Thread-30] com.alibaba.druid.pool.DruidDataSource [DruidDataSource.java : 1825] {dataSource-1} closed
2026-03-17 22:50:04,957 [INFO] [restartedMain] com.zwk.movie_recommend.MovieRecommendApiApplication [StartupInfoLogger.java : 50] Starting MovieRecommendApiApplication on zwk with PID 27832 (D:\code\java\movie_recommend_system\movie-recommend-api\target\classes started by win10 in D:\code\java\movie_recommend_system)
2026-03-17 22:50:04,958 [DEBUG] [restartedMain] com.zwk.movie_recommend.MovieRecommendApiApplication [StartupInfoLogger.java : 53] Running with Spring Boot v2.0.5.RELEASE, Spring v5.0.9.RELEASE
2026-03-17 22:50:04,959 [INFO] [restartedMain] com.zwk.movie_recommend.MovieRecommendApiApplication [SpringApplication.java : 680] No active profile set, falling back to default profiles: default
2026-03-17 22:50:04,991 [INFO] [restartedMain] org.springframework.core.annotation.AnnotationUtils [AnnotationUtils.java : 1948] Failed to introspect annotations on class com.zwk.movie_recommend.MovieRecommendApiApplication: java.lang.ArrayStoreException: sun.reflect.annotation.TypeNotPresentExceptionProxy
2026-03-17 22:50:05,102 [ERROR] [restartedMain] org.springframework.boot.SpringApplication [SpringApplication.java : 863] Application run failed
java.lang.ArrayStoreException: sun.reflect.annotation.TypeNotPresentExceptionProxy
	at sun.reflect.annotation.AnnotationParser.parseClassArray(AnnotationParser.java:724)
	at sun.reflect.annotation.AnnotationParser.parseArray(AnnotationParser.java:531)
	at sun.reflect.annotation.AnnotationParser.parseMemberValue(AnnotationParser.java:355)
	at sun.reflect.annotation.AnnotationParser.parseAnnotation2(AnnotationParser.java:286)
	at sun.reflect.annotation.AnnotationParser.parseAnnotations2(AnnotationParser.java:120)
	at sun.reflect.annotation.AnnotationParser.parseAnnotations(AnnotationParser.java:72)
	at java.lang.Class.createAnnotationData(Class.java:3521)
	at java.lang.Class.annotationData(Class.java:3510)
	at java.lang.Class.getAnnotations(Class.java:3446)
	at org.springframework.core.type.StandardAnnotationMetadata.<init>(StandardAnnotationMetadata.java:70)
	at org.springframework.beans.factory.annotation.AnnotatedGenericBeanDefinition.<init>(AnnotatedGenericBeanDefinition.java:58)
	at org.springframework.context.annotation.AnnotatedBeanDefinitionReader.doRegisterBean(AnnotatedBeanDefinitionReader.java:216)
	at org.springframework.context.annotation.AnnotatedBeanDefinitionReader.registerBean(AnnotatedBeanDefinitionReader.java:145)
	at org.springframework.context.annotation.AnnotatedBeanDefinitionReader.register(AnnotatedBeanDefinitionReader.java:135)
	at org.springframework.boot.BeanDefinitionLoader.load(BeanDefinitionLoader.java:158)
	at org.springframework.boot.BeanDefinitionLoader.load(BeanDefinitionLoader.java:135)
	at org.springframework.boot.BeanDefinitionLoader.load(BeanDefinitionLoader.java:127)
	at org.springframework.boot.SpringApplication.load(SpringApplication.java:722)
	at org.springframework.boot.SpringApplication.prepareContext(SpringApplication.java:407)
	at org.springframework.boot.SpringApplication.run(SpringApplication.java:331)
	at org.springframework.boot.SpringApplication.run(SpringApplication.java:1277)
	at org.springframework.boot.SpringApplication.run(SpringApplication.java:1265)
	at com.zwk.movie_recommend.MovieRecommendApiApplication.main(MovieRecommendApiApplication.java:29)
	at sun.reflect.NativeMethodAccessorImpl.invoke0(Native Method)
	at sun.reflect.NativeMethodAccessorImpl.invoke(NativeMethodAccessorImpl.java:62)
	at sun.reflect.DelegatingMethodAccessorImpl.invoke(DelegatingMethodAccessorImpl.java:43)
	at java.lang.reflect.Method.invoke(Method.java:498)
	at org.springframework.boot.devtools.restart.RestartLauncher.run(RestartLauncher.java:49)
2026-03-17 22:50:45,852 [INFO] [restartedMain] com.zwk.movie_recommend.MovieRecommendApiApplication [StartupInfoLogger.java : 50] Starting MovieRecommendApiApplication on zwk with PID 7452 (D:\code\java\movie_recommend_system\movie-recommend-api\target\classes started by win10 in D:\code\java\movie_recommend_system)
2026-03-17 22:50:45,863 [DEBUG] [restartedMain] com.zwk.movie_recommend.MovieRecommendApiApplication [StartupInfoLogger.java : 53] Running with Spring Boot v2.0.5.RELEASE, Spring v5.0.9.RELEASE
2026-03-17 22:50:45,867 [INFO] [restartedMain] com.zwk.movie_recommend.MovieRecommendApiApplication [SpringApplication.java : 680] No active profile set, falling back to default profiles: default
2026-03-17 22:50:45,906 [INFO] [restartedMain] org.springframework.core.annotation.AnnotationUtils [AnnotationUtils.java : 1948] Failed to introspect annotations on class com.zwk.movie_recommend.MovieRecommendApiApplication: java.lang.ArrayStoreException: sun.reflect.annotation.TypeNotPresentExceptionProxy
2026-03-17 22:50:46,215 [ERROR] [restartedMain] org.springframework.boot.SpringApplication [SpringApplication.java : 863] Application run failed
java.lang.ArrayStoreException: sun.reflect.annotation.TypeNotPresentExceptionProxy
	at sun.reflect.annotation.AnnotationParser.parseClassArray(AnnotationParser.java:724)
	at sun.reflect.annotation.AnnotationParser.parseArray(AnnotationParser.java:531)
	at sun.reflect.annotation.AnnotationParser.parseMemberValue(AnnotationParser.java:355)
	at sun.reflect.annotation.AnnotationParser.parseAnnotation2(AnnotationParser.java:286)
	at sun.reflect.annotation.AnnotationParser.parseAnnotations2(AnnotationParser.java:120)
	at sun.reflect.annotation.AnnotationParser.parseAnnotations(AnnotationParser.java:72)
	at java.lang.Class.createAnnotationData(Class.java:3521)
	at java.lang.Class.annotationData(Class.java:3510)
	at java.lang.Class.getAnnotations(Class.java:3446)
	at org.springframework.core.type.StandardAnnotationMetadata.<init>(StandardAnnotationMetadata.java:70)
	at org.springframework.beans.factory.annotation.AnnotatedGenericBeanDefinition.<init>(AnnotatedGenericBeanDefinition.java:58)
	at org.springframework.context.annotation.AnnotatedBeanDefinitionReader.doRegisterBean(AnnotatedBeanDefinitionReader.java:216)
	at org.springframework.context.annotation.AnnotatedBeanDefinitionReader.registerBean(AnnotatedBeanDefinitionReader.java:145)
	at org.springframework.context.annotation.AnnotatedBeanDefinitionReader.register(AnnotatedBeanDefinitionReader.java:135)
	at org.springframework.boot.BeanDefinitionLoader.load(BeanDefinitionLoader.java:158)
	at org.springframework.boot.BeanDefinitionLoader.load(BeanDefinitionLoader.java:135)
	at org.springframework.boot.BeanDefinitionLoader.load(BeanDefinitionLoader.java:127)
	at org.springframework.boot.SpringApplication.load(SpringApplication.java:722)
	at org.springframework.boot.SpringApplication.prepareContext(SpringApplication.java:407)
	at org.springframework.boot.SpringApplication.run(SpringApplication.java:331)
	at org.springframework.boot.SpringApplication.run(SpringApplication.java:1277)
	at org.springframework.boot.SpringApplication.run(SpringApplication.java:1265)
	at com.zwk.movie_recommend.MovieRecommendApiApplication.main(MovieRecommendApiApplication.java:29)
	at sun.reflect.NativeMethodAccessorImpl.invoke0(Native Method)
	at sun.reflect.NativeMethodAccessorImpl.invoke(NativeMethodAccessorImpl.java:62)
	at sun.reflect.DelegatingMethodAccessorImpl.invoke(DelegatingMethodAccessorImpl.java:43)
	at java.lang.reflect.Method.invoke(Method.java:498)
	at org.springframework.boot.devtools.restart.RestartLauncher.run(RestartLauncher.java:49)
2026-03-17 22:51:28,209 [INFO] [restartedMain] com.zwk.movie_recommend.MovieRecommendApiApplication [StartupInfoLogger.java : 50] Starting MovieRecommendApiApplication on zwk with PID 7804 (D:\code\java\movie_recommend_system\movie-recommend-api\target\classes started by win10 in D:\code\java\movie_recommend_system)
2026-03-17 22:51:28,216 [DEBUG] [restartedMain] com.zwk.movie_recommend.MovieRecommendApiApplication [StartupInfoLogger.java : 53] Running with Spring Boot v2.0.5.RELEASE, Spring v5.0.9.RELEASE
2026-03-17 22:51:28,219 [INFO] [restartedMain] com.zwk.movie_recommend.MovieRecommendApiApplication [SpringApplication.java : 680] No active profile set, falling back to default profiles: default
2026-03-17 22:51:28,362 [INFO] [restartedMain] o.s.b.w.s.c.AnnotationConfigServletWebServerApplicationContext [AbstractApplicationContext.java : 590] Refreshing org.springframework.boot.web.servlet.context.AnnotationConfigServletWebServerApplicationContext@52012253: startup date [Tue Mar 17 22:51:28 CST 2026]; root of context hierarchy
2026-03-17 22:51:30,344 [INFO] [restartedMain] o.s.data.repository.config.RepositoryConfigurationDelegate [RepositoryConfigurationDelegate.java : 172] Multiple Spring Data modules found, entering strict repository configuration mode!
2026-03-17 22:51:31,069 [INFO] [restartedMain] o.s.c.s.PostProcessorRegistrationDelegate$BeanPostProcessorChecker [PostProcessorRegistrationDelegate.java : 326] Bean 'org.springframework.transaction.annotation.ProxyTransactionManagementConfiguration' of type [org.springframework.transaction.annotation.ProxyTransactionManagementConfiguration$$EnhancerBySpringCGLIB$$bee5d2b9] is not eligible for getting processed by all BeanPostProcessors (for example: not eligible for auto-proxying)
2026-03-17 22:51:31,879 [INFO] [restartedMain] org.springframework.boot.web.embedded.tomcat.TomcatWebServer [TomcatWebServer.java : 91] Tomcat initialized with port(s): 8010 (http)
2026-03-17 22:51:31,921 [INFO] [restartedMain] org.apache.catalina.core.StandardService [DirectJDKLog.java : 180] Starting service [Tomcat]
2026-03-17 22:51:31,921 [INFO] [restartedMain] org.apache.catalina.core.StandardEngine [DirectJDKLog.java : 180] Starting Servlet Engine: Apache Tomcat/8.5.34
2026-03-17 22:51:31,941 [INFO] [localhost-startStop-1] org.apache.catalina.core.AprLifecycleListener [DirectJDKLog.java : 180] The APR based Apache Tomcat Native library which allows optimal performance in production environments was not found on the java.library.path: [D:\code\jdk\bin;C:\WINDOWS\Sun\Java\bin;C:\WINDOWS\system32;C:\WINDOWS;C:\Python314\Scripts\;C:\Python314\;C:\ProgramData\Oracle\Java\javapath;C:\WINDOWS\system32;C:\WINDOWS;C:\WINDOWS\System32\Wbem;C:\WINDOWS\System32\WindowsPowerShell\v1.0\;C:\WINDOWS\System32\OpenSSH\;C:\Program Files\Docker\Docker\resources\bin;D:\code\apache-maven-3.5.3\bin;D:\code\Git\cmd;D:\code\skaffold\skaffold-windows-amd64.exe;D:\software\mysql5.8\bin;D:\software\NodeJS\;C:\ProgramData\chocolatey\bin;C:\Program Files\NVIDIA Corporation\NVIDIA App\NvDLISR;C:\Program Files (x86)\NVIDIA Corporation\PhysX\Common;C:\Users\win10\AppData\Local\Microsoft\WindowsApps;;C:\Program Files\JetBrains\IntelliJ IDEA 2025.3.3\bin;D:\code\GoLand 2023.2.1\bin;;D:\code\VSCode\bin;C:\Users\win10\AppData\Roaming\npm;.]
2026-03-17 22:51:32,248 [INFO] [localhost-startStop-1] org.apache.jasper.servlet.TldScanner [DirectJDKLog.java : 180] At least one JAR was scanned for TLDs yet contained no TLDs. Enable debug logging for this logger for a complete list of JARs that were scanned but no TLDs were found in them. Skipping unneeded JARs during scanning can improve startup time and JSP compilation time.
2026-03-17 22:51:32,254 [INFO] [localhost-startStop-1] o.a.c.c.C.[Tomcat].[localhost].[/movie-recommend-api] [DirectJDKLog.java : 180] Initializing Spring embedded WebApplicationContext
2026-03-17 22:51:32,256 [INFO] [localhost-startStop-1] org.springframework.web.context.ContextLoader [ServletWebServerApplicationContext.java : 285] Root WebApplicationContext: initialization completed in 3894 ms
2026-03-17 22:51:32,405 [INFO] [localhost-startStop-1] org.springframework.boot.web.servlet.ServletRegistrationBean [ServletRegistrationBean.java : 187] Servlet dispatcherServlet mapped to [/]
2026-03-17 22:51:32,410 [INFO] [localhost-startStop-1] org.springframework.boot.web.servlet.ServletRegistrationBean [ServletRegistrationBean.java : 187] Servlet statViewServlet mapped to [/druid/*]
2026-03-17 22:51:32,415 [INFO] [localhost-startStop-1] org.springframework.boot.web.servlet.FilterRegistrationBean [AbstractFilterRegistrationBean.java : 245] Mapping filter: 'characterEncodingFilter' to: [/*]
2026-03-17 22:51:32,416 [INFO] [localhost-startStop-1] org.springframework.boot.web.servlet.FilterRegistrationBean [AbstractFilterRegistrationBean.java : 245] Mapping filter: 'hiddenHttpMethodFilter' to: [/*]
2026-03-17 22:51:32,416 [INFO] [localhost-startStop-1] org.springframework.boot.web.servlet.FilterRegistrationBean [AbstractFilterRegistrationBean.java : 245] Mapping filter: 'httpPutFormContentFilter' to: [/*]
2026-03-17 22:51:32,416 [INFO] [localhost-startStop-1] org.springframework.boot.web.servlet.FilterRegistrationBean [AbstractFilterRegistrationBean.java : 245] Mapping filter: 'requestContextFilter' to: [/*]
2026-03-17 22:51:32,416 [INFO] [localhost-startStop-1] org.springframework.boot.web.servlet.FilterRegistrationBean [AbstractFilterRegistrationBean.java : 258] Mapping filter: 'webStatFilter' to urls: [/*]
2026-03-17 22:51:32,819 [INFO] [restartedMain] c.a.d.spring.boot.autoconfigure.DruidDataSourceAutoConfigure [DruidDataSourceAutoConfigure.java : 56] Init DruidDataSource
2026-03-17 22:51:33,467 [INFO] [restartedMain] com.alibaba.druid.pool.DruidDataSource [DruidDataSource.java : 930] {dataSource-1} inited
2026-03-17 22:51:34,075 [WARN] [restartedMain] com.baomidou.mybatisplus.toolkit.TableInfoHelper [TableInfoHelper.java : 188] Warn: Could not find @TableId in Class: com.zwk.movie_recommend.entity.MovieSimilarEntity.
2026-03-17 22:51:34,075 [WARN] [restartedMain] com.baomidou.mybatisplus.mapper.AutoSqlInjector [AutoSqlInjector.java : 147] class com.zwk.movie_recommend.entity.MovieSimilarEntity ,Not found @TableId annotation, Cannot use Mybatis-Plus 'xxById' Method.
2026-03-17 22:51:35,171 [WARN] [restartedMain] o.s.b.f.annotation.AutowiredAnnotationBeanPostProcessor [AutowiredAnnotationBeanPostProcessor.java : 437] Autowired annotation is not supported on static fields: public static redis.clients.jedis.JedisPool com.zwk.movie_recommend.redis.RedisUtils.JedisPool
2026-03-17 22:51:35,746 [INFO] [restartedMain] o.s.w.s.mvc.method.annotation.RequestMappingHandlerMapping [AbstractHandlerMethodMapping.java : 549] Mapped "{[/homepage]}" onto public java.lang.String com.zwk.movie_recommend.controller.CustomerController.showHomepage(javax.servlet.http.HttpServletRequest)
2026-03-17 22:51:35,747 [INFO] [restartedMain] o.s.w.s.mvc.method.annotation.RequestMappingHandlerMapping [AbstractHandlerMethodMapping.java : 549] Mapped "{[/loadingmore],methods=[POST]}" onto public com.zwk.movie_recommend.common.ResultView com.zwk.movie_recommend.controller.CustomerController.showloadmore(javax.servlet.http.HttpServletRequest)
2026-03-17 22:51:35,749 [INFO] [restartedMain] o.s.w.s.mvc.method.annotation.RequestMappingHandlerMapping [AbstractHandlerMethodMapping.java : 549] Mapped "{[/likedmovie],methods=[POST]}" onto public java.lang.String com.zwk.movie_recommend.controller.CustomerController.likedmovie(javax.servlet.http.HttpServletRequest) throws java.text.ParseException
2026-03-17 22:51:35,749 [INFO] [restartedMain] o.s.w.s.mvc.method.annotation.RequestMappingHandlerMapping [AbstractHandlerMethodMapping.java : 549] Mapped "{[/getstar],methods=[POST]}" onto public java.lang.String com.zwk.movie_recommend.controller.CustomerController.getstar(javax.servlet.http.HttpServletRequest) throws java.text.ParseException
2026-03-17 22:51:35,749 [INFO] [restartedMain] o.s.w.s.mvc.method.annotation.RequestMappingHandlerMapping [AbstractHandlerMethodMapping.java : 549] Mapped "{[/index]}" onto public java.lang.String com.zwk.movie_recommend.controller.CustomerController.showIndex(javax.servlet.http.HttpServletRequest)
2026-03-17 22:51:35,749 [INFO] [restartedMain] o.s.w.s.mvc.method.annotation.RequestMappingHandlerMapping [AbstractHandlerMethodMapping.java : 549] Mapped "{[/getSimiMovies],methods=[POST]}" onto public com.zwk.movie_recommend.common.ResultView com.zwk.movie_recommend.controller.CustomerController.getSimiMovies(javax.servlet.http.HttpServletRequest) throws java.text.ParseException
2026-03-17 22:51:35,750 [INFO] [restartedMain] o.s.w.s.mvc.method.annotation.RequestMappingHandlerMapping [AbstractHandlerMethodMapping.java : 549] Mapped "{[/Customer/Description]}" onto public java.lang.String com.zwk.movie_recommend.controller.CustomerController.GoMoiveDescription(javax.servlet.http.HttpServletRequest)
2026-03-17 22:51:35,751 [INFO] [restartedMain] o.s.w.s.mvc.method.annotation.RequestMappingHandlerMapping [AbstractHandlerMethodMapping.java : 549] Mapped "{[/typesortmovie],methods=[POST]}" onto public com.zwk.movie_recommend.common.ResultView com.zwk.movie_recommend.controller.CustomerController.showtypesortmovie(javax.servlet.http.HttpServletRequest)
2026-03-17 22:51:35,751 [INFO] [restartedMain] o.s.w.s.mvc.method.annotation.RequestMappingHandlerMapping [AbstractHandlerMethodMapping.java : 549] Mapped "{[/MovieDescription]}" onto public java.lang.String com.zwk.movie_recommend.controller.CustomerController.showMoiveDescription(javax.servlet.http.HttpServletRequest)
2026-03-17 22:51:35,752 [INFO] [restartedMain] o.s.w.s.mvc.method.annotation.RequestMappingHandlerMapping [AbstractHandlerMethodMapping.java : 549] Mapped "{[/search],methods=[POST]}" onto public com.zwk.movie_recommend.common.ResultView com.zwk.movie_recommend.controller.MovieController.selectMoviesByName(javax.servlet.http.HttpServletRequest)
2026-03-17 22:51:35,757 [INFO] [restartedMain] o.s.w.s.mvc.method.annotation.RequestMappingHandlerMapping [AbstractHandlerMethodMapping.java : 549] Mapped "{[/api/rank/list],methods=[GET]}" onto public com.zwk.movie_recommend.common.ResultView com.zwk.movie_recommend.controller.RankController.getRankList()
2026-03-17 22:51:35,758 [INFO] [restartedMain] o.s.w.s.mvc.method.annotation.RequestMappingHandlerMapping [AbstractHandlerMethodMapping.java : 549] Mapped "{[/api/rank/{rankType}],methods=[GET]}" onto public com.zwk.movie_recommend.common.ResultView com.zwk.movie_recommend.controller.RankController.getRankByType(java.lang.String)
2026-03-17 22:51:35,758 [INFO] [restartedMain] o.s.w.s.mvc.method.annotation.RequestMappingHandlerMapping [AbstractHandlerMethodMapping.java : 549] Mapped "{[/api/rank/monthly/{year}/{month}],methods=[GET]}" onto public com.zwk.movie_recommend.common.ResultView com.zwk.movie_recommend.controller.RankController.getMonthlyRank(java.lang.Integer,java.lang.Integer)
2026-03-17 22:51:35,758 [INFO] [restartedMain] o.s.w.s.mvc.method.annotation.RequestMappingHandlerMapping [AbstractHandlerMethodMapping.java : 549] Mapped "{[/api/rank/genre/{genre}],methods=[GET]}" onto public com.zwk.movie_recommend.common.ResultView com.zwk.movie_recommend.controller.RankController.getGenreRank(java.lang.String)
2026-03-17 22:51:35,758 [INFO] [restartedMain] o.s.w.s.mvc.method.annotation.RequestMappingHandlerMapping [AbstractHandlerMethodMapping.java : 549] Mapped "{[/api/rank/top250],methods=[GET]}" onto public com.zwk.movie_recommend.common.ResultView com.zwk.movie_recommend.controller.RankController.getTop250()
2026-03-17 22:51:35,760 [INFO] [restartedMain] o.s.w.s.mvc.method.annotation.RequestMappingHandlerMapping [AbstractHandlerMethodMapping.java : 549] Mapped "{[/api/rank/monthly],methods=[GET]}" onto public com.zwk.movie_recommend.common.ResultView com.zwk.movie_recommend.controller.RankController.getCurrentMonthRank()
2026-03-17 22:51:35,760 [INFO] [restartedMain] o.s.w.s.mvc.method.annotation.RequestMappingHandlerMapping [AbstractHandlerMethodMapping.java : 549] Mapped "{[/customer/register],methods=[POST]}" onto public com.zwk.movie_recommend.common.ResultView com.zwk.movie_recommend.controller.RegisterController.register(com.zwk.movie_recommend.entity.UserEntity,javax.servlet.http.HttpServletRequest)
2026-03-17 22:51:35,760 [INFO] [restartedMain] o.s.w.s.mvc.method.annotation.RequestMappingHandlerMapping [AbstractHandlerMethodMapping.java : 549] Mapped "{[/customer/register]}" onto public java.lang.String com.zwk.movie_recommend.controller.RegisterController.reg(javax.servlet.http.HttpServletRequest,org.springframework.ui.Model)
2026-03-17 22:51:35,760 [INFO] [restartedMain] o.s.w.s.mvc.method.annotation.RequestMappingHandlerMapping [AbstractHandlerMethodMapping.java : 549] Mapped "{[/customer/check/{param}/{type}]}" onto public com.zwk.movie_recommend.common.ResultView com.zwk.movie_recommend.controller.RegisterController.checkData(java.lang.String,java.lang.Integer)
2026-03-17 22:51:35,760 [INFO] [restartedMain] o.s.w.s.mvc.method.annotation.RequestMappingHandlerMapping [AbstractHandlerMethodMapping.java : 549] Mapped "{[/customer/checkboth/{paramName}/{paramEmail}/{type}]}" onto public com.zwk.movie_recommend.common.ResultView com.zwk.movie_recommend.controller.RegisterController.checkDataBoth(java.lang.String,java.lang.String,java.lang.Integer)
2026-03-17 22:51:35,762 [INFO] [restartedMain] o.s.w.s.mvc.method.annotation.RequestMappingHandlerMapping [AbstractHandlerMethodMapping.java : 549] Mapped "{[/sendCode]}" onto public com.zwk.movie_recommend.common.ResultView com.zwk.movie_recommend.controller.RegisterController.sendCode(java.lang.String,javax.servlet.http.HttpServletRequest)
2026-03-17 22:51:35,762 [INFO] [restartedMain] o.s.w.s.mvc.method.annotation.RequestMappingHandlerMapping [AbstractHandlerMethodMapping.java : 549] Mapped "{[/tag/tagList]}" onto public com.zwk.movie_recommend.common.ResultView com.zwk.movie_recommend.controller.TagController.tagList(javax.servlet.http.HttpServletRequest)
2026-03-17 22:51:35,762 [INFO] [restartedMain] o.s.w.s.mvc.method.annotation.RequestMappingHandlerMapping [AbstractHandlerMethodMapping.java : 549] Mapped "{[/page/login]}" onto public java.lang.String com.zwk.movie_recommend.controller.UserController.log()
2026-03-17 22:51:35,763 [INFO] [restartedMain] o.s.w.s.mvc.method.annotation.RequestMappingHandlerMapping [AbstractHandlerMethodMapping.java : 549] Mapped "{[/customer/login]}" onto public com.zwk.movie_recommend.common.ResultView com.zwk.movie_recommend.controller.UserController.login(java.lang.String,java.lang.String,javax.servlet.http.HttpServletRequest) throws java.text.ParseException
2026-03-17 22:51:35,763 [INFO] [restartedMain] o.s.w.s.mvc.method.annotation.RequestMappingHandlerMapping [AbstractHandlerMethodMapping.java : 549] Mapped "{[/editUser]}" onto public com.zwk.movie_recommend.common.ResultView com.zwk.movie_recommend.controller.UserController.editUser(java.lang.Long,javax.servlet.http.HttpServletRequest)
2026-03-17 22:51:35,763 [INFO] [restartedMain] o.s.w.s.mvc.method.annotation.RequestMappingHandlerMapping [AbstractHandlerMethodMapping.java : 549] Mapped "{[/customer/logout]}" onto public java.lang.String com.zwk.movie_recommend.controller.UserController.pagelogout(javax.servlet.http.HttpServletRequest)
2026-03-17 22:51:35,763 [INFO] [restartedMain] o.s.w.s.mvc.method.annotation.RequestMappingHandlerMapping [AbstractHandlerMethodMapping.java : 549] Mapped "{[/customer/register/movieSubmit],methods=[POST]}" onto public java.lang.String com.zwk.movie_recommend.controller.UserController.selectedMovie(java.lang.String,javax.servlet.http.HttpServletRequest)
2026-03-17 22:51:35,763 [INFO] [restartedMain] o.s.w.s.mvc.method.annotation.RequestMappingHandlerMapping [AbstractHandlerMethodMapping.java : 549] Mapped "{[/customer/profile]}" onto public java.lang.String com.zwk.movie_recommend.controller.UserController.goProfile(javax.servlet.http.HttpServletRequest)
2026-03-17 22:51:35,765 [INFO] [restartedMain] o.s.w.s.mvc.method.annotation.RequestMappingHandlerMapping [AbstractHandlerMethodMapping.java : 549] Mapped "{[/home]}" onto public java.lang.String com.zwk.movie_recommend.controller.UserController.toHome()
2026-03-17 22:51:35,765 [INFO] [restartedMain] o.s.w.s.mvc.method.annotation.RequestMappingHandlerMapping [AbstractHandlerMethodMapping.java : 549] Mapped "{[/updateUser]}" onto public com.zwk.movie_recommend.common.ResultView com.zwk.movie_recommend.controller.UserController.updateUser(com.zwk.movie_recommend.entity.UserEntity,javax.servlet.http.HttpServletRequest)
2026-03-17 22:51:35,765 [INFO] [restartedMain] o.s.w.s.mvc.method.annotation.RequestMappingHandlerMapping [AbstractHandlerMethodMapping.java : 549] Mapped "{[/profile]}" onto public java.lang.String com.zwk.movie_recommend.controller.UserController.showProfie()
2026-03-17 22:51:35,765 [INFO] [restartedMain] o.s.w.s.mvc.method.annotation.RequestMappingHandlerMapping [AbstractHandlerMethodMapping.java : 549] Mapped "{[/likedTags],methods=[POST]}" onto public java.lang.String com.zwk.movie_recommend.controller.UserTagController.likedmovie(javax.servlet.http.HttpServletRequest) throws java.text.ParseException
2026-03-17 22:51:35,768 [INFO] [restartedMain] o.s.w.s.mvc.method.annotation.RequestMappingHandlerMapping [AbstractHandlerMethodMapping.java : 549] Mapped "{[/api/watch/setStatus],methods=[POST]}" onto public com.zwk.movie_recommend.common.ResultView com.zwk.movie_recommend.controller.WatchStatusController.setWatchStatus(java.lang.Long,java.lang.Integer,javax.servlet.http.HttpServletRequest)
2026-03-17 22:51:35,768 [INFO] [restartedMain] o.s.w.s.mvc.method.annotation.RequestMappingHandlerMapping [AbstractHandlerMethodMapping.java : 549] Mapped "{[/api/watch/wishList],methods=[GET]}" onto public com.zwk.movie_recommend.common.ResultView com.zwk.movie_recommend.controller.WatchStatusController.getWishList(javax.servlet.http.HttpServletRequest)
2026-03-17 22:51:35,769 [INFO] [restartedMain] o.s.w.s.mvc.method.annotation.RequestMappingHandlerMapping [AbstractHandlerMethodMapping.java : 549] Mapped "{[/api/watch/status],methods=[GET]}" onto public com.zwk.movie_recommend.common.ResultView com.zwk.movie_recommend.controller.WatchStatusController.getWatchStatus(java.lang.Long,javax.servlet.http.HttpServletRequest)
2026-03-17 22:51:35,769 [INFO] [restartedMain] o.s.w.s.mvc.method.annotation.RequestMappingHandlerMapping [AbstractHandlerMethodMapping.java : 549] Mapped "{[/api/watch/watchingList],methods=[GET]}" onto public com.zwk.movie_recommend.common.ResultView com.zwk.movie_recommend.controller.WatchStatusController.getWatchingList(javax.servlet.http.HttpServletRequest)
2026-03-17 22:51:35,769 [INFO] [restartedMain] o.s.w.s.mvc.method.annotation.RequestMappingHandlerMapping [AbstractHandlerMethodMapping.java : 549] Mapped "{[/api/watch/watchedList],methods=[GET]}" onto public com.zwk.movie_recommend.common.ResultView com.zwk.movie_recommend.controller.WatchStatusController.getWatchedList(javax.servlet.http.HttpServletRequest)
2026-03-17 22:51:35,769 [INFO] [restartedMain] o.s.w.s.mvc.method.annotation.RequestMappingHandlerMapping [AbstractHandlerMethodMapping.java : 549] Mapped "{[/api/watch/remove],methods=[POST]}" onto public com.zwk.movie_recommend.common.ResultView com.zwk.movie_recommend.controller.WatchStatusController.removeWatchStatus(java.lang.Long,javax.servlet.http.HttpServletRequest)
2026-03-17 22:51:35,771 [INFO] [restartedMain] o.s.w.s.mvc.method.annotation.RequestMappingHandlerMapping [AbstractHandlerMethodMapping.java : 549] Mapped "{[/v2/api-docs],methods=[GET],produces=[application/json || application/hal+json]}" onto public org.springframework.http.ResponseEntity<springfox.documentation.spring.web.json.Json> springfox.documentation.swagger2.web.Swagger2Controller.getDocumentation(java.lang.String,javax.servlet.http.HttpServletRequest)
2026-03-17 22:51:35,776 [INFO] [restartedMain] o.s.w.s.mvc.method.annotation.RequestMappingHandlerMapping [AbstractHandlerMethodMapping.java : 549] Mapped "{[/configuration/security]}" onto org.springframework.http.ResponseEntity<springfox.documentation.swagger.web.SecurityConfiguration> springfox.documentation.swagger.web.ApiResourceController.securityConfiguration()
2026-03-17 22:51:35,776 [INFO] [restartedMain] o.s.w.s.mvc.method.annotation.RequestMappingHandlerMapping [AbstractHandlerMethodMapping.java : 549] Mapped "{[/configuration/ui]}" onto org.springframework.http.ResponseEntity<springfox.documentation.swagger.web.UiConfiguration> springfox.documentation.swagger.web.ApiResourceController.uiConfiguration()
2026-03-17 22:51:35,777 [INFO] [restartedMain] o.s.w.s.mvc.method.annotation.RequestMappingHandlerMapping [AbstractHandlerMethodMapping.java : 549] Mapped "{[/swagger-resources]}" onto org.springframework.http.ResponseEntity<java.util.List<springfox.documentation.swagger.web.SwaggerResource>> springfox.documentation.swagger.web.ApiResourceController.swaggerResources()
2026-03-17 22:51:35,780 [INFO] [restartedMain] o.s.w.s.mvc.method.annotation.RequestMappingHandlerMapping [AbstractHandlerMethodMapping.java : 549] Mapped "{[/error]}" onto public org.springframework.http.ResponseEntity<java.util.Map<java.lang.String, java.lang.Object>> org.springframework.boot.autoconfigure.web.servlet.error.BasicErrorController.error(javax.servlet.http.HttpServletRequest)
2026-03-17 22:51:35,782 [INFO] [restartedMain] o.s.w.s.mvc.method.annotation.RequestMappingHandlerMapping [AbstractHandlerMethodMapping.java : 549] Mapped "{[/error],produces=[text/html]}" onto public org.springframework.web.servlet.ModelAndView org.springframework.boot.autoconfigure.web.servlet.error.BasicErrorController.errorHtml(javax.servlet.http.HttpServletRequest,javax.servlet.http.HttpServletResponse)
2026-03-17 22:51:35,960 [INFO] [restartedMain] com.zwk.movie_recommend.config.RedisConfig [RedisConfig.java : 47] ===================JedisPool注入成功===================
2026-03-17 22:51:35,962 [INFO] [restartedMain] com.zwk.movie_recommend.config.RedisConfig [RedisConfig.java : 48] ============redis地址：127.0.0.1:6379===========
2026-03-17 22:51:36,028 [INFO] [restartedMain] com.zwk.movie_recommend.config.RedisConfig [RedisConfig.java : 62] ===================redis初始化!!!===================
2026-03-17 22:51:36,269 [INFO] [restartedMain] o.s.web.servlet.handler.SimpleUrlHandlerMapping [AbstractUrlHandlerMapping.java : 373] Mapped URL path [/**/favicon.ico] onto handler of type [class org.springframework.web.servlet.resource.ResourceHttpRequestHandler]
2026-03-17 22:51:36,563 [INFO] [restartedMain] o.s.w.s.mvc.method.annotation.RequestMappingHandlerAdapter [RequestMappingHandlerAdapter.java : 588] Looking for @ControllerAdvice: org.springframework.boot.web.servlet.context.AnnotationConfigServletWebServerApplicationContext@52012253: startup date [Tue Mar 17 22:51:28 CST 2026]; root of context hierarchy
2026-03-17 22:51:36,631 [INFO] [restartedMain] o.s.web.servlet.handler.SimpleUrlHandlerMapping [AbstractUrlHandlerMapping.java : 360] Root mapping to handler of type [class org.springframework.web.servlet.mvc.ParameterizableViewController]
2026-03-17 22:51:36,655 [INFO] [restartedMain] o.s.web.servlet.handler.SimpleUrlHandlerMapping [AbstractUrlHandlerMapping.java : 373] Mapped URL path [/webjars/**] onto handler of type [class org.springframework.web.servlet.resource.ResourceHttpRequestHandler]
2026-03-17 22:51:36,656 [INFO] [restartedMain] o.s.web.servlet.handler.SimpleUrlHandlerMapping [AbstractUrlHandlerMapping.java : 373] Mapped URL path [/**] onto handler of type [class org.springframework.web.servlet.resource.ResourceHttpRequestHandler]
2026-03-17 22:51:36,688 [INFO] [restartedMain] o.s.w.s.m.m.annotation.ExceptionHandlerExceptionResolver [ExceptionHandlerExceptionResolver.java : 288] Detected @ExceptionHandler methods in baseException
2026-03-17 22:51:37,310 [INFO] [restartedMain] org.springframework.ui.freemarker.SpringTemplateLoader [SpringTemplateLoader.java : 62] SpringTemplateLoader for FreeMarker: using resource loader [org.springframework.boot.web.servlet.context.AnnotationConfigServletWebServerApplicationContext@52012253: startup date [Tue Mar 17 22:51:28 CST 2026]; root of context hierarchy] and template loader path [classpath:/templates/]
2026-03-17 22:51:37,313 [INFO] [restartedMain] o.s.web.servlet.view.freemarker.FreeMarkerConfigurer [FreeMarkerConfigurer.java : 131] ClassTemplateLoader for Spring macros added to FreeMarker configuration
2026-03-17 22:51:37,590 [INFO] [restartedMain] o.s.boot.devtools.autoconfigure.OptionalLiveReloadServer [OptionalLiveReloadServer.java : 57] LiveReload server is running on port 35729
2026-03-17 22:51:37,647 [INFO] [restartedMain] o.s.jmx.export.annotation.AnnotationMBeanExporter [MBeanExporter.java : 433] Registering beans for JMX exposure on startup
2026-03-17 22:51:37,650 [INFO] [restartedMain] o.s.jmx.export.annotation.AnnotationMBeanExporter [MBeanExporter.java : 895] Bean with name 'statFilter' has been autodetected for JMX exposure
2026-03-17 22:51:37,650 [INFO] [restartedMain] o.s.jmx.export.annotation.AnnotationMBeanExporter [MBeanExporter.java : 895] Bean with name 'dataSource' has been autodetected for JMX exposure
2026-03-17 22:51:37,661 [INFO] [restartedMain] o.s.jmx.export.annotation.AnnotationMBeanExporter [MBeanExporter.java : 668] Located MBean 'dataSource': registering with JMX server as MBean [com.alibaba.druid.spring.boot.autoconfigure:name=dataSource,type=DruidDataSourceWrapper]
2026-03-17 22:51:37,661 [INFO] [restartedMain] o.s.jmx.export.annotation.AnnotationMBeanExporter [MBeanExporter.java : 668] Located MBean 'statFilter': registering with JMX server as MBean [com.alibaba.druid.filter.stat:name=statFilter,type=StatFilter]
2026-03-17 22:51:37,682 [INFO] [restartedMain] o.s.s.annotation.ScheduledAnnotationBeanPostProcessor [ScheduledAnnotationBeanPostProcessor.java : 276] No TaskScheduler/ScheduledExecutorService bean found for scheduled processing
2026-03-17 22:51:37,697 [INFO] [restartedMain] s.d.spring.web.plugins.DocumentationPluginsBootstrapper [DocumentationPluginsBootstrapper.java : 84] Context refreshed
2026-03-17 22:51:37,743 [INFO] [restartedMain] s.d.spring.web.plugins.DocumentationPluginsBootstrapper [DocumentationPluginsBootstrapper.java : 87] Found 1 custom documentation plugin(s)
2026-03-17 22:51:37,769 [INFO] [restartedMain] s.d.spring.web.scanners.ApiListingReferenceScanner [ApiListingReferenceScanner.java : 44] Scanning for api listing references
2026-03-17 22:51:38,346 [INFO] [restartedMain] org.springframework.boot.web.embedded.tomcat.TomcatWebServer [TomcatWebServer.java : 206] Tomcat started on port(s): 8010 (http) with context path '/movie-recommend-api'
2026-03-17 22:51:38,357 [INFO] [restartedMain] com.zwk.movie_recommend.MovieRecommendApiApplication [StartupInfoLogger.java : 59] Started MovieRecommendApiApplication in 10.638 seconds (JVM running for 12.943)
2026-03-17 22:51:38,360 [INFO] [restartedMain] com.zwk.movie_recommend.redis.CacheData [CacheData.java : 63] 开始初始化缓存数据
2026-03-17 22:51:38,360 [INFO] [restartedMain] com.zwk.movie_recommend.redis.CacheData [CacheData.java : 64] -----------------
2026-03-17 22:51:38,444 [DEBUG] [restartedMain] com.zwk.movie_recommend.dao.MovieDao.getAllMovie [BaseJdbcLogger.java : 159] ==>  Preparing: select * from movie where 1=1 
2026-03-17 22:51:38,566 [DEBUG] [restartedMain] com.zwk.movie_recommend.dao.MovieDao.getAllMovie [BaseJdbcLogger.java : 159] ==> Parameters: 
2026-03-17 22:51:38,708 [DEBUG] [restartedMain] com.zwk.movie_recommend.dao.MovieDao.getAllMovie [BaseJdbcLogger.java : 159] <==      Total: 30
2026-03-17 22:51:38,773 [DEBUG] [restartedMain] com.zwk.movie_recommend.dao.MovieSimilarDao.getList [BaseJdbcLogger.java : 159] ==>  Preparing: select * from movie_similar where 1=1 
2026-03-17 22:51:38,773 [DEBUG] [restartedMain] com.zwk.movie_recommend.dao.MovieSimilarDao.getList [BaseJdbcLogger.java : 159] ==> Parameters: 
2026-03-17 22:51:38,783 [DEBUG] [restartedMain] com.zwk.movie_recommend.dao.MovieSimilarDao.getList [BaseJdbcLogger.java : 159] <==      Total: 90
2026-03-17 22:51:38,791 [DEBUG] [restartedMain] com.zwk.movie_recommend.dao.MovieTagRelationDao.getList [BaseJdbcLogger.java : 159] ==>  Preparing: select * from movie_tag_relation where 1=1 
2026-03-17 22:51:38,791 [DEBUG] [restartedMain] com.zwk.movie_recommend.dao.MovieTagRelationDao.getList [BaseJdbcLogger.java : 159] ==> Parameters: 
2026-03-17 22:51:38,800 [DEBUG] [restartedMain] com.zwk.movie_recommend.dao.MovieTagRelationDao.getList [BaseJdbcLogger.java : 159] <==      Total: 88
2026-03-17 22:51:38,801 [INFO] [restartedMain] com.zwk.movie_recommend.redis.CacheData [CacheData.java : 68] 开始初始化电影数据···
2026-03-17 22:51:39,329 [INFO] [restartedMain] io.lettuce.core.EpollProvider [Slf4JLogger.java : 101] Starting without optional epoll library
2026-03-17 22:51:39,334 [INFO] [restartedMain] io.lettuce.core.KqueueProvider [Slf4JLogger.java : 101] Starting without optional kqueue library
2026-03-17 22:51:40,901 [INFO] [restartedMain] com.zwk.movie_recommend.redis.CacheData [CacheData.java : 73] 结束初始化电影数据
2026-03-17 22:51:40,901 [INFO] [restartedMain] com.zwk.movie_recommend.redis.CacheData [CacheData.java : 74] ·········
2026-03-17 22:51:40,902 [INFO] [restartedMain] com.zwk.movie_recommend.redis.CacheData [CacheData.java : 75] 开始初始化电影相似度数据···
2026-03-17 22:51:40,997 [INFO] [restartedMain] com.zwk.movie_recommend.redis.CacheData [CacheData.java : 80] 结束初始化电影相似度数据···
2026-03-17 22:51:40,997 [INFO] [restartedMain] com.zwk.movie_recommend.redis.CacheData [CacheData.java : 81] ·········
2026-03-17 22:51:40,997 [INFO] [restartedMain] com.zwk.movie_recommend.redis.CacheData [CacheData.java : 82] 开始初始化电影标签数据···
2026-03-17 22:51:41,061 [INFO] [restartedMain] com.zwk.movie_recommend.redis.CacheData [CacheData.java : 87] 结束初始化电影标签数据···
2026-03-17 22:51:47,983 [INFO] [http-nio-8010-exec-1] o.a.c.c.C.[Tomcat].[localhost].[/movie-recommend-api] [DirectJDKLog.java : 180] Initializing Spring FrameworkServlet 'dispatcherServlet'
2026-03-17 22:51:47,983 [INFO] [http-nio-8010-exec-1] org.springframework.web.servlet.DispatcherServlet [FrameworkServlet.java : 494] FrameworkServlet 'dispatcherServlet': initialization started
2026-03-17 22:51:48,019 [INFO] [http-nio-8010-exec-1] org.springframework.web.servlet.DispatcherServlet [FrameworkServlet.java : 509] FrameworkServlet 'dispatcherServlet': initialization completed in 35 ms
2026-03-17 22:51:51,049 [DEBUG] [http-nio-8010-exec-1] com.zwk.movie_recommend.dao.UserDao.getUser [BaseJdbcLogger.java : 159] ==>  Preparing: select * from user where 1=1 and user_password= '0:0:0:0:0:0:0:1' 
2026-03-17 22:51:51,051 [DEBUG] [http-nio-8010-exec-1] com.zwk.movie_recommend.dao.UserDao.getUser [BaseJdbcLogger.java : 159] ==> Parameters: 
2026-03-17 22:51:51,055 [DEBUG] [http-nio-8010-exec-1] com.zwk.movie_recommend.dao.UserDao.getUser [BaseJdbcLogger.java : 159] <==      Total: 1
2026-03-17 22:51:51,058 [DEBUG] [http-nio-8010-exec-1] com.zwk.movie_recommend.dao.SearchRecordDao.getSearchRecord [BaseJdbcLogger.java : 159] ==>  Preparing: select m.* from movie m LEFT JOIN search_record sr on sr.movie_id=m.movie_id where sr.user_id=21 
2026-03-17 22:51:51,059 [DEBUG] [http-nio-8010-exec-1] com.zwk.movie_recommend.dao.SearchRecordDao.getSearchRecord [BaseJdbcLogger.java : 159] ==> Parameters: 
2026-03-17 22:51:51,061 [DEBUG] [http-nio-8010-exec-1] com.zwk.movie_recommend.dao.SearchRecordDao.getSearchRecord [BaseJdbcLogger.java : 159] <==      Total: 0
2026-03-17 22:51:51,065 [DEBUG] [http-nio-8010-exec-1] com.zwk.movie_recommend.dao.HeatMovieDao.getTop10List [BaseJdbcLogger.java : 159] ==>  Preparing: select m.* from heat_movie hm left JOIN movie m on hm.movie_id=m.movie_id ORDER BY hm.update_date desc limit 0,10 
2026-03-17 22:51:51,065 [DEBUG] [http-nio-8010-exec-1] com.zwk.movie_recommend.dao.HeatMovieDao.getTop10List [BaseJdbcLogger.java : 159] ==> Parameters: 
2026-03-17 22:51:51,068 [DEBUG] [http-nio-8010-exec-1] com.zwk.movie_recommend.dao.HeatMovieDao.getTop10List [BaseJdbcLogger.java : 159] <==      Total: 10
2026-03-17 23:00:00,024 [INFO] [pool-1-thread-1] com.zwk.movie_recommend.config.CacheDataTask [CacheDataTask.java : 25] 缓存定时任务执行开始
2026-03-17 23:00:00,025 [INFO] [pool-1-thread-1] com.zwk.movie_recommend.redis.CacheData [CacheData.java : 63] 开始初始化缓存数据
2026-03-17 23:00:00,025 [INFO] [pool-1-thread-1] com.zwk.movie_recommend.redis.CacheData [CacheData.java : 64] -----------------
2026-03-17 23:00:00,035 [ERROR] [pool-1-thread-1] o.s.scheduling.support.TaskUtils$LoggingErrorHandler [TaskUtils.java : 96] Unexpected error occurred in scheduled task.
java.lang.NullPointerException: null
	at com.zwk.movie_recommend.redis.CacheData.init(CacheData.java:65)
	at com.zwk.movie_recommend.redis.CacheData.refreshCacheAll(CacheData.java:91)
	at com.zwk.movie_recommend.config.CacheDataTask.refreshCache(CacheDataTask.java:26)
	at sun.reflect.NativeMethodAccessorImpl.invoke0(Native Method)
	at sun.reflect.NativeMethodAccessorImpl.invoke(NativeMethodAccessorImpl.java:62)
	at sun.reflect.DelegatingMethodAccessorImpl.invoke(DelegatingMethodAccessorImpl.java:43)
	at java.lang.reflect.Method.invoke(Method.java:498)
	at org.springframework.scheduling.support.ScheduledMethodRunnable.run(ScheduledMethodRunnable.java:84)
	at org.springframework.scheduling.support.DelegatingErrorHandlingRunnable.run(DelegatingErrorHandlingRunnable.java:54)
	at org.springframework.scheduling.concurrent.ReschedulingRunnable.run(ReschedulingRunnable.java:93)
	at java.util.concurrent.Executors$RunnableAdapter.call(Executors.java:511)
	at java.util.concurrent.FutureTask.run$$$capture(FutureTask.java:266)
	at java.util.concurrent.FutureTask.run(FutureTask.java)
	at java.util.concurrent.ScheduledThreadPoolExecutor$ScheduledFutureTask.access$201(ScheduledThreadPoolExecutor.java:180)
	at java.util.concurrent.ScheduledThreadPoolExecutor$ScheduledFutureTask.run(ScheduledThreadPoolExecutor.java:293)
	at java.util.concurrent.ThreadPoolExecutor.runWorker(ThreadPoolExecutor.java:1149)
	at java.util.concurrent.ThreadPoolExecutor$Worker.run(ThreadPoolExecutor.java:624)
	at java.lang.Thread.run(Thread.java:748)
2026-03-17 23:00:34,232 [INFO] [Thread-26] o.s.b.w.s.c.AnnotationConfigServletWebServerApplicationContext [AbstractApplicationContext.java : 993] Closing org.springframework.boot.web.servlet.context.AnnotationConfigServletWebServerApplicationContext@52012253: startup date [Tue Mar 17 22:51:28 CST 2026]; root of context hierarchy
2026-03-17 23:00:34,243 [INFO] [Thread-26] o.s.jmx.export.annotation.AnnotationMBeanExporter [MBeanExporter.java : 451] Unregistering JMX-exposed beans on shutdown
2026-03-17 23:00:34,245 [INFO] [Thread-26] o.s.jmx.export.annotation.AnnotationMBeanExporter [MBeanRegistrationSupport.java : 185] Unregistering JMX-exposed beans
2026-03-17 23:00:34,248 [DEBUG] [Thread-26] com.zwk.movie_recommend.utils.SpringContextHolder [SpringContextHolder.java : 56] 清除SpringContextHolder中的ApplicationContext:org.springframework.boot.web.servlet.context.AnnotationConfigServletWebServerApplicationContext@52012253: startup date [Tue Mar 17 22:51:28 CST 2026]; root of context hierarchy
2026-03-17 23:00:35,504 [INFO] [Thread-26] com.alibaba.druid.pool.DruidDataSource [DruidDataSource.java : 1825] {dataSource-1} closed
2026-03-17 23:00:36,495 [INFO] [restartedMain] com.zwk.movie_recommend.MovieRecommendApiApplication [StartupInfoLogger.java : 50] Starting MovieRecommendApiApplication on zwk with PID 7804 (D:\code\java\movie_recommend_system\movie-recommend-api\target\classes started by win10 in D:\code\java\movie_recommend_system)
2026-03-17 23:00:36,497 [DEBUG] [restartedMain] com.zwk.movie_recommend.MovieRecommendApiApplication [StartupInfoLogger.java : 53] Running with Spring Boot v2.0.5.RELEASE, Spring v5.0.9.RELEASE
2026-03-17 23:00:36,497 [INFO] [restartedMain] com.zwk.movie_recommend.MovieRecommendApiApplication [SpringApplication.java : 680] No active profile set, falling back to default profiles: default
2026-03-17 23:00:36,501 [INFO] [restartedMain] org.springframework.core.annotation.AnnotationUtils [AnnotationUtils.java : 1948] Failed to introspect annotations on class com.zwk.movie_recommend.MovieRecommendApiApplication: java.lang.ArrayStoreException: sun.reflect.annotation.TypeNotPresentExceptionProxy
2026-03-17 23:00:36,520 [ERROR] [restartedMain] org.springframework.boot.SpringApplication [SpringApplication.java : 863] Application run failed
java.lang.ArrayStoreException: sun.reflect.annotation.TypeNotPresentExceptionProxy
	at sun.reflect.annotation.AnnotationParser.parseClassArray(AnnotationParser.java:724)
	at sun.reflect.annotation.AnnotationParser.parseArray(AnnotationParser.java:531)
	at sun.reflect.annotation.AnnotationParser.parseMemberValue(AnnotationParser.java:355)
	at sun.reflect.annotation.AnnotationParser.parseAnnotation2(AnnotationParser.java:286)
	at sun.reflect.annotation.AnnotationParser.parseAnnotations2(AnnotationParser.java:120)
	at sun.reflect.annotation.AnnotationParser.parseAnnotations(AnnotationParser.java:72)
	at java.lang.Class.createAnnotationData(Class.java:3521)
	at java.lang.Class.annotationData(Class.java:3510)
	at java.lang.Class.getAnnotations(Class.java:3446)
	at org.springframework.core.type.StandardAnnotationMetadata.<init>(StandardAnnotationMetadata.java:70)
	at org.springframework.beans.factory.annotation.AnnotatedGenericBeanDefinition.<init>(AnnotatedGenericBeanDefinition.java:58)
	at org.springframework.context.annotation.AnnotatedBeanDefinitionReader.doRegisterBean(AnnotatedBeanDefinitionReader.java:216)
	at org.springframework.context.annotation.AnnotatedBeanDefinitionReader.registerBean(AnnotatedBeanDefinitionReader.java:145)
	at org.springframework.context.annotation.AnnotatedBeanDefinitionReader.register(AnnotatedBeanDefinitionReader.java:135)
	at org.springframework.boot.BeanDefinitionLoader.load(BeanDefinitionLoader.java:158)
	at org.springframework.boot.BeanDefinitionLoader.load(BeanDefinitionLoader.java:135)
	at org.springframework.boot.BeanDefinitionLoader.load(BeanDefinitionLoader.java:127)
	at org.springframework.boot.SpringApplication.load(SpringApplication.java:722)
	at org.springframework.boot.SpringApplication.prepareContext(SpringApplication.java:407)
	at org.springframework.boot.SpringApplication.run(SpringApplication.java:331)
	at org.springframework.boot.SpringApplication.run(SpringApplication.java:1277)
	at org.springframework.boot.SpringApplication.run(SpringApplication.java:1265)
	at com.zwk.movie_recommend.MovieRecommendApiApplication.main(MovieRecommendApiApplication.java:29)
	at sun.reflect.NativeMethodAccessorImpl.invoke0(Native Method)
	at sun.reflect.NativeMethodAccessorImpl.invoke(NativeMethodAccessorImpl.java:62)
	at sun.reflect.DelegatingMethodAccessorImpl.invoke(DelegatingMethodAccessorImpl.java:43)
	at java.lang.reflect.Method.invoke(Method.java:498)
	at org.springframework.boot.devtools.restart.RestartLauncher.run(RestartLauncher.java:49)
2026-03-17 23:01:35,751 [INFO] [restartedMain] com.zwk.movie_recommend.MovieRecommendApiApplication [StartupInfoLogger.java : 50] Starting MovieRecommendApiApplication on zwk with PID 7804 (D:\code\java\movie_recommend_system\movie-recommend-api\target\classes started by win10 in D:\code\java\movie_recommend_system)
2026-03-17 23:01:35,751 [DEBUG] [restartedMain] com.zwk.movie_recommend.MovieRecommendApiApplication [StartupInfoLogger.java : 53] Running with Spring Boot v2.0.5.RELEASE, Spring v5.0.9.RELEASE
2026-03-17 23:01:35,751 [INFO] [restartedMain] com.zwk.movie_recommend.MovieRecommendApiApplication [SpringApplication.java : 680] No active profile set, falling back to default profiles: default
2026-03-17 23:01:35,757 [INFO] [restartedMain] org.springframework.core.annotation.AnnotationUtils [AnnotationUtils.java : 1948] Failed to introspect annotations on class com.zwk.movie_recommend.MovieRecommendApiApplication: java.lang.ArrayStoreException: sun.reflect.annotation.TypeNotPresentExceptionProxy
2026-03-17 23:01:35,760 [ERROR] [restartedMain] org.springframework.boot.SpringApplication [SpringApplication.java : 863] Application run failed
java.lang.ArrayStoreException: sun.reflect.annotation.TypeNotPresentExceptionProxy
	at sun.reflect.annotation.AnnotationParser.parseClassArray(AnnotationParser.java:724)
	at sun.reflect.annotation.AnnotationParser.parseArray(AnnotationParser.java:531)
	at sun.reflect.annotation.AnnotationParser.parseMemberValue(AnnotationParser.java:355)
	at sun.reflect.annotation.AnnotationParser.parseAnnotation2(AnnotationParser.java:286)
	at sun.reflect.annotation.AnnotationParser.parseAnnotations2(AnnotationParser.java:120)
	at sun.reflect.annotation.AnnotationParser.parseAnnotations(AnnotationParser.java:72)
	at java.lang.Class.createAnnotationData(Class.java:3521)
	at java.lang.Class.annotationData(Class.java:3510)
	at java.lang.Class.getAnnotations(Class.java:3446)
	at org.springframework.core.type.StandardAnnotationMetadata.<init>(StandardAnnotationMetadata.java:70)
	at org.springframework.beans.factory.annotation.AnnotatedGenericBeanDefinition.<init>(AnnotatedGenericBeanDefinition.java:58)
	at org.springframework.context.annotation.AnnotatedBeanDefinitionReader.doRegisterBean(AnnotatedBeanDefinitionReader.java:216)
	at org.springframework.context.annotation.AnnotatedBeanDefinitionReader.registerBean(AnnotatedBeanDefinitionReader.java:145)
	at org.springframework.context.annotation.AnnotatedBeanDefinitionReader.register(AnnotatedBeanDefinitionReader.java:135)
	at org.springframework.boot.BeanDefinitionLoader.load(BeanDefinitionLoader.java:158)
	at org.springframework.boot.BeanDefinitionLoader.load(BeanDefinitionLoader.java:135)
	at org.springframework.boot.BeanDefinitionLoader.load(BeanDefinitionLoader.java:127)
	at org.springframework.boot.SpringApplication.load(SpringApplication.java:722)
	at org.springframework.boot.SpringApplication.prepareContext(SpringApplication.java:407)
	at org.springframework.boot.SpringApplication.run(SpringApplication.java:331)
	at org.springframework.boot.SpringApplication.run(SpringApplication.java:1277)
	at org.springframework.boot.SpringApplication.run(SpringApplication.java:1265)
	at com.zwk.movie_recommend.MovieRecommendApiApplication.main(MovieRecommendApiApplication.java:29)
	at sun.reflect.NativeMethodAccessorImpl.invoke0(Native Method)
	at sun.reflect.NativeMethodAccessorImpl.invoke(NativeMethodAccessorImpl.java:62)
	at sun.reflect.DelegatingMethodAccessorImpl.invoke(DelegatingMethodAccessorImpl.java:43)
	at java.lang.reflect.Method.invoke(Method.java:498)
	at org.springframework.boot.devtools.restart.RestartLauncher.run(RestartLauncher.java:49)
2026-03-17 23:02:11,040 [INFO] [restartedMain] com.zwk.movie_recommend.MovieRecommendApiApplication [StartupInfoLogger.java : 50] Starting MovieRecommendApiApplication on zwk with PID 7804 (D:\code\java\movie_recommend_system\movie-recommend-api\target\classes started by win10 in D:\code\java\movie_recommend_system)
2026-03-17 23:02:11,042 [DEBUG] [restartedMain] com.zwk.movie_recommend.MovieRecommendApiApplication [StartupInfoLogger.java : 53] Running with Spring Boot v2.0.5.RELEASE, Spring v5.0.9.RELEASE
2026-03-17 23:02:11,043 [INFO] [restartedMain] com.zwk.movie_recommend.MovieRecommendApiApplication [SpringApplication.java : 680] No active profile set, falling back to default profiles: default
2026-03-17 23:02:11,052 [INFO] [restartedMain] org.springframework.core.annotation.AnnotationUtils [AnnotationUtils.java : 1948] Failed to introspect annotations on class com.zwk.movie_recommend.MovieRecommendApiApplication: java.lang.ArrayStoreException: sun.reflect.annotation.TypeNotPresentExceptionProxy
2026-03-17 23:02:11,057 [ERROR] [restartedMain] org.springframework.boot.SpringApplication [SpringApplication.java : 863] Application run failed
java.lang.ArrayStoreException: sun.reflect.annotation.TypeNotPresentExceptionProxy
	at sun.reflect.annotation.AnnotationParser.parseClassArray(AnnotationParser.java:724)
	at sun.reflect.annotation.AnnotationParser.parseArray(AnnotationParser.java:531)
	at sun.reflect.annotation.AnnotationParser.parseMemberValue(AnnotationParser.java:355)
	at sun.reflect.annotation.AnnotationParser.parseAnnotation2(AnnotationParser.java:286)
	at sun.reflect.annotation.AnnotationParser.parseAnnotations2(AnnotationParser.java:120)
	at sun.reflect.annotation.AnnotationParser.parseAnnotations(AnnotationParser.java:72)
	at java.lang.Class.createAnnotationData(Class.java:3521)
	at java.lang.Class.annotationData(Class.java:3510)
	at java.lang.Class.getAnnotations(Class.java:3446)
	at org.springframework.core.type.StandardAnnotationMetadata.<init>(StandardAnnotationMetadata.java:70)
	at org.springframework.beans.factory.annotation.AnnotatedGenericBeanDefinition.<init>(AnnotatedGenericBeanDefinition.java:58)
	at org.springframework.context.annotation.AnnotatedBeanDefinitionReader.doRegisterBean(AnnotatedBeanDefinitionReader.java:216)
	at org.springframework.context.annotation.AnnotatedBeanDefinitionReader.registerBean(AnnotatedBeanDefinitionReader.java:145)
	at org.springframework.context.annotation.AnnotatedBeanDefinitionReader.register(AnnotatedBeanDefinitionReader.java:135)
	at org.springframework.boot.BeanDefinitionLoader.load(BeanDefinitionLoader.java:158)
	at org.springframework.boot.BeanDefinitionLoader.load(BeanDefinitionLoader.java:135)
	at org.springframework.boot.BeanDefinitionLoader.load(BeanDefinitionLoader.java:127)
	at org.springframework.boot.SpringApplication.load(SpringApplication.java:722)
	at org.springframework.boot.SpringApplication.prepareContext(SpringApplication.java:407)
	at org.springframework.boot.SpringApplication.run(SpringApplication.java:331)
	at org.springframework.boot.SpringApplication.run(SpringApplication.java:1277)
	at org.springframework.boot.SpringApplication.run(SpringApplication.java:1265)
	at com.zwk.movie_recommend.MovieRecommendApiApplication.main(MovieRecommendApiApplication.java:29)
	at sun.reflect.NativeMethodAccessorImpl.invoke0(Native Method)
	at sun.reflect.NativeMethodAccessorImpl.invoke(NativeMethodAccessorImpl.java:62)
	at sun.reflect.DelegatingMethodAccessorImpl.invoke(DelegatingMethodAccessorImpl.java:43)
	at java.lang.reflect.Method.invoke(Method.java:498)
	at org.springframework.boot.devtools.restart.RestartLauncher.run(RestartLauncher.java:49)
2026-03-17 23:02:18,101 [INFO] [restartedMain] com.zwk.movie_recommend.MovieRecommendApiApplication [StartupInfoLogger.java : 50] Starting MovieRecommendApiApplication on zwk with PID 7804 (D:\code\java\movie_recommend_system\movie-recommend-api\target\classes started by win10 in D:\code\java\movie_recommend_system)
2026-03-17 23:02:18,102 [DEBUG] [restartedMain] com.zwk.movie_recommend.MovieRecommendApiApplication [StartupInfoLogger.java : 53] Running with Spring Boot v2.0.5.RELEASE, Spring v5.0.9.RELEASE
2026-03-17 23:02:18,102 [INFO] [restartedMain] com.zwk.movie_recommend.MovieRecommendApiApplication [SpringApplication.java : 680] No active profile set, falling back to default profiles: default
2026-03-17 23:02:18,106 [INFO] [restartedMain] org.springframework.core.annotation.AnnotationUtils [AnnotationUtils.java : 1948] Failed to introspect annotations on class com.zwk.movie_recommend.MovieRecommendApiApplication: java.lang.ArrayStoreException: sun.reflect.annotation.TypeNotPresentExceptionProxy
2026-03-17 23:02:18,108 [ERROR] [restartedMain] org.springframework.boot.SpringApplication [SpringApplication.java : 863] Application run failed
java.lang.ArrayStoreException: sun.reflect.annotation.TypeNotPresentExceptionProxy
	at sun.reflect.annotation.AnnotationParser.parseClassArray(AnnotationParser.java:724)
	at sun.reflect.annotation.AnnotationParser.parseArray(AnnotationParser.java:531)
	at sun.reflect.annotation.AnnotationParser.parseMemberValue(AnnotationParser.java:355)
	at sun.reflect.annotation.AnnotationParser.parseAnnotation2(AnnotationParser.java:286)
	at sun.reflect.annotation.AnnotationParser.parseAnnotations2(AnnotationParser.java:120)
	at sun.reflect.annotation.AnnotationParser.parseAnnotations(AnnotationParser.java:72)
	at java.lang.Class.createAnnotationData(Class.java:3521)
	at java.lang.Class.annotationData(Class.java:3510)
	at java.lang.Class.getAnnotations(Class.java:3446)
	at org.springframework.core.type.StandardAnnotationMetadata.<init>(StandardAnnotationMetadata.java:70)
	at org.springframework.beans.factory.annotation.AnnotatedGenericBeanDefinition.<init>(AnnotatedGenericBeanDefinition.java:58)
	at org.springframework.context.annotation.AnnotatedBeanDefinitionReader.doRegisterBean(AnnotatedBeanDefinitionReader.java:216)
	at org.springframework.context.annotation.AnnotatedBeanDefinitionReader.registerBean(AnnotatedBeanDefinitionReader.java:145)
	at org.springframework.context.annotation.AnnotatedBeanDefinitionReader.register(AnnotatedBeanDefinitionReader.java:135)
	at org.springframework.boot.BeanDefinitionLoader.load(BeanDefinitionLoader.java:158)
	at org.springframework.boot.BeanDefinitionLoader.load(BeanDefinitionLoader.java:135)
	at org.springframework.boot.BeanDefinitionLoader.load(BeanDefinitionLoader.java:127)
	at org.springframework.boot.SpringApplication.load(SpringApplication.java:722)
	at org.springframework.boot.SpringApplication.prepareContext(SpringApplication.java:407)
	at org.springframework.boot.SpringApplication.run(SpringApplication.java:331)
	at org.springframework.boot.SpringApplication.run(SpringApplication.java:1277)
	at org.springframework.boot.SpringApplication.run(SpringApplication.java:1265)
	at com.zwk.movie_recommend.MovieRecommendApiApplication.main(MovieRecommendApiApplication.java:29)
	at sun.reflect.NativeMethodAccessorImpl.invoke0(Native Method)
	at sun.reflect.NativeMethodAccessorImpl.invoke(NativeMethodAccessorImpl.java:62)
	at sun.reflect.DelegatingMethodAccessorImpl.invoke(DelegatingMethodAccessorImpl.java:43)
	at java.lang.reflect.Method.invoke(Method.java:498)
	at org.springframework.boot.devtools.restart.RestartLauncher.run(RestartLauncher.java:49)
2026-03-17 23:03:17,153 [INFO] [restartedMain] com.zwk.movie_recommend.MovieRecommendApiApplication [StartupInfoLogger.java : 50] Starting MovieRecommendApiApplication on zwk with PID 21736 (D:\code\java\movie_recommend_system\movie-recommend-api\target\classes started by win10 in D:\code\java\movie_recommend_system)
2026-03-17 23:03:17,164 [DEBUG] [restartedMain] com.zwk.movie_recommend.MovieRecommendApiApplication [StartupInfoLogger.java : 53] Running with Spring Boot v2.0.5.RELEASE, Spring v5.0.9.RELEASE
2026-03-17 23:03:17,168 [INFO] [restartedMain] com.zwk.movie_recommend.MovieRecommendApiApplication [SpringApplication.java : 680] No active profile set, falling back to default profiles: default
2026-03-17 23:03:17,217 [INFO] [restartedMain] org.springframework.core.annotation.AnnotationUtils [AnnotationUtils.java : 1948] Failed to introspect annotations on class com.zwk.movie_recommend.MovieRecommendApiApplication: java.lang.ArrayStoreException: sun.reflect.annotation.TypeNotPresentExceptionProxy
2026-03-17 23:03:17,603 [ERROR] [restartedMain] org.springframework.boot.SpringApplication [SpringApplication.java : 863] Application run failed
java.lang.ArrayStoreException: sun.reflect.annotation.TypeNotPresentExceptionProxy
	at sun.reflect.annotation.AnnotationParser.parseClassArray(AnnotationParser.java:724)
	at sun.reflect.annotation.AnnotationParser.parseArray(AnnotationParser.java:531)
	at sun.reflect.annotation.AnnotationParser.parseMemberValue(AnnotationParser.java:355)
	at sun.reflect.annotation.AnnotationParser.parseAnnotation2(AnnotationParser.java:286)
	at sun.reflect.annotation.AnnotationParser.parseAnnotations2(AnnotationParser.java:120)
	at sun.reflect.annotation.AnnotationParser.parseAnnotations(AnnotationParser.java:72)
	at java.lang.Class.createAnnotationData(Class.java:3521)
	at java.lang.Class.annotationData(Class.java:3510)
	at java.lang.Class.getAnnotations(Class.java:3446)
	at org.springframework.core.type.StandardAnnotationMetadata.<init>(StandardAnnotationMetadata.java:70)
	at org.springframework.beans.factory.annotation.AnnotatedGenericBeanDefinition.<init>(AnnotatedGenericBeanDefinition.java:58)
	at org.springframework.context.annotation.AnnotatedBeanDefinitionReader.doRegisterBean(AnnotatedBeanDefinitionReader.java:216)
	at org.springframework.context.annotation.AnnotatedBeanDefinitionReader.registerBean(AnnotatedBeanDefinitionReader.java:145)
	at org.springframework.context.annotation.AnnotatedBeanDefinitionReader.register(AnnotatedBeanDefinitionReader.java:135)
	at org.springframework.boot.BeanDefinitionLoader.load(BeanDefinitionLoader.java:158)
	at org.springframework.boot.BeanDefinitionLoader.load(BeanDefinitionLoader.java:135)
	at org.springframework.boot.BeanDefinitionLoader.load(BeanDefinitionLoader.java:127)
	at org.springframework.boot.SpringApplication.load(SpringApplication.java:722)
	at org.springframework.boot.SpringApplication.prepareContext(SpringApplication.java:407)
	at org.springframework.boot.SpringApplication.run(SpringApplication.java:331)
	at org.springframework.boot.SpringApplication.run(SpringApplication.java:1277)
	at org.springframework.boot.SpringApplication.run(SpringApplication.java:1265)
	at com.zwk.movie_recommend.MovieRecommendApiApplication.main(MovieRecommendApiApplication.java:29)
	at sun.reflect.NativeMethodAccessorImpl.invoke0(Native Method)
	at sun.reflect.NativeMethodAccessorImpl.invoke(NativeMethodAccessorImpl.java:62)
	at sun.reflect.DelegatingMethodAccessorImpl.invoke(DelegatingMethodAccessorImpl.java:43)
	at java.lang.reflect.Method.invoke(Method.java:498)
	at org.springframework.boot.devtools.restart.RestartLauncher.run(RestartLauncher.java:49)
2026-03-17 23:04:55,514 [INFO] [restartedMain] com.zwk.movie_recommend.MovieRecommendApiApplication [StartupInfoLogger.java : 50] Starting MovieRecommendApiApplication on zwk with PID 10144 (D:\code\java\movie_recommend_system\movie-recommend-api\target\classes started by win10 in D:\code\java\movie_recommend_system)
2026-03-17 23:04:55,524 [DEBUG] [restartedMain] com.zwk.movie_recommend.MovieRecommendApiApplication [StartupInfoLogger.java : 53] Running with Spring Boot v2.0.5.RELEASE, Spring v5.0.9.RELEASE
2026-03-17 23:04:55,527 [INFO] [restartedMain] com.zwk.movie_recommend.MovieRecommendApiApplication [SpringApplication.java : 680] No active profile set, falling back to default profiles: default
2026-03-17 23:04:55,657 [INFO] [restartedMain] o.s.b.w.s.c.AnnotationConfigServletWebServerApplicationContext [AbstractApplicationContext.java : 590] Refreshing org.springframework.boot.web.servlet.context.AnnotationConfigServletWebServerApplicationContext@645534b2: startup date [Tue Mar 17 23:04:55 CST 2026]; root of context hierarchy
2026-03-17 23:04:57,728 [INFO] [restartedMain] o.s.data.repository.config.RepositoryConfigurationDelegate [RepositoryConfigurationDelegate.java : 172] Multiple Spring Data modules found, entering strict repository configuration mode!
2026-03-17 23:04:58,641 [INFO] [restartedMain] o.s.c.s.PostProcessorRegistrationDelegate$BeanPostProcessorChecker [PostProcessorRegistrationDelegate.java : 326] Bean 'org.springframework.transaction.annotation.ProxyTransactionManagementConfiguration' of type [org.springframework.transaction.annotation.ProxyTransactionManagementConfiguration$$EnhancerBySpringCGLIB$$66fd3943] is not eligible for getting processed by all BeanPostProcessors (for example: not eligible for auto-proxying)
2026-03-17 23:04:59,713 [INFO] [restartedMain] org.springframework.boot.web.embedded.tomcat.TomcatWebServer [TomcatWebServer.java : 91] Tomcat initialized with port(s): 8010 (http)
2026-03-17 23:04:59,768 [INFO] [restartedMain] org.apache.catalina.core.StandardService [DirectJDKLog.java : 180] Starting service [Tomcat]
2026-03-17 23:04:59,768 [INFO] [restartedMain] org.apache.catalina.core.StandardEngine [DirectJDKLog.java : 180] Starting Servlet Engine: Apache Tomcat/8.5.34
2026-03-17 23:04:59,793 [INFO] [localhost-startStop-1] org.apache.catalina.core.AprLifecycleListener [DirectJDKLog.java : 180] The APR based Apache Tomcat Native library which allows optimal performance in production environments was not found on the java.library.path: [D:\code\jdk\bin;C:\WINDOWS\Sun\Java\bin;C:\WINDOWS\system32;C:\WINDOWS;C:\Python314\Scripts\;C:\Python314\;C:\ProgramData\Oracle\Java\javapath;C:\WINDOWS\system32;C:\WINDOWS;C:\WINDOWS\System32\Wbem;C:\WINDOWS\System32\WindowsPowerShell\v1.0\;C:\WINDOWS\System32\OpenSSH\;C:\Program Files\Docker\Docker\resources\bin;D:\code\apache-maven-3.5.3\bin;D:\code\Git\cmd;D:\code\skaffold\skaffold-windows-amd64.exe;D:\software\mysql5.8\bin;D:\software\NodeJS\;C:\ProgramData\chocolatey\bin;C:\Program Files\NVIDIA Corporation\NVIDIA App\NvDLISR;C:\Program Files (x86)\NVIDIA Corporation\PhysX\Common;C:\Users\win10\AppData\Local\Microsoft\WindowsApps;;C:\Program Files\JetBrains\IntelliJ IDEA 2025.3.3\bin;D:\code\GoLand 2023.2.1\bin;;D:\code\VSCode\bin;C:\Users\win10\AppData\Roaming\npm;.]
2026-03-17 23:05:00,215 [INFO] [localhost-startStop-1] org.apache.jasper.servlet.TldScanner [DirectJDKLog.java : 180] At least one JAR was scanned for TLDs yet contained no TLDs. Enable debug logging for this logger for a complete list of JARs that were scanned but no TLDs were found in them. Skipping unneeded JARs during scanning can improve startup time and JSP compilation time.
2026-03-17 23:05:00,226 [INFO] [localhost-startStop-1] o.a.c.c.C.[Tomcat].[localhost].[/movie-recommend-api] [DirectJDKLog.java : 180] Initializing Spring embedded WebApplicationContext
2026-03-17 23:05:00,228 [INFO] [localhost-startStop-1] org.springframework.web.context.ContextLoader [ServletWebServerApplicationContext.java : 285] Root WebApplicationContext: initialization completed in 4571 ms
2026-03-17 23:05:00,441 [INFO] [localhost-startStop-1] org.springframework.boot.web.servlet.ServletRegistrationBean [ServletRegistrationBean.java : 187] Servlet dispatcherServlet mapped to [/]
2026-03-17 23:05:00,445 [INFO] [localhost-startStop-1] org.springframework.boot.web.servlet.ServletRegistrationBean [ServletRegistrationBean.java : 187] Servlet statViewServlet mapped to [/druid/*]
2026-03-17 23:05:00,454 [INFO] [localhost-startStop-1] org.springframework.boot.web.servlet.FilterRegistrationBean [AbstractFilterRegistrationBean.java : 245] Mapping filter: 'characterEncodingFilter' to: [/*]
2026-03-17 23:05:00,455 [INFO] [localhost-startStop-1] org.springframework.boot.web.servlet.FilterRegistrationBean [AbstractFilterRegistrationBean.java : 245] Mapping filter: 'hiddenHttpMethodFilter' to: [/*]
2026-03-17 23:05:00,457 [INFO] [localhost-startStop-1] org.springframework.boot.web.servlet.FilterRegistrationBean [AbstractFilterRegistrationBean.java : 245] Mapping filter: 'httpPutFormContentFilter' to: [/*]
2026-03-17 23:05:00,457 [INFO] [localhost-startStop-1] org.springframework.boot.web.servlet.FilterRegistrationBean [AbstractFilterRegistrationBean.java : 245] Mapping filter: 'requestContextFilter' to: [/*]
2026-03-17 23:05:00,457 [INFO] [localhost-startStop-1] org.springframework.boot.web.servlet.FilterRegistrationBean [AbstractFilterRegistrationBean.java : 258] Mapping filter: 'webStatFilter' to urls: [/*]
2026-03-17 23:05:00,897 [INFO] [restartedMain] c.a.d.spring.boot.autoconfigure.DruidDataSourceAutoConfigure [DruidDataSourceAutoConfigure.java : 56] Init DruidDataSource
2026-03-17 23:05:01,636 [INFO] [restartedMain] com.alibaba.druid.pool.DruidDataSource [DruidDataSource.java : 930] {dataSource-1} inited
2026-03-17 23:05:02,324 [WARN] [restartedMain] com.baomidou.mybatisplus.toolkit.TableInfoHelper [TableInfoHelper.java : 188] Warn: Could not find @TableId in Class: com.zwk.movie_recommend.entity.MovieSimilarEntity.
2026-03-17 23:05:02,324 [WARN] [restartedMain] com.baomidou.mybatisplus.mapper.AutoSqlInjector [AutoSqlInjector.java : 147] class com.zwk.movie_recommend.entity.MovieSimilarEntity ,Not found @TableId annotation, Cannot use Mybatis-Plus 'xxById' Method.
2026-03-17 23:05:03,393 [WARN] [restartedMain] o.s.b.f.annotation.AutowiredAnnotationBeanPostProcessor [AutowiredAnnotationBeanPostProcessor.java : 437] Autowired annotation is not supported on static fields: public static redis.clients.jedis.JedisPool com.zwk.movie_recommend.redis.RedisUtils.JedisPool
2026-03-17 23:05:04,010 [INFO] [restartedMain] o.s.w.s.mvc.method.annotation.RequestMappingHandlerMapping [AbstractHandlerMethodMapping.java : 549] Mapped "{[/MovieDescription]}" onto public java.lang.String com.zwk.movie_recommend.controller.CustomerController.showMoiveDescription(javax.servlet.http.HttpServletRequest)
2026-03-17 23:05:04,012 [INFO] [restartedMain] o.s.w.s.mvc.method.annotation.RequestMappingHandlerMapping [AbstractHandlerMethodMapping.java : 549] Mapped "{[/Customer/Description]}" onto public java.lang.String com.zwk.movie_recommend.controller.CustomerController.GoMoiveDescription(javax.servlet.http.HttpServletRequest)
2026-03-17 23:05:04,012 [INFO] [restartedMain] o.s.w.s.mvc.method.annotation.RequestMappingHandlerMapping [AbstractHandlerMethodMapping.java : 549] Mapped "{[/typesortmovie],methods=[POST]}" onto public com.zwk.movie_recommend.common.ResultView com.zwk.movie_recommend.controller.CustomerController.showtypesortmovie(javax.servlet.http.HttpServletRequest)
2026-03-17 23:05:04,013 [INFO] [restartedMain] o.s.w.s.mvc.method.annotation.RequestMappingHandlerMapping [AbstractHandlerMethodMapping.java : 549] Mapped "{[/loadingmore],methods=[POST]}" onto public com.zwk.movie_recommend.common.ResultView com.zwk.movie_recommend.controller.CustomerController.showloadmore(javax.servlet.http.HttpServletRequest)
2026-03-17 23:05:04,013 [INFO] [restartedMain] o.s.w.s.mvc.method.annotation.RequestMappingHandlerMapping [AbstractHandlerMethodMapping.java : 549] Mapped "{[/likedmovie],methods=[POST]}" onto public java.lang.String com.zwk.movie_recommend.controller.CustomerController.likedmovie(javax.servlet.http.HttpServletRequest) throws java.text.ParseException
2026-03-17 23:05:04,013 [INFO] [restartedMain] o.s.w.s.mvc.method.annotation.RequestMappingHandlerMapping [AbstractHandlerMethodMapping.java : 549] Mapped "{[/index]}" onto public java.lang.String com.zwk.movie_recommend.controller.CustomerController.showIndex(javax.servlet.http.HttpServletRequest)
2026-03-17 23:05:04,014 [INFO] [restartedMain] o.s.w.s.mvc.method.annotation.RequestMappingHandlerMapping [AbstractHandlerMethodMapping.java : 549] Mapped "{[/getSimiMovies],methods=[POST]}" onto public com.zwk.movie_recommend.common.ResultView com.zwk.movie_recommend.controller.CustomerController.getSimiMovies(javax.servlet.http.HttpServletRequest) throws java.text.ParseException
2026-03-17 23:05:04,014 [INFO] [restartedMain] o.s.w.s.mvc.method.annotation.RequestMappingHandlerMapping [AbstractHandlerMethodMapping.java : 549] Mapped "{[/getstar],methods=[POST]}" onto public java.lang.String com.zwk.movie_recommend.controller.CustomerController.getstar(javax.servlet.http.HttpServletRequest) throws java.text.ParseException
2026-03-17 23:05:04,014 [INFO] [restartedMain] o.s.w.s.mvc.method.annotation.RequestMappingHandlerMapping [AbstractHandlerMethodMapping.java : 549] Mapped "{[/homepage]}" onto public java.lang.String com.zwk.movie_recommend.controller.CustomerController.showHomepage(javax.servlet.http.HttpServletRequest)
2026-03-17 23:05:04,015 [INFO] [restartedMain] o.s.w.s.mvc.method.annotation.RequestMappingHandlerMapping [AbstractHandlerMethodMapping.java : 549] Mapped "{[/search],methods=[POST]}" onto public com.zwk.movie_recommend.common.ResultView com.zwk.movie_recommend.controller.MovieController.selectMoviesByName(javax.servlet.http.HttpServletRequest)
2026-03-17 23:05:04,020 [INFO] [restartedMain] o.s.w.s.mvc.method.annotation.RequestMappingHandlerMapping [AbstractHandlerMethodMapping.java : 549] Mapped "{[/api/rank/monthly],methods=[GET]}" onto public com.zwk.movie_recommend.common.ResultView com.zwk.movie_recommend.controller.RankController.getCurrentMonthRank()
2026-03-17 23:05:04,022 [INFO] [restartedMain] o.s.w.s.mvc.method.annotation.RequestMappingHandlerMapping [AbstractHandlerMethodMapping.java : 549] Mapped "{[/api/rank/{rankType}],methods=[GET]}" onto public com.zwk.movie_recommend.common.ResultView com.zwk.movie_recommend.controller.RankController.getRankByType(java.lang.String)
2026-03-17 23:05:04,023 [INFO] [restartedMain] o.s.w.s.mvc.method.annotation.RequestMappingHandlerMapping [AbstractHandlerMethodMapping.java : 549] Mapped "{[/api/rank/genre/{genre}],methods=[GET]}" onto public com.zwk.movie_recommend.common.ResultView com.zwk.movie_recommend.controller.RankController.getGenreRank(java.lang.String)
2026-03-17 23:05:04,023 [INFO] [restartedMain] o.s.w.s.mvc.method.annotation.RequestMappingHandlerMapping [AbstractHandlerMethodMapping.java : 549] Mapped "{[/api/rank/list],methods=[GET]}" onto public com.zwk.movie_recommend.common.ResultView com.zwk.movie_recommend.controller.RankController.getRankList()
2026-03-17 23:05:04,024 [INFO] [restartedMain] o.s.w.s.mvc.method.annotation.RequestMappingHandlerMapping [AbstractHandlerMethodMapping.java : 549] Mapped "{[/api/rank/top250],methods=[GET]}" onto public com.zwk.movie_recommend.common.ResultView com.zwk.movie_recommend.controller.RankController.getTop250()
2026-03-17 23:05:04,025 [INFO] [restartedMain] o.s.w.s.mvc.method.annotation.RequestMappingHandlerMapping [AbstractHandlerMethodMapping.java : 549] Mapped "{[/api/rank/monthly/{year}/{month}],methods=[GET]}" onto public com.zwk.movie_recommend.common.ResultView com.zwk.movie_recommend.controller.RankController.getMonthlyRank(java.lang.Integer,java.lang.Integer)
2026-03-17 23:05:04,026 [INFO] [restartedMain] o.s.w.s.mvc.method.annotation.RequestMappingHandlerMapping [AbstractHandlerMethodMapping.java : 549] Mapped "{[/customer/register],methods=[POST]}" onto public com.zwk.movie_recommend.common.ResultView com.zwk.movie_recommend.controller.RegisterController.register(com.zwk.movie_recommend.entity.UserEntity,javax.servlet.http.HttpServletRequest)
2026-03-17 23:05:04,026 [INFO] [restartedMain] o.s.w.s.mvc.method.annotation.RequestMappingHandlerMapping [AbstractHandlerMethodMapping.java : 549] Mapped "{[/customer/register]}" onto public java.lang.String com.zwk.movie_recommend.controller.RegisterController.reg(javax.servlet.http.HttpServletRequest,org.springframework.ui.Model)
2026-03-17 23:05:04,026 [INFO] [restartedMain] o.s.w.s.mvc.method.annotation.RequestMappingHandlerMapping [AbstractHandlerMethodMapping.java : 549] Mapped "{[/customer/check/{param}/{type}]}" onto public com.zwk.movie_recommend.common.ResultView com.zwk.movie_recommend.controller.RegisterController.checkData(java.lang.String,java.lang.Integer)
2026-03-17 23:05:04,028 [INFO] [restartedMain] o.s.w.s.mvc.method.annotation.RequestMappingHandlerMapping [AbstractHandlerMethodMapping.java : 549] Mapped "{[/customer/checkboth/{paramName}/{paramEmail}/{type}]}" onto public com.zwk.movie_recommend.common.ResultView com.zwk.movie_recommend.controller.RegisterController.checkDataBoth(java.lang.String,java.lang.String,java.lang.Integer)
2026-03-17 23:05:04,028 [INFO] [restartedMain] o.s.w.s.mvc.method.annotation.RequestMappingHandlerMapping [AbstractHandlerMethodMapping.java : 549] Mapped "{[/sendCode]}" onto public com.zwk.movie_recommend.common.ResultView com.zwk.movie_recommend.controller.RegisterController.sendCode(java.lang.String,javax.servlet.http.HttpServletRequest)
2026-03-17 23:05:04,030 [INFO] [restartedMain] o.s.w.s.mvc.method.annotation.RequestMappingHandlerMapping [AbstractHandlerMethodMapping.java : 549] Mapped "{[/tag/tagList]}" onto public com.zwk.movie_recommend.common.ResultView com.zwk.movie_recommend.controller.TagController.tagList(javax.servlet.http.HttpServletRequest)
2026-03-17 23:05:04,031 [INFO] [restartedMain] o.s.w.s.mvc.method.annotation.RequestMappingHandlerMapping [AbstractHandlerMethodMapping.java : 549] Mapped "{[/page/login]}" onto public java.lang.String com.zwk.movie_recommend.controller.UserController.log()
2026-03-17 23:05:04,032 [INFO] [restartedMain] o.s.w.s.mvc.method.annotation.RequestMappingHandlerMapping [AbstractHandlerMethodMapping.java : 549] Mapped "{[/customer/login]}" onto public com.zwk.movie_recommend.common.ResultView com.zwk.movie_recommend.controller.UserController.login(java.lang.String,java.lang.String,javax.servlet.http.HttpServletRequest) throws java.text.ParseException
2026-03-17 23:05:04,032 [INFO] [restartedMain] o.s.w.s.mvc.method.annotation.RequestMappingHandlerMapping [AbstractHandlerMethodMapping.java : 549] Mapped "{[/profile]}" onto public java.lang.String com.zwk.movie_recommend.controller.UserController.showProfie()
2026-03-17 23:05:04,032 [INFO] [restartedMain] o.s.w.s.mvc.method.annotation.RequestMappingHandlerMapping [AbstractHandlerMethodMapping.java : 549] Mapped "{[/home]}" onto public java.lang.String com.zwk.movie_recommend.controller.UserController.toHome()
2026-03-17 23:05:04,032 [INFO] [restartedMain] o.s.w.s.mvc.method.annotation.RequestMappingHandlerMapping [AbstractHandlerMethodMapping.java : 549] Mapped "{[/customer/profile]}" onto public java.lang.String com.zwk.movie_recommend.controller.UserController.goProfile(javax.servlet.http.HttpServletRequest)
2026-03-17 23:05:04,033 [INFO] [restartedMain] o.s.w.s.mvc.method.annotation.RequestMappingHandlerMapping [AbstractHandlerMethodMapping.java : 549] Mapped "{[/updateUser]}" onto public com.zwk.movie_recommend.common.ResultView com.zwk.movie_recommend.controller.UserController.updateUser(com.zwk.movie_recommend.entity.UserEntity,javax.servlet.http.HttpServletRequest)
2026-03-17 23:05:04,033 [INFO] [restartedMain] o.s.w.s.mvc.method.annotation.RequestMappingHandlerMapping [AbstractHandlerMethodMapping.java : 549] Mapped "{[/customer/logout]}" onto public java.lang.String com.zwk.movie_recommend.controller.UserController.pagelogout(javax.servlet.http.HttpServletRequest)
2026-03-17 23:05:04,033 [INFO] [restartedMain] o.s.w.s.mvc.method.annotation.RequestMappingHandlerMapping [AbstractHandlerMethodMapping.java : 549] Mapped "{[/customer/register/movieSubmit],methods=[POST]}" onto public java.lang.String com.zwk.movie_recommend.controller.UserController.selectedMovie(java.lang.String,javax.servlet.http.HttpServletRequest)
2026-03-17 23:05:04,033 [INFO] [restartedMain] o.s.w.s.mvc.method.annotation.RequestMappingHandlerMapping [AbstractHandlerMethodMapping.java : 549] Mapped "{[/editUser]}" onto public com.zwk.movie_recommend.common.ResultView com.zwk.movie_recommend.controller.UserController.editUser(java.lang.Long,javax.servlet.http.HttpServletRequest)
2026-03-17 23:05:04,036 [INFO] [restartedMain] o.s.w.s.mvc.method.annotation.RequestMappingHandlerMapping [AbstractHandlerMethodMapping.java : 549] Mapped "{[/likedTags],methods=[POST]}" onto public java.lang.String com.zwk.movie_recommend.controller.UserTagController.likedmovie(javax.servlet.http.HttpServletRequest) throws java.text.ParseException
2026-03-17 23:05:04,039 [INFO] [restartedMain] o.s.w.s.mvc.method.annotation.RequestMappingHandlerMapping [AbstractHandlerMethodMapping.java : 549] Mapped "{[/api/watch/status],methods=[GET]}" onto public com.zwk.movie_recommend.common.ResultView com.zwk.movie_recommend.controller.WatchStatusController.getWatchStatus(java.lang.Long,javax.servlet.http.HttpServletRequest)
2026-03-17 23:05:04,039 [INFO] [restartedMain] o.s.w.s.mvc.method.annotation.RequestMappingHandlerMapping [AbstractHandlerMethodMapping.java : 549] Mapped "{[/api/watch/watchedList],methods=[GET]}" onto public com.zwk.movie_recommend.common.ResultView com.zwk.movie_recommend.controller.WatchStatusController.getWatchedList(javax.servlet.http.HttpServletRequest)
2026-03-17 23:05:04,039 [INFO] [restartedMain] o.s.w.s.mvc.method.annotation.RequestMappingHandlerMapping [AbstractHandlerMethodMapping.java : 549] Mapped "{[/api/watch/watchingList],methods=[GET]}" onto public com.zwk.movie_recommend.common.ResultView com.zwk.movie_recommend.controller.WatchStatusController.getWatchingList(javax.servlet.http.HttpServletRequest)
2026-03-17 23:05:04,041 [INFO] [restartedMain] o.s.w.s.mvc.method.annotation.RequestMappingHandlerMapping [AbstractHandlerMethodMapping.java : 549] Mapped "{[/api/watch/wishList],methods=[GET]}" onto public com.zwk.movie_recommend.common.ResultView com.zwk.movie_recommend.controller.WatchStatusController.getWishList(javax.servlet.http.HttpServletRequest)
2026-03-17 23:05:04,041 [INFO] [restartedMain] o.s.w.s.mvc.method.annotation.RequestMappingHandlerMapping [AbstractHandlerMethodMapping.java : 549] Mapped "{[/api/watch/setStatus],methods=[POST]}" onto public com.zwk.movie_recommend.common.ResultView com.zwk.movie_recommend.controller.WatchStatusController.setWatchStatus(java.lang.Long,java.lang.Integer,javax.servlet.http.HttpServletRequest)
2026-03-17 23:05:04,041 [INFO] [restartedMain] o.s.w.s.mvc.method.annotation.RequestMappingHandlerMapping [AbstractHandlerMethodMapping.java : 549] Mapped "{[/api/watch/remove],methods=[POST]}" onto public com.zwk.movie_recommend.common.ResultView com.zwk.movie_recommend.controller.WatchStatusController.removeWatchStatus(java.lang.Long,javax.servlet.http.HttpServletRequest)
2026-03-17 23:05:04,043 [INFO] [restartedMain] o.s.w.s.mvc.method.annotation.RequestMappingHandlerMapping [AbstractHandlerMethodMapping.java : 549] Mapped "{[/v2/api-docs],methods=[GET],produces=[application/json || application/hal+json]}" onto public org.springframework.http.ResponseEntity<springfox.documentation.spring.web.json.Json> springfox.documentation.swagger2.web.Swagger2Controller.getDocumentation(java.lang.String,javax.servlet.http.HttpServletRequest)
2026-03-17 23:05:04,046 [INFO] [restartedMain] o.s.w.s.mvc.method.annotation.RequestMappingHandlerMapping [AbstractHandlerMethodMapping.java : 549] Mapped "{[/configuration/ui]}" onto org.springframework.http.ResponseEntity<springfox.documentation.swagger.web.UiConfiguration> springfox.documentation.swagger.web.ApiResourceController.uiConfiguration()
2026-03-17 23:05:04,047 [INFO] [restartedMain] o.s.w.s.mvc.method.annotation.RequestMappingHandlerMapping [AbstractHandlerMethodMapping.java : 549] Mapped "{[/swagger-resources]}" onto org.springframework.http.ResponseEntity<java.util.List<springfox.documentation.swagger.web.SwaggerResource>> springfox.documentation.swagger.web.ApiResourceController.swaggerResources()
2026-03-17 23:05:04,049 [INFO] [restartedMain] o.s.w.s.mvc.method.annotation.RequestMappingHandlerMapping [AbstractHandlerMethodMapping.java : 549] Mapped "{[/configuration/security]}" onto org.springframework.http.ResponseEntity<springfox.documentation.swagger.web.SecurityConfiguration> springfox.documentation.swagger.web.ApiResourceController.securityConfiguration()
2026-03-17 23:05:04,054 [INFO] [restartedMain] o.s.w.s.mvc.method.annotation.RequestMappingHandlerMapping [AbstractHandlerMethodMapping.java : 549] Mapped "{[/error]}" onto public org.springframework.http.ResponseEntity<java.util.Map<java.lang.String, java.lang.Object>> org.springframework.boot.autoconfigure.web.servlet.error.BasicErrorController.error(javax.servlet.http.HttpServletRequest)
2026-03-17 23:05:04,055 [INFO] [restartedMain] o.s.w.s.mvc.method.annotation.RequestMappingHandlerMapping [AbstractHandlerMethodMapping.java : 549] Mapped "{[/error],produces=[text/html]}" onto public org.springframework.web.servlet.ModelAndView org.springframework.boot.autoconfigure.web.servlet.error.BasicErrorController.errorHtml(javax.servlet.http.HttpServletRequest,javax.servlet.http.HttpServletResponse)
2026-03-17 23:05:04,211 [INFO] [restartedMain] com.zwk.movie_recommend.config.RedisConfig [RedisConfig.java : 47] ===================JedisPool注入成功===================
2026-03-17 23:05:04,211 [INFO] [restartedMain] com.zwk.movie_recommend.config.RedisConfig [RedisConfig.java : 48] ============redis地址：127.0.0.1:6379===========
2026-03-17 23:05:04,268 [INFO] [restartedMain] com.zwk.movie_recommend.config.RedisConfig [RedisConfig.java : 62] ===================redis初始化!!!===================
2026-03-17 23:05:04,520 [INFO] [restartedMain] o.s.web.servlet.handler.SimpleUrlHandlerMapping [AbstractUrlHandlerMapping.java : 373] Mapped URL path [/**/favicon.ico] onto handler of type [class org.springframework.web.servlet.resource.ResourceHttpRequestHandler]
2026-03-17 23:05:04,836 [INFO] [restartedMain] o.s.w.s.mvc.method.annotation.RequestMappingHandlerAdapter [RequestMappingHandlerAdapter.java : 588] Looking for @ControllerAdvice: org.springframework.boot.web.servlet.context.AnnotationConfigServletWebServerApplicationContext@645534b2: startup date [Tue Mar 17 23:04:55 CST 2026]; root of context hierarchy
2026-03-17 23:05:04,900 [INFO] [restartedMain] o.s.web.servlet.handler.SimpleUrlHandlerMapping [AbstractUrlHandlerMapping.java : 360] Root mapping to handler of type [class org.springframework.web.servlet.mvc.ParameterizableViewController]
2026-03-17 23:05:04,922 [INFO] [restartedMain] o.s.web.servlet.handler.SimpleUrlHandlerMapping [AbstractUrlHandlerMapping.java : 373] Mapped URL path [/webjars/**] onto handler of type [class org.springframework.web.servlet.resource.ResourceHttpRequestHandler]
2026-03-17 23:05:04,923 [INFO] [restartedMain] o.s.web.servlet.handler.SimpleUrlHandlerMapping [AbstractUrlHandlerMapping.java : 373] Mapped URL path [/**] onto handler of type [class org.springframework.web.servlet.resource.ResourceHttpRequestHandler]
2026-03-17 23:05:04,954 [INFO] [restartedMain] o.s.w.s.m.m.annotation.ExceptionHandlerExceptionResolver [ExceptionHandlerExceptionResolver.java : 288] Detected @ExceptionHandler methods in baseException
2026-03-17 23:05:05,072 [INFO] [restartedMain] o.s.boot.autoconfigure.web.servlet.WelcomePageHandlerMapping [WelcomePageHandlerMapping.java : 61] Adding welcome page template: index
2026-03-17 23:05:05,708 [INFO] [restartedMain] org.springframework.ui.freemarker.SpringTemplateLoader [SpringTemplateLoader.java : 62] SpringTemplateLoader for FreeMarker: using resource loader [org.springframework.boot.web.servlet.context.AnnotationConfigServletWebServerApplicationContext@645534b2: startup date [Tue Mar 17 23:04:55 CST 2026]; root of context hierarchy] and template loader path [classpath:/templates/]
2026-03-17 23:05:05,710 [INFO] [restartedMain] o.s.web.servlet.view.freemarker.FreeMarkerConfigurer [FreeMarkerConfigurer.java : 131] ClassTemplateLoader for Spring macros added to FreeMarker configuration
2026-03-17 23:05:06,022 [INFO] [restartedMain] o.s.boot.devtools.autoconfigure.OptionalLiveReloadServer [OptionalLiveReloadServer.java : 57] LiveReload server is running on port 35729
2026-03-17 23:05:06,094 [INFO] [restartedMain] o.s.jmx.export.annotation.AnnotationMBeanExporter [MBeanExporter.java : 433] Registering beans for JMX exposure on startup
2026-03-17 23:05:06,099 [INFO] [restartedMain] o.s.jmx.export.annotation.AnnotationMBeanExporter [MBeanExporter.java : 895] Bean with name 'statFilter' has been autodetected for JMX exposure
2026-03-17 23:05:06,099 [INFO] [restartedMain] o.s.jmx.export.annotation.AnnotationMBeanExporter [MBeanExporter.java : 895] Bean with name 'dataSource' has been autodetected for JMX exposure
2026-03-17 23:05:06,109 [INFO] [restartedMain] o.s.jmx.export.annotation.AnnotationMBeanExporter [MBeanExporter.java : 668] Located MBean 'dataSource': registering with JMX server as MBean [com.alibaba.druid.spring.boot.autoconfigure:name=dataSource,type=DruidDataSourceWrapper]
2026-03-17 23:05:06,111 [INFO] [restartedMain] o.s.jmx.export.annotation.AnnotationMBeanExporter [MBeanExporter.java : 668] Located MBean 'statFilter': registering with JMX server as MBean [com.alibaba.druid.filter.stat:name=statFilter,type=StatFilter]
2026-03-17 23:05:06,131 [INFO] [restartedMain] o.s.s.annotation.ScheduledAnnotationBeanPostProcessor [ScheduledAnnotationBeanPostProcessor.java : 276] No TaskScheduler/ScheduledExecutorService bean found for scheduled processing
2026-03-17 23:05:06,155 [INFO] [restartedMain] s.d.spring.web.plugins.DocumentationPluginsBootstrapper [DocumentationPluginsBootstrapper.java : 84] Context refreshed
2026-03-17 23:05:06,212 [INFO] [restartedMain] s.d.spring.web.plugins.DocumentationPluginsBootstrapper [DocumentationPluginsBootstrapper.java : 87] Found 1 custom documentation plugin(s)
2026-03-17 23:05:06,244 [INFO] [restartedMain] s.d.spring.web.scanners.ApiListingReferenceScanner [ApiListingReferenceScanner.java : 44] Scanning for api listing references
2026-03-17 23:05:06,774 [INFO] [restartedMain] org.springframework.boot.web.embedded.tomcat.TomcatWebServer [TomcatWebServer.java : 206] Tomcat started on port(s): 8010 (http) with context path '/movie-recommend-api'
2026-03-17 23:05:06,783 [INFO] [restartedMain] com.zwk.movie_recommend.MovieRecommendApiApplication [StartupInfoLogger.java : 59] Started MovieRecommendApiApplication in 11.833 seconds (JVM running for 14.562)
2026-03-17 23:05:06,789 [INFO] [restartedMain] com.zwk.movie_recommend.redis.CacheData [CacheData.java : 63] 开始初始化缓存数据
2026-03-17 23:05:06,789 [INFO] [restartedMain] com.zwk.movie_recommend.redis.CacheData [CacheData.java : 64] -----------------
2026-03-17 23:05:06,845 [DEBUG] [restartedMain] com.zwk.movie_recommend.dao.MovieDao.getAllMovie [BaseJdbcLogger.java : 159] ==>  Preparing: select * from movie where 1=1 
2026-03-17 23:05:06,967 [DEBUG] [restartedMain] com.zwk.movie_recommend.dao.MovieDao.getAllMovie [BaseJdbcLogger.java : 159] ==> Parameters: 
2026-03-17 23:05:07,129 [DEBUG] [restartedMain] com.zwk.movie_recommend.dao.MovieDao.getAllMovie [BaseJdbcLogger.java : 159] <==      Total: 30
2026-03-17 23:05:07,191 [DEBUG] [restartedMain] com.zwk.movie_recommend.dao.MovieSimilarDao.getList [BaseJdbcLogger.java : 159] ==>  Preparing: select * from movie_similar where 1=1 
2026-03-17 23:05:07,191 [DEBUG] [restartedMain] com.zwk.movie_recommend.dao.MovieSimilarDao.getList [BaseJdbcLogger.java : 159] ==> Parameters: 
2026-03-17 23:05:07,200 [DEBUG] [restartedMain] com.zwk.movie_recommend.dao.MovieSimilarDao.getList [BaseJdbcLogger.java : 159] <==      Total: 90
2026-03-17 23:05:07,205 [DEBUG] [restartedMain] com.zwk.movie_recommend.dao.MovieTagRelationDao.getList [BaseJdbcLogger.java : 159] ==>  Preparing: select * from movie_tag_relation where 1=1 
2026-03-17 23:05:07,206 [DEBUG] [restartedMain] com.zwk.movie_recommend.dao.MovieTagRelationDao.getList [BaseJdbcLogger.java : 159] ==> Parameters: 
2026-03-17 23:05:07,215 [DEBUG] [restartedMain] com.zwk.movie_recommend.dao.MovieTagRelationDao.getList [BaseJdbcLogger.java : 159] <==      Total: 88
2026-03-17 23:05:07,215 [INFO] [restartedMain] com.zwk.movie_recommend.redis.CacheData [CacheData.java : 68] 开始初始化电影数据···
2026-03-17 23:05:07,678 [INFO] [restartedMain] io.lettuce.core.EpollProvider [Slf4JLogger.java : 101] Starting without optional epoll library
2026-03-17 23:05:07,681 [INFO] [restartedMain] io.lettuce.core.KqueueProvider [Slf4JLogger.java : 101] Starting without optional kqueue library
2026-03-17 23:05:09,295 [INFO] [restartedMain] com.zwk.movie_recommend.redis.CacheData [CacheData.java : 73] 结束初始化电影数据
2026-03-17 23:05:09,297 [INFO] [restartedMain] com.zwk.movie_recommend.redis.CacheData [CacheData.java : 74] ·········
2026-03-17 23:05:09,297 [INFO] [restartedMain] com.zwk.movie_recommend.redis.CacheData [CacheData.java : 75] 开始初始化电影相似度数据···
2026-03-17 23:05:09,393 [INFO] [restartedMain] com.zwk.movie_recommend.redis.CacheData [CacheData.java : 80] 结束初始化电影相似度数据···
2026-03-17 23:05:09,393 [INFO] [restartedMain] com.zwk.movie_recommend.redis.CacheData [CacheData.java : 81] ·········
2026-03-17 23:05:09,393 [INFO] [restartedMain] com.zwk.movie_recommend.redis.CacheData [CacheData.java : 82] 开始初始化电影标签数据···
2026-03-17 23:05:09,453 [INFO] [restartedMain] com.zwk.movie_recommend.redis.CacheData [CacheData.java : 87] 结束初始化电影标签数据···
2026-03-17 23:05:13,447 [INFO] [http-nio-8010-exec-1] o.a.c.c.C.[Tomcat].[localhost].[/movie-recommend-api] [DirectJDKLog.java : 180] Initializing Spring FrameworkServlet 'dispatcherServlet'
2026-03-17 23:05:13,447 [INFO] [http-nio-8010-exec-1] org.springframework.web.servlet.DispatcherServlet [FrameworkServlet.java : 494] FrameworkServlet 'dispatcherServlet': initialization started
2026-03-17 23:05:13,523 [INFO] [http-nio-8010-exec-1] org.springframework.web.servlet.DispatcherServlet [FrameworkServlet.java : 509] FrameworkServlet 'dispatcherServlet': initialization completed in 75 ms
2026-03-17 23:05:16,771 [DEBUG] [http-nio-8010-exec-1] com.zwk.movie_recommend.dao.UserDao.getUser [BaseJdbcLogger.java : 159] ==>  Preparing: select * from user where 1=1 and user_password= '0:0:0:0:0:0:0:1' 
2026-03-17 23:05:16,773 [DEBUG] [http-nio-8010-exec-1] com.zwk.movie_recommend.dao.UserDao.getUser [BaseJdbcLogger.java : 159] ==> Parameters: 
2026-03-17 23:05:16,779 [DEBUG] [http-nio-8010-exec-1] com.zwk.movie_recommend.dao.UserDao.getUser [BaseJdbcLogger.java : 159] <==      Total: 1
2026-03-17 23:05:16,792 [DEBUG] [http-nio-8010-exec-1] com.zwk.movie_recommend.dao.SearchRecordDao.getSearchRecord [BaseJdbcLogger.java : 159] ==>  Preparing: select m.* from movie m LEFT JOIN search_record sr on sr.movie_id=m.movie_id where sr.user_id=21 
2026-03-17 23:05:16,794 [DEBUG] [http-nio-8010-exec-1] com.zwk.movie_recommend.dao.SearchRecordDao.getSearchRecord [BaseJdbcLogger.java : 159] ==> Parameters: 
2026-03-17 23:05:16,798 [DEBUG] [http-nio-8010-exec-1] com.zwk.movie_recommend.dao.SearchRecordDao.getSearchRecord [BaseJdbcLogger.java : 159] <==      Total: 0
2026-03-17 23:05:16,811 [DEBUG] [http-nio-8010-exec-1] com.zwk.movie_recommend.dao.HeatMovieDao.getTop10List [BaseJdbcLogger.java : 159] ==>  Preparing: select m.* from heat_movie hm left JOIN movie m on hm.movie_id=m.movie_id ORDER BY hm.update_date desc limit 0,10 
2026-03-17 23:05:16,812 [DEBUG] [http-nio-8010-exec-1] com.zwk.movie_recommend.dao.HeatMovieDao.getTop10List [BaseJdbcLogger.java : 159] ==> Parameters: 
2026-03-17 23:05:16,819 [DEBUG] [http-nio-8010-exec-1] com.zwk.movie_recommend.dao.HeatMovieDao.getTop10List [BaseJdbcLogger.java : 159] <==      Total: 10
2026-03-17 23:06:26,333 [DEBUG] [http-nio-8010-exec-1] c.z.m.dao.DefaultRecommendDao.selectRegDefaultMovie [BaseJdbcLogger.java : 159] ==>  Preparing: SELECT * FROM default_recommend t,movie m WHERE t.movie_id=m.movie_id limit 10 
2026-03-17 23:06:26,336 [DEBUG] [http-nio-8010-exec-1] c.z.m.dao.DefaultRecommendDao.selectRegDefaultMovie [BaseJdbcLogger.java : 159] ==> Parameters: 
2026-03-17 23:06:26,341 [DEBUG] [http-nio-8010-exec-1] c.z.m.dao.DefaultRecommendDao.selectRegDefaultMovie [BaseJdbcLogger.java : 159] <==      Total: 10
2026-03-17 23:06:26,345 [DEBUG] [http-nio-8010-exec-1] com.zwk.movie_recommend.dao.MovieDao.getByMovieId [BaseJdbcLogger.java : 159] ==>  Preparing: select * from movie where movie_id=1 
2026-03-17 23:06:26,353 [DEBUG] [http-nio-8010-exec-1] com.zwk.movie_recommend.dao.MovieDao.getByMovieId [BaseJdbcLogger.java : 159] ==> Parameters: 
2026-03-17 23:06:26,374 [DEBUG] [http-nio-8010-exec-1] com.zwk.movie_recommend.dao.MovieDao.getByMovieId [BaseJdbcLogger.java : 159] <==      Total: 1
2026-03-17 23:06:26,380 [DEBUG] [http-nio-8010-exec-1] com.zwk.movie_recommend.dao.MovieDao.getByMovieId [BaseJdbcLogger.java : 159] ==>  Preparing: select * from movie where movie_id=2 
2026-03-17 23:06:26,382 [DEBUG] [http-nio-8010-exec-1] com.zwk.movie_recommend.dao.MovieDao.getByMovieId [BaseJdbcLogger.java : 159] ==> Parameters: 
2026-03-17 23:06:26,386 [DEBUG] [http-nio-8010-exec-1] com.zwk.movie_recommend.dao.MovieDao.getByMovieId [BaseJdbcLogger.java : 159] <==      Total: 1
2026-03-17 23:06:26,389 [DEBUG] [http-nio-8010-exec-1] com.zwk.movie_recommend.dao.MovieDao.getByMovieId [BaseJdbcLogger.java : 159] ==>  Preparing: select * from movie where movie_id=3 
2026-03-17 23:06:26,394 [DEBUG] [http-nio-8010-exec-1] com.zwk.movie_recommend.dao.MovieDao.getByMovieId [BaseJdbcLogger.java : 159] ==> Parameters: 
2026-03-17 23:06:26,400 [DEBUG] [http-nio-8010-exec-1] com.zwk.movie_recommend.dao.MovieDao.getByMovieId [BaseJdbcLogger.java : 159] <==      Total: 1
2026-03-17 23:06:26,403 [DEBUG] [http-nio-8010-exec-1] com.zwk.movie_recommend.dao.MovieDao.getByMovieId [BaseJdbcLogger.java : 159] ==>  Preparing: select * from movie where movie_id=4 
2026-03-17 23:06:26,407 [DEBUG] [http-nio-8010-exec-1] com.zwk.movie_recommend.dao.MovieDao.getByMovieId [BaseJdbcLogger.java : 159] ==> Parameters: 
2026-03-17 23:06:26,411 [DEBUG] [http-nio-8010-exec-1] com.zwk.movie_recommend.dao.MovieDao.getByMovieId [BaseJdbcLogger.java : 159] <==      Total: 1
2026-03-17 23:06:26,412 [DEBUG] [http-nio-8010-exec-1] com.zwk.movie_recommend.dao.MovieDao.getByMovieId [BaseJdbcLogger.java : 159] ==>  Preparing: select * from movie where movie_id=5 
2026-03-17 23:06:26,414 [DEBUG] [http-nio-8010-exec-1] com.zwk.movie_recommend.dao.MovieDao.getByMovieId [BaseJdbcLogger.java : 159] ==> Parameters: 
2026-03-17 23:06:26,415 [DEBUG] [http-nio-8010-exec-1] com.zwk.movie_recommend.dao.MovieDao.getByMovieId [BaseJdbcLogger.java : 159] <==      Total: 1
2026-03-17 23:06:26,418 [DEBUG] [http-nio-8010-exec-1] com.zwk.movie_recommend.dao.MovieDao.getByMovieId [BaseJdbcLogger.java : 159] ==>  Preparing: select * from movie where movie_id=7 
2026-03-17 23:06:26,419 [DEBUG] [http-nio-8010-exec-1] com.zwk.movie_recommend.dao.MovieDao.getByMovieId [BaseJdbcLogger.java : 159] ==> Parameters: 
2026-03-17 23:06:26,426 [DEBUG] [http-nio-8010-exec-1] com.zwk.movie_recommend.dao.MovieDao.getByMovieId [BaseJdbcLogger.java : 159] <==      Total: 1
2026-03-17 23:06:26,427 [DEBUG] [http-nio-8010-exec-1] com.zwk.movie_recommend.dao.MovieDao.getByMovieId [BaseJdbcLogger.java : 159] ==>  Preparing: select * from movie where movie_id=8 
2026-03-17 23:06:26,429 [DEBUG] [http-nio-8010-exec-1] com.zwk.movie_recommend.dao.MovieDao.getByMovieId [BaseJdbcLogger.java : 159] ==> Parameters: 
2026-03-17 23:06:26,432 [DEBUG] [http-nio-8010-exec-1] com.zwk.movie_recommend.dao.MovieDao.getByMovieId [BaseJdbcLogger.java : 159] <==      Total: 1
2026-03-17 23:06:26,433 [DEBUG] [http-nio-8010-exec-1] com.zwk.movie_recommend.dao.MovieDao.getByMovieId [BaseJdbcLogger.java : 159] ==>  Preparing: select * from movie where movie_id=12 
2026-03-17 23:06:26,437 [DEBUG] [http-nio-8010-exec-1] com.zwk.movie_recommend.dao.MovieDao.getByMovieId [BaseJdbcLogger.java : 159] ==> Parameters: 
2026-03-17 23:06:26,445 [DEBUG] [http-nio-8010-exec-1] com.zwk.movie_recommend.dao.MovieDao.getByMovieId [BaseJdbcLogger.java : 159] <==      Total: 1
2026-03-17 23:06:26,446 [DEBUG] [http-nio-8010-exec-1] com.zwk.movie_recommend.dao.MovieDao.getByMovieId [BaseJdbcLogger.java : 159] ==>  Preparing: select * from movie where movie_id=17 
2026-03-17 23:06:26,448 [DEBUG] [http-nio-8010-exec-1] com.zwk.movie_recommend.dao.MovieDao.getByMovieId [BaseJdbcLogger.java : 159] ==> Parameters: 
2026-03-17 23:06:26,458 [DEBUG] [http-nio-8010-exec-1] com.zwk.movie_recommend.dao.MovieDao.getByMovieId [BaseJdbcLogger.java : 159] <==      Total: 1
2026-03-17 23:06:26,463 [DEBUG] [http-nio-8010-exec-1] com.zwk.movie_recommend.dao.MovieDao.getByMovieId [BaseJdbcLogger.java : 159] ==>  Preparing: select * from movie where movie_id=18 
2026-03-17 23:06:26,463 [DEBUG] [http-nio-8010-exec-1] com.zwk.movie_recommend.dao.MovieDao.getByMovieId [BaseJdbcLogger.java : 159] ==> Parameters: 
2026-03-17 23:06:26,469 [DEBUG] [http-nio-8010-exec-1] com.zwk.movie_recommend.dao.MovieDao.getByMovieId [BaseJdbcLogger.java : 159] <==      Total: 1
2026-03-17 23:06:26,483 [DEBUG] [http-nio-8010-exec-1] com.zwk.movie_recommend.dao.TagDao.getList [BaseJdbcLogger.java : 159] ==>  Preparing: select * from tag where 1=1 
2026-03-17 23:06:26,485 [DEBUG] [http-nio-8010-exec-1] com.zwk.movie_recommend.dao.TagDao.getList [BaseJdbcLogger.java : 159] ==> Parameters: 
2026-03-17 23:06:26,495 [DEBUG] [http-nio-8010-exec-1] com.zwk.movie_recommend.dao.TagDao.getList [BaseJdbcLogger.java : 159] <==      Total: 20
2026-03-17 23:06:32,440 [DEBUG] [http-nio-8010-exec-22] com.zwk.movie_recommend.dao.UserDao.getUser [BaseJdbcLogger.java : 159] ==>  Preparing: select * from user where 1=1 and user_name = 'zwk' 
2026-03-17 23:06:32,441 [DEBUG] [http-nio-8010-exec-22] com.zwk.movie_recommend.dao.UserDao.getUser [BaseJdbcLogger.java : 159] ==> Parameters: 
2026-03-17 23:06:32,443 [DEBUG] [http-nio-8010-exec-22] com.zwk.movie_recommend.dao.UserDao.getUser [BaseJdbcLogger.java : 159] <==      Total: 0
2026-03-17 23:06:39,402 [DEBUG] [http-nio-8010-exec-27] com.zwk.movie_recommend.dao.UserDao.getUser [BaseJdbcLogger.java : 159] ==>  Preparing: select * from user where 1=1 and user_name = 'zwktest' 
2026-03-17 23:06:39,402 [DEBUG] [http-nio-8010-exec-27] com.zwk.movie_recommend.dao.UserDao.getUser [BaseJdbcLogger.java : 159] ==> Parameters: 
2026-03-17 23:06:39,403 [DEBUG] [http-nio-8010-exec-27] com.zwk.movie_recommend.dao.UserDao.getUser [BaseJdbcLogger.java : 159] <==      Total: 0
2026-03-17 23:06:41,219 [DEBUG] [http-nio-8010-exec-28] com.zwk.movie_recommend.dao.UserDao.getUser [BaseJdbcLogger.java : 159] ==>  Preparing: select * from user where 1=1 and user_email = '17853538168@163.com' 
2026-03-17 23:06:41,222 [DEBUG] [http-nio-8010-exec-28] com.zwk.movie_recommend.dao.UserDao.getUser [BaseJdbcLogger.java : 159] ==> Parameters: 
2026-03-17 23:06:41,225 [DEBUG] [http-nio-8010-exec-28] com.zwk.movie_recommend.dao.UserDao.getUser [BaseJdbcLogger.java : 159] <==      Total: 0
2026-03-17 23:07:04,647 [WARN] [http-nio-8010-exec-10] o.s.w.s.m.m.annotation.ExceptionHandlerExceptionResolver [AbstractHandlerExceptionResolver.java : 194] Resolved exception caused by handler execution: org.json.JSONException: A JSONObject text must begin with '{' at 0 [character 1 line 1]
2026-03-17 23:07:10,288 [DEBUG] [http-nio-8010-exec-6] com.zwk.movie_recommend.dao.UserDao.getUser [BaseJdbcLogger.java : 159] ==>  Preparing: select * from user where 1=1 and user_name = 'zwktest' 
2026-03-17 23:07:10,290 [DEBUG] [http-nio-8010-exec-6] com.zwk.movie_recommend.dao.UserDao.getUser [BaseJdbcLogger.java : 159] ==> Parameters: 
2026-03-17 23:07:10,292 [DEBUG] [http-nio-8010-exec-6] com.zwk.movie_recommend.dao.UserDao.getUser [BaseJdbcLogger.java : 159] <==      Total: 0
2026-03-17 23:07:10,293 [DEBUG] [http-nio-8010-exec-6] com.zwk.movie_recommend.dao.UserDao.getUser [BaseJdbcLogger.java : 159] ==>  Preparing: select * from user where 1=1 and user_email = '17853538168@163.com' 
2026-03-17 23:07:10,293 [DEBUG] [http-nio-8010-exec-6] com.zwk.movie_recommend.dao.UserDao.getUser [BaseJdbcLogger.java : 159] ==> Parameters: 
2026-03-17 23:07:10,297 [DEBUG] [http-nio-8010-exec-6] com.zwk.movie_recommend.dao.UserDao.getUser [BaseJdbcLogger.java : 159] <==      Total: 0
2026-03-17 23:07:10,628 [WARN] [http-nio-8010-exec-4] o.s.w.s.m.m.annotation.ExceptionHandlerExceptionResolver [AbstractHandlerExceptionResolver.java : 194] Resolved exception caused by handler execution: java.lang.NullPointerException
2026-03-17 23:08:42,025 [DEBUG] [http-nio-8010-exec-11] com.zwk.movie_recommend.dao.UserDao.getUser [BaseJdbcLogger.java : 159] ==>  Preparing: select * from user where 1=1 and user_password= '0:0:0:0:0:0:0:1' 
2026-03-17 23:08:42,027 [DEBUG] [http-nio-8010-exec-11] com.zwk.movie_recommend.dao.UserDao.getUser [BaseJdbcLogger.java : 159] ==> Parameters: 
2026-03-17 23:08:42,028 [DEBUG] [http-nio-8010-exec-11] com.zwk.movie_recommend.dao.UserDao.getUser [BaseJdbcLogger.java : 159] <==      Total: 1
2026-03-17 23:08:42,030 [DEBUG] [http-nio-8010-exec-11] com.zwk.movie_recommend.dao.SearchRecordDao.getSearchRecord [BaseJdbcLogger.java : 159] ==>  Preparing: select m.* from movie m LEFT JOIN search_record sr on sr.movie_id=m.movie_id where sr.user_id=21 
2026-03-17 23:08:42,032 [DEBUG] [http-nio-8010-exec-11] com.zwk.movie_recommend.dao.SearchRecordDao.getSearchRecord [BaseJdbcLogger.java : 159] ==> Parameters: 
2026-03-17 23:08:42,035 [DEBUG] [http-nio-8010-exec-11] com.zwk.movie_recommend.dao.SearchRecordDao.getSearchRecord [BaseJdbcLogger.java : 159] <==      Total: 0
2026-03-17 23:08:42,036 [DEBUG] [http-nio-8010-exec-11] com.zwk.movie_recommend.dao.HeatMovieDao.getTop10List [BaseJdbcLogger.java : 159] ==>  Preparing: select m.* from heat_movie hm left JOIN movie m on hm.movie_id=m.movie_id ORDER BY hm.update_date desc limit 0,10 
2026-03-17 23:08:42,038 [DEBUG] [http-nio-8010-exec-11] com.zwk.movie_recommend.dao.HeatMovieDao.getTop10List [BaseJdbcLogger.java : 159] ==> Parameters: 
2026-03-17 23:08:42,048 [DEBUG] [http-nio-8010-exec-11] com.zwk.movie_recommend.dao.HeatMovieDao.getTop10List [BaseJdbcLogger.java : 159] <==      Total: 10
2026-03-17 23:08:42,065 [DEBUG] [http-nio-8010-exec-14] com.zwk.movie_recommend.dao.MovieTagRelationDao.getByMovieId [BaseJdbcLogger.java : 159] ==>  Preparing: select * from movie_tag_relation where movie_id=8 
2026-03-17 23:08:42,066 [DEBUG] [http-nio-8010-exec-14] com.zwk.movie_recommend.dao.MovieTagRelationDao.getByMovieId [BaseJdbcLogger.java : 159] ==> Parameters: 
2026-03-17 23:08:42,069 [DEBUG] [http-nio-8010-exec-21] com.zwk.movie_recommend.dao.MovieTagRelationDao.getByMovieId [BaseJdbcLogger.java : 159] ==>  Preparing: select * from movie_tag_relation where movie_id=8 
2026-03-17 23:08:42,069 [DEBUG] [http-nio-8010-exec-14] com.zwk.movie_recommend.dao.MovieTagRelationDao.getByMovieId [BaseJdbcLogger.java : 159] <==      Total: 3
2026-03-17 23:08:42,070 [DEBUG] [http-nio-8010-exec-21] com.zwk.movie_recommend.dao.MovieTagRelationDao.getByMovieId [BaseJdbcLogger.java : 159] ==> Parameters: 
2026-03-17 23:08:42,072 [DEBUG] [http-nio-8010-exec-14] c.z.movie_recommend.dao.MovieTagRelationDao.getMovieByTagId [BaseJdbcLogger.java : 159] ==>  Preparing: SELECT m.* FROM( SELECT * FROM movie_tag_relation WHERE tag_id = 3) mtr LEFT JOIN ( SELECT * FROM movie WHERE movie_averating = 5) m ON mtr.movie_id = m.movie_id ORDER BY m.movie_averating DESC,m.movie_rate_num 
2026-03-17 23:08:42,073 [DEBUG] [http-nio-8010-exec-21] com.zwk.movie_recommend.dao.MovieTagRelationDao.getByMovieId [BaseJdbcLogger.java : 159] <==      Total: 3
2026-03-17 23:08:42,073 [DEBUG] [http-nio-8010-exec-14] c.z.movie_recommend.dao.MovieTagRelationDao.getMovieByTagId [BaseJdbcLogger.java : 159] ==> Parameters: 
2026-03-17 23:08:42,075 [DEBUG] [http-nio-8010-exec-19] com.zwk.movie_recommend.dao.MovieTagRelationDao.getByMovieId [BaseJdbcLogger.java : 159] ==>  Preparing: select * from movie_tag_relation where movie_id=8 
2026-03-17 23:08:42,075 [DEBUG] [http-nio-8010-exec-21] c.z.movie_recommend.dao.MovieTagRelationDao.getMovieByTagId [BaseJdbcLogger.java : 159] ==>  Preparing: SELECT m.* FROM( SELECT * FROM movie_tag_relation WHERE tag_id = 3) mtr LEFT JOIN ( SELECT * FROM movie WHERE movie_averating = 5) m ON mtr.movie_id = m.movie_id ORDER BY m.movie_averating DESC,m.movie_rate_num 
2026-03-17 23:08:42,077 [DEBUG] [http-nio-8010-exec-19] com.zwk.movie_recommend.dao.MovieTagRelationDao.getByMovieId [BaseJdbcLogger.java : 159] ==> Parameters: 
2026-03-17 23:08:42,077 [DEBUG] [http-nio-8010-exec-21] c.z.movie_recommend.dao.MovieTagRelationDao.getMovieByTagId [BaseJdbcLogger.java : 159] ==> Parameters: 
2026-03-17 23:08:42,079 [DEBUG] [http-nio-8010-exec-19] com.zwk.movie_recommend.dao.MovieTagRelationDao.getByMovieId [BaseJdbcLogger.java : 159] <==      Total: 3
2026-03-17 23:08:42,080 [DEBUG] [http-nio-8010-exec-19] c.z.movie_recommend.dao.MovieTagRelationDao.getMovieByTagId [BaseJdbcLogger.java : 159] ==>  Preparing: SELECT m.* FROM( SELECT * FROM movie_tag_relation WHERE tag_id = 3) mtr LEFT JOIN ( SELECT * FROM movie WHERE movie_averating = 5) m ON mtr.movie_id = m.movie_id ORDER BY m.movie_averating DESC,m.movie_rate_num 
2026-03-17 23:08:42,081 [DEBUG] [http-nio-8010-exec-21] c.z.movie_recommend.dao.MovieTagRelationDao.getMovieByTagId [BaseJdbcLogger.java : 159] <==      Total: 8
2026-03-17 23:08:42,081 [DEBUG] [http-nio-8010-exec-14] c.z.movie_recommend.dao.MovieTagRelationDao.getMovieByTagId [BaseJdbcLogger.java : 159] <==      Total: 8
2026-03-17 23:08:42,081 [DEBUG] [http-nio-8010-exec-23] com.zwk.movie_recommend.dao.MovieTagRelationDao.getByMovieId [BaseJdbcLogger.java : 159] ==>  Preparing: select * from movie_tag_relation where movie_id=8 
2026-03-17 23:08:42,082 [DEBUG] [http-nio-8010-exec-19] c.z.movie_recommend.dao.MovieTagRelationDao.getMovieByTagId [BaseJdbcLogger.java : 159] ==> Parameters: 
2026-03-17 23:08:42,082 [DEBUG] [http-nio-8010-exec-23] com.zwk.movie_recommend.dao.MovieTagRelationDao.getByMovieId [BaseJdbcLogger.java : 159] ==> Parameters: 
2026-03-17 23:08:42,083 [WARN] [http-nio-8010-exec-14] o.s.w.s.m.m.annotation.ExceptionHandlerExceptionResolver [AbstractHandlerExceptionResolver.java : 194] Resolved exception caused by handler execution: java.lang.NullPointerException
2026-03-17 23:08:42,083 [WARN] [http-nio-8010-exec-21] o.s.w.s.m.m.annotation.ExceptionHandlerExceptionResolver [AbstractHandlerExceptionResolver.java : 194] Resolved exception caused by handler execution: java.lang.NullPointerException
2026-03-17 23:08:42,084 [DEBUG] [http-nio-8010-exec-19] c.z.movie_recommend.dao.MovieTagRelationDao.getMovieByTagId [BaseJdbcLogger.java : 159] <==      Total: 8
2026-03-17 23:08:42,085 [DEBUG] [http-nio-8010-exec-23] com.zwk.movie_recommend.dao.MovieTagRelationDao.getByMovieId [BaseJdbcLogger.java : 159] <==      Total: 3
2026-03-17 23:08:42,086 [DEBUG] [http-nio-8010-exec-9] com.zwk.movie_recommend.dao.MovieTagRelationDao.getByMovieId [BaseJdbcLogger.java : 159] ==>  Preparing: select * from movie_tag_relation where movie_id=8 
2026-03-17 23:08:42,086 [DEBUG] [http-nio-8010-exec-12] com.zwk.movie_recommend.dao.MovieTagRelationDao.getByMovieId [BaseJdbcLogger.java : 159] ==>  Preparing: select * from movie_tag_relation where movie_id=8 
2026-03-17 23:08:42,087 [DEBUG] [http-nio-8010-exec-23] c.z.movie_recommend.dao.MovieTagRelationDao.getMovieByTagId [BaseJdbcLogger.java : 159] ==>  Preparing: SELECT m.* FROM( SELECT * FROM movie_tag_relation WHERE tag_id = 3) mtr LEFT JOIN ( SELECT * FROM movie WHERE movie_averating = 5) m ON mtr.movie_id = m.movie_id ORDER BY m.movie_averating DESC,m.movie_rate_num 
2026-03-17 23:08:42,087 [DEBUG] [http-nio-8010-exec-9] com.zwk.movie_recommend.dao.MovieTagRelationDao.getByMovieId [BaseJdbcLogger.java : 159] ==> Parameters: 
2026-03-17 23:08:42,087 [DEBUG] [http-nio-8010-exec-12] com.zwk.movie_recommend.dao.MovieTagRelationDao.getByMovieId [BaseJdbcLogger.java : 159] ==> Parameters: 
2026-03-17 23:08:42,087 [WARN] [http-nio-8010-exec-19] o.s.w.s.m.m.annotation.ExceptionHandlerExceptionResolver [AbstractHandlerExceptionResolver.java : 194] Resolved exception caused by handler execution: java.lang.NullPointerException
2026-03-17 23:08:42,087 [DEBUG] [http-nio-8010-exec-23] c.z.movie_recommend.dao.MovieTagRelationDao.getMovieByTagId [BaseJdbcLogger.java : 159] ==> Parameters: 
2026-03-17 23:08:42,088 [DEBUG] [http-nio-8010-exec-12] com.zwk.movie_recommend.dao.MovieTagRelationDao.getByMovieId [BaseJdbcLogger.java : 159] <==      Total: 3
2026-03-17 23:08:42,088 [DEBUG] [http-nio-8010-exec-9] com.zwk.movie_recommend.dao.MovieTagRelationDao.getByMovieId [BaseJdbcLogger.java : 159] <==      Total: 3
2026-03-17 23:08:42,089 [DEBUG] [http-nio-8010-exec-12] c.z.movie_recommend.dao.MovieTagRelationDao.getMovieByTagId [BaseJdbcLogger.java : 159] ==>  Preparing: SELECT m.* FROM( SELECT * FROM movie_tag_relation WHERE tag_id = 3) mtr LEFT JOIN ( SELECT * FROM movie WHERE movie_averating = 5) m ON mtr.movie_id = m.movie_id ORDER BY m.movie_averating DESC,m.movie_rate_num 
2026-03-17 23:08:42,089 [DEBUG] [http-nio-8010-exec-9] c.z.movie_recommend.dao.MovieTagRelationDao.getMovieByTagId [BaseJdbcLogger.java : 159] ==>  Preparing: SELECT m.* FROM( SELECT * FROM movie_tag_relation WHERE tag_id = 3) mtr LEFT JOIN ( SELECT * FROM movie WHERE movie_averating = 5) m ON mtr.movie_id = m.movie_id ORDER BY m.movie_averating DESC,m.movie_rate_num 
2026-03-17 23:08:42,090 [DEBUG] [http-nio-8010-exec-23] c.z.movie_recommend.dao.MovieTagRelationDao.getMovieByTagId [BaseJdbcLogger.java : 159] <==      Total: 8
2026-03-17 23:08:42,090 [DEBUG] [http-nio-8010-exec-12] c.z.movie_recommend.dao.MovieTagRelationDao.getMovieByTagId [BaseJdbcLogger.java : 159] ==> Parameters: 
2026-03-17 23:08:42,090 [DEBUG] [http-nio-8010-exec-9] c.z.movie_recommend.dao.MovieTagRelationDao.getMovieByTagId [BaseJdbcLogger.java : 159] ==> Parameters: 
2026-03-17 23:08:42,093 [WARN] [http-nio-8010-exec-23] o.s.w.s.m.m.annotation.ExceptionHandlerExceptionResolver [AbstractHandlerExceptionResolver.java : 194] Resolved exception caused by handler execution: java.lang.NullPointerException
2026-03-17 23:08:42,093 [DEBUG] [http-nio-8010-exec-9] c.z.movie_recommend.dao.MovieTagRelationDao.getMovieByTagId [BaseJdbcLogger.java : 159] <==      Total: 8
2026-03-17 23:08:42,093 [DEBUG] [http-nio-8010-exec-12] c.z.movie_recommend.dao.MovieTagRelationDao.getMovieByTagId [BaseJdbcLogger.java : 159] <==      Total: 8
2026-03-17 23:08:42,098 [WARN] [http-nio-8010-exec-9] o.s.w.s.m.m.annotation.ExceptionHandlerExceptionResolver [AbstractHandlerExceptionResolver.java : 194] Resolved exception caused by handler execution: java.lang.NullPointerException
2026-03-17 23:08:42,098 [WARN] [http-nio-8010-exec-12] o.s.w.s.m.m.annotation.ExceptionHandlerExceptionResolver [AbstractHandlerExceptionResolver.java : 194] Resolved exception caused by handler execution: java.lang.NullPointerException
2026-03-17 23:08:42,100 [DEBUG] [http-nio-8010-exec-27] com.zwk.movie_recommend.dao.MovieTagRelationDao.getByMovieId [BaseJdbcLogger.java : 159] ==>  Preparing: select * from movie_tag_relation where movie_id=8 
2026-03-17 23:08:42,101 [DEBUG] [http-nio-8010-exec-27] com.zwk.movie_recommend.dao.MovieTagRelationDao.getByMovieId [BaseJdbcLogger.java : 159] ==> Parameters: 
2026-03-17 23:08:42,103 [DEBUG] [http-nio-8010-exec-27] com.zwk.movie_recommend.dao.MovieTagRelationDao.getByMovieId [BaseJdbcLogger.java : 159] <==      Total: 3
2026-03-17 23:08:42,104 [DEBUG] [http-nio-8010-exec-27] c.z.movie_recommend.dao.MovieTagRelationDao.getMovieByTagId [BaseJdbcLogger.java : 159] ==>  Preparing: SELECT m.* FROM( SELECT * FROM movie_tag_relation WHERE tag_id = 3) mtr LEFT JOIN ( SELECT * FROM movie WHERE movie_averating = 5) m ON mtr.movie_id = m.movie_id ORDER BY m.movie_averating DESC,m.movie_rate_num 
2026-03-17 23:08:42,104 [DEBUG] [http-nio-8010-exec-27] c.z.movie_recommend.dao.MovieTagRelationDao.getMovieByTagId [BaseJdbcLogger.java : 159] ==> Parameters: 
2026-03-17 23:08:42,107 [DEBUG] [http-nio-8010-exec-27] c.z.movie_recommend.dao.MovieTagRelationDao.getMovieByTagId [BaseJdbcLogger.java : 159] <==      Total: 8
2026-03-17 23:08:42,109 [WARN] [http-nio-8010-exec-27] o.s.w.s.m.m.annotation.ExceptionHandlerExceptionResolver [AbstractHandlerExceptionResolver.java : 194] Resolved exception caused by handler execution: java.lang.NullPointerException
2026-03-17 23:08:49,852 [DEBUG] [http-nio-8010-exec-6] com.zwk.movie_recommend.dao.MovieTagRelationDao.getByMovieId [BaseJdbcLogger.java : 159] ==>  Preparing: select * from movie_tag_relation where movie_id=18 
2026-03-17 23:08:49,854 [DEBUG] [http-nio-8010-exec-6] com.zwk.movie_recommend.dao.MovieTagRelationDao.getByMovieId [BaseJdbcLogger.java : 159] ==> Parameters: 
2026-03-17 23:08:49,855 [DEBUG] [http-nio-8010-exec-6] com.zwk.movie_recommend.dao.MovieTagRelationDao.getByMovieId [BaseJdbcLogger.java : 159] <==      Total: 3
2026-03-17 23:08:49,857 [DEBUG] [http-nio-8010-exec-6] c.z.movie_recommend.dao.MovieTagRelationDao.getMovieByTagId [BaseJdbcLogger.java : 159] ==>  Preparing: SELECT m.* FROM( SELECT * FROM movie_tag_relation WHERE tag_id = 2) mtr LEFT JOIN ( SELECT * FROM movie WHERE movie_averating = 5) m ON mtr.movie_id = m.movie_id ORDER BY m.movie_averating DESC,m.movie_rate_num 
2026-03-17 23:08:49,858 [DEBUG] [http-nio-8010-exec-6] c.z.movie_recommend.dao.MovieTagRelationDao.getMovieByTagId [BaseJdbcLogger.java : 159] ==> Parameters: 
2026-03-17 23:08:49,860 [DEBUG] [http-nio-8010-exec-6] c.z.movie_recommend.dao.MovieTagRelationDao.getMovieByTagId [BaseJdbcLogger.java : 159] <==      Total: 12
2026-03-17 23:08:49,862 [WARN] [http-nio-8010-exec-6] o.s.w.s.m.m.annotation.ExceptionHandlerExceptionResolver [AbstractHandlerExceptionResolver.java : 194] Resolved exception caused by handler execution: java.lang.NullPointerException
2026-03-17 23:09:21,269 [DEBUG] [http-nio-8010-exec-4] com.zwk.movie_recommend.dao.MovieTagRelationDao.getByMovieId [BaseJdbcLogger.java : 159] ==>  Preparing: select * from movie_tag_relation where movie_id=18 
2026-03-17 23:09:21,270 [DEBUG] [http-nio-8010-exec-4] com.zwk.movie_recommend.dao.MovieTagRelationDao.getByMovieId [BaseJdbcLogger.java : 159] ==> Parameters: 
2026-03-17 23:09:21,283 [DEBUG] [http-nio-8010-exec-4] com.zwk.movie_recommend.dao.MovieTagRelationDao.getByMovieId [BaseJdbcLogger.java : 159] <==      Total: 3
2026-03-17 23:09:21,285 [DEBUG] [http-nio-8010-exec-4] c.z.movie_recommend.dao.MovieTagRelationDao.getMovieByTagId [BaseJdbcLogger.java : 159] ==>  Preparing: SELECT m.* FROM( SELECT * FROM movie_tag_relation WHERE tag_id = 2) mtr LEFT JOIN ( SELECT * FROM movie WHERE movie_averating = 5) m ON mtr.movie_id = m.movie_id ORDER BY m.movie_averating DESC,m.movie_rate_num 
2026-03-17 23:09:21,287 [DEBUG] [http-nio-8010-exec-4] c.z.movie_recommend.dao.MovieTagRelationDao.getMovieByTagId [BaseJdbcLogger.java : 159] ==> Parameters: 
2026-03-17 23:09:21,294 [DEBUG] [http-nio-8010-exec-4] c.z.movie_recommend.dao.MovieTagRelationDao.getMovieByTagId [BaseJdbcLogger.java : 159] <==      Total: 12
2026-03-17 23:09:21,297 [WARN] [http-nio-8010-exec-4] o.s.w.s.m.m.annotation.ExceptionHandlerExceptionResolver [AbstractHandlerExceptionResolver.java : 194] Resolved exception caused by handler execution: java.lang.NullPointerException
2026-03-17 23:10:00,012 [INFO] [pool-1-thread-1] com.zwk.movie_recommend.config.CacheDataTask [CacheDataTask.java : 25] 缓存定时任务执行开始
2026-03-17 23:10:00,012 [INFO] [pool-1-thread-1] com.zwk.movie_recommend.redis.CacheData [CacheData.java : 63] 开始初始化缓存数据
2026-03-17 23:10:00,012 [INFO] [pool-1-thread-1] com.zwk.movie_recommend.redis.CacheData [CacheData.java : 64] -----------------
2026-03-17 23:10:00,022 [ERROR] [pool-1-thread-1] o.s.scheduling.support.TaskUtils$LoggingErrorHandler [TaskUtils.java : 96] Unexpected error occurred in scheduled task.
java.lang.NullPointerException: null
	at com.zwk.movie_recommend.redis.CacheData.init(CacheData.java:65)
	at com.zwk.movie_recommend.redis.CacheData.refreshCacheAll(CacheData.java:91)
	at com.zwk.movie_recommend.config.CacheDataTask.refreshCache(CacheDataTask.java:26)
	at sun.reflect.NativeMethodAccessorImpl.invoke0(Native Method)
	at sun.reflect.NativeMethodAccessorImpl.invoke(NativeMethodAccessorImpl.java:62)
	at sun.reflect.DelegatingMethodAccessorImpl.invoke(DelegatingMethodAccessorImpl.java:43)
	at java.lang.reflect.Method.invoke(Method.java:498)
	at org.springframework.scheduling.support.ScheduledMethodRunnable.run(ScheduledMethodRunnable.java:84)
	at org.springframework.scheduling.support.DelegatingErrorHandlingRunnable.run(DelegatingErrorHandlingRunnable.java:54)
	at org.springframework.scheduling.concurrent.ReschedulingRunnable.run(ReschedulingRunnable.java:93)
	at java.util.concurrent.Executors$RunnableAdapter.call(Executors.java:511)
	at java.util.concurrent.FutureTask.run$$$capture(FutureTask.java:266)
	at java.util.concurrent.FutureTask.run(FutureTask.java)
	at java.util.concurrent.ScheduledThreadPoolExecutor$ScheduledFutureTask.access$201(ScheduledThreadPoolExecutor.java:180)
	at java.util.concurrent.ScheduledThreadPoolExecutor$ScheduledFutureTask.run(ScheduledThreadPoolExecutor.java:293)
	at java.util.concurrent.ThreadPoolExecutor.runWorker(ThreadPoolExecutor.java:1149)
	at java.util.concurrent.ThreadPoolExecutor$Worker.run(ThreadPoolExecutor.java:624)
	at java.lang.Thread.run(Thread.java:748)
2026-03-17 23:10:13,387 [INFO] [Thread-30] o.s.b.w.s.c.AnnotationConfigServletWebServerApplicationContext [AbstractApplicationContext.java : 993] Closing org.springframework.boot.web.servlet.context.AnnotationConfigServletWebServerApplicationContext@645534b2: startup date [Tue Mar 17 23:04:55 CST 2026]; root of context hierarchy
2026-03-17 23:10:13,393 [INFO] [Thread-30] o.s.jmx.export.annotation.AnnotationMBeanExporter [MBeanExporter.java : 451] Unregistering JMX-exposed beans on shutdown
2026-03-17 23:10:13,393 [INFO] [Thread-30] o.s.jmx.export.annotation.AnnotationMBeanExporter [MBeanRegistrationSupport.java : 185] Unregistering JMX-exposed beans
2026-03-17 23:10:13,397 [DEBUG] [Thread-30] com.zwk.movie_recommend.utils.SpringContextHolder [SpringContextHolder.java : 56] 清除SpringContextHolder中的ApplicationContext:org.springframework.boot.web.servlet.context.AnnotationConfigServletWebServerApplicationContext@645534b2: startup date [Tue Mar 17 23:04:55 CST 2026]; root of context hierarchy
2026-03-17 23:10:20,977 [INFO] [restartedMain] com.zwk.movie_recommend.MovieRecommendApiApplication [StartupInfoLogger.java : 50] Starting MovieRecommendApiApplication on zwk with PID 27024 (D:\code\java\movie_recommend_system\movie-recommend-api\target\classes started by win10 in D:\code\java\movie_recommend_system)
2026-03-17 23:10:20,986 [DEBUG] [restartedMain] com.zwk.movie_recommend.MovieRecommendApiApplication [StartupInfoLogger.java : 53] Running with Spring Boot v2.0.5.RELEASE, Spring v5.0.9.RELEASE
2026-03-17 23:10:20,987 [INFO] [restartedMain] com.zwk.movie_recommend.MovieRecommendApiApplication [SpringApplication.java : 680] No active profile set, falling back to default profiles: default
2026-03-17 23:10:21,117 [INFO] [restartedMain] o.s.b.w.s.c.AnnotationConfigServletWebServerApplicationContext [AbstractApplicationContext.java : 590] Refreshing org.springframework.boot.web.servlet.context.AnnotationConfigServletWebServerApplicationContext@72ef1a6f: startup date [Tue Mar 17 23:10:21 CST 2026]; root of context hierarchy
2026-03-17 23:10:22,806 [INFO] [restartedMain] o.s.data.repository.config.RepositoryConfigurationDelegate [RepositoryConfigurationDelegate.java : 172] Multiple Spring Data modules found, entering strict repository configuration mode!
2026-03-17 23:10:23,502 [INFO] [restartedMain] o.s.c.s.PostProcessorRegistrationDelegate$BeanPostProcessorChecker [PostProcessorRegistrationDelegate.java : 326] Bean 'org.springframework.transaction.annotation.ProxyTransactionManagementConfiguration' of type [org.springframework.transaction.annotation.ProxyTransactionManagementConfiguration$$EnhancerBySpringCGLIB$$4f6698f] is not eligible for getting processed by all BeanPostProcessors (for example: not eligible for auto-proxying)
2026-03-17 23:10:24,314 [INFO] [restartedMain] org.springframework.boot.web.embedded.tomcat.TomcatWebServer [TomcatWebServer.java : 91] Tomcat initialized with port(s): 8010 (http)
2026-03-17 23:10:24,361 [INFO] [restartedMain] org.apache.catalina.core.StandardService [DirectJDKLog.java : 180] Starting service [Tomcat]
2026-03-17 23:10:24,363 [INFO] [restartedMain] org.apache.catalina.core.StandardEngine [DirectJDKLog.java : 180] Starting Servlet Engine: Apache Tomcat/8.5.34
2026-03-17 23:10:24,382 [INFO] [localhost-startStop-1] org.apache.catalina.core.AprLifecycleListener [DirectJDKLog.java : 180] The APR based Apache Tomcat Native library which allows optimal performance in production environments was not found on the java.library.path: [D:\code\jdk\bin;C:\WINDOWS\Sun\Java\bin;C:\WINDOWS\system32;C:\WINDOWS;C:\Python314\Scripts\;C:\Python314\;C:\ProgramData\Oracle\Java\javapath;C:\WINDOWS\system32;C:\WINDOWS;C:\WINDOWS\System32\Wbem;C:\WINDOWS\System32\WindowsPowerShell\v1.0\;C:\WINDOWS\System32\OpenSSH\;C:\Program Files\Docker\Docker\resources\bin;D:\code\apache-maven-3.5.3\bin;D:\code\Git\cmd;D:\code\skaffold\skaffold-windows-amd64.exe;D:\software\mysql5.8\bin;D:\software\NodeJS\;C:\ProgramData\chocolatey\bin;C:\Program Files\NVIDIA Corporation\NVIDIA App\NvDLISR;C:\Program Files (x86)\NVIDIA Corporation\PhysX\Common;C:\Users\win10\AppData\Local\Microsoft\WindowsApps;;C:\Program Files\JetBrains\IntelliJ IDEA 2025.3.3\bin;D:\code\GoLand 2023.2.1\bin;;D:\code\VSCode\bin;C:\Users\win10\AppData\Roaming\npm;.]
2026-03-17 23:10:24,738 [INFO] [localhost-startStop-1] org.apache.jasper.servlet.TldScanner [DirectJDKLog.java : 180] At least one JAR was scanned for TLDs yet contained no TLDs. Enable debug logging for this logger for a complete list of JARs that were scanned but no TLDs were found in them. Skipping unneeded JARs during scanning can improve startup time and JSP compilation time.
2026-03-17 23:10:24,746 [INFO] [localhost-startStop-1] o.a.c.c.C.[Tomcat].[localhost].[/movie-recommend-api] [DirectJDKLog.java : 180] Initializing Spring embedded WebApplicationContext
2026-03-17 23:10:24,746 [INFO] [localhost-startStop-1] org.springframework.web.context.ContextLoader [ServletWebServerApplicationContext.java : 285] Root WebApplicationContext: initialization completed in 3631 ms
2026-03-17 23:10:24,915 [INFO] [localhost-startStop-1] org.springframework.boot.web.servlet.ServletRegistrationBean [ServletRegistrationBean.java : 187] Servlet dispatcherServlet mapped to [/]
2026-03-17 23:10:24,918 [INFO] [localhost-startStop-1] org.springframework.boot.web.servlet.ServletRegistrationBean [ServletRegistrationBean.java : 187] Servlet statViewServlet mapped to [/druid/*]
2026-03-17 23:10:24,927 [INFO] [localhost-startStop-1] org.springframework.boot.web.servlet.FilterRegistrationBean [AbstractFilterRegistrationBean.java : 245] Mapping filter: 'characterEncodingFilter' to: [/*]
2026-03-17 23:10:24,927 [INFO] [localhost-startStop-1] org.springframework.boot.web.servlet.FilterRegistrationBean [AbstractFilterRegistrationBean.java : 245] Mapping filter: 'hiddenHttpMethodFilter' to: [/*]
2026-03-17 23:10:24,928 [INFO] [localhost-startStop-1] org.springframework.boot.web.servlet.FilterRegistrationBean [AbstractFilterRegistrationBean.java : 245] Mapping filter: 'httpPutFormContentFilter' to: [/*]
2026-03-17 23:10:24,928 [INFO] [localhost-startStop-1] org.springframework.boot.web.servlet.FilterRegistrationBean [AbstractFilterRegistrationBean.java : 245] Mapping filter: 'requestContextFilter' to: [/*]
2026-03-17 23:10:24,928 [INFO] [localhost-startStop-1] org.springframework.boot.web.servlet.FilterRegistrationBean [AbstractFilterRegistrationBean.java : 258] Mapping filter: 'webStatFilter' to urls: [/*]
2026-03-17 23:10:25,307 [INFO] [restartedMain] c.a.d.spring.boot.autoconfigure.DruidDataSourceAutoConfigure [DruidDataSourceAutoConfigure.java : 56] Init DruidDataSource
2026-03-17 23:10:26,134 [INFO] [restartedMain] com.alibaba.druid.pool.DruidDataSource [DruidDataSource.java : 930] {dataSource-1} inited
2026-03-17 23:10:27,027 [WARN] [restartedMain] com.baomidou.mybatisplus.toolkit.TableInfoHelper [TableInfoHelper.java : 188] Warn: Could not find @TableId in Class: com.zwk.movie_recommend.entity.MovieSimilarEntity.
2026-03-17 23:10:27,027 [WARN] [restartedMain] com.baomidou.mybatisplus.mapper.AutoSqlInjector [AutoSqlInjector.java : 147] class com.zwk.movie_recommend.entity.MovieSimilarEntity ,Not found @TableId annotation, Cannot use Mybatis-Plus 'xxById' Method.
2026-03-17 23:10:28,191 [WARN] [restartedMain] o.s.b.f.annotation.AutowiredAnnotationBeanPostProcessor [AutowiredAnnotationBeanPostProcessor.java : 437] Autowired annotation is not supported on static fields: public static redis.clients.jedis.JedisPool com.zwk.movie_recommend.redis.RedisUtils.JedisPool
2026-03-17 23:10:28,880 [INFO] [restartedMain] o.s.w.s.mvc.method.annotation.RequestMappingHandlerMapping [AbstractHandlerMethodMapping.java : 549] Mapped "{[/index]}" onto public java.lang.String com.zwk.movie_recommend.controller.CustomerController.showIndex(javax.servlet.http.HttpServletRequest)
2026-03-17 23:10:28,882 [INFO] [restartedMain] o.s.w.s.mvc.method.annotation.RequestMappingHandlerMapping [AbstractHandlerMethodMapping.java : 549] Mapped "{[/homepage]}" onto public java.lang.String com.zwk.movie_recommend.controller.CustomerController.showHomepage(javax.servlet.http.HttpServletRequest)
2026-03-17 23:10:28,882 [INFO] [restartedMain] o.s.w.s.mvc.method.annotation.RequestMappingHandlerMapping [AbstractHandlerMethodMapping.java : 549] Mapped "{[/loadingmore],methods=[POST]}" onto public com.zwk.movie_recommend.common.ResultView com.zwk.movie_recommend.controller.CustomerController.showloadmore(javax.servlet.http.HttpServletRequest)
2026-03-17 23:10:28,882 [INFO] [restartedMain] o.s.w.s.mvc.method.annotation.RequestMappingHandlerMapping [AbstractHandlerMethodMapping.java : 549] Mapped "{[/getstar],methods=[POST]}" onto public java.lang.String com.zwk.movie_recommend.controller.CustomerController.getstar(javax.servlet.http.HttpServletRequest) throws java.text.ParseException
2026-03-17 23:10:28,882 [INFO] [restartedMain] o.s.w.s.mvc.method.annotation.RequestMappingHandlerMapping [AbstractHandlerMethodMapping.java : 549] Mapped "{[/getSimiMovies],methods=[POST]}" onto public com.zwk.movie_recommend.common.ResultView com.zwk.movie_recommend.controller.CustomerController.getSimiMovies(javax.servlet.http.HttpServletRequest) throws java.text.ParseException
2026-03-17 23:10:28,884 [INFO] [restartedMain] o.s.w.s.mvc.method.annotation.RequestMappingHandlerMapping [AbstractHandlerMethodMapping.java : 549] Mapped "{[/likedmovie],methods=[POST]}" onto public java.lang.String com.zwk.movie_recommend.controller.CustomerController.likedmovie(javax.servlet.http.HttpServletRequest) throws java.text.ParseException
2026-03-17 23:10:28,884 [INFO] [restartedMain] o.s.w.s.mvc.method.annotation.RequestMappingHandlerMapping [AbstractHandlerMethodMapping.java : 549] Mapped "{[/MovieDescription]}" onto public java.lang.String com.zwk.movie_recommend.controller.CustomerController.showMoiveDescription(javax.servlet.http.HttpServletRequest)
2026-03-17 23:10:28,884 [INFO] [restartedMain] o.s.w.s.mvc.method.annotation.RequestMappingHandlerMapping [AbstractHandlerMethodMapping.java : 549] Mapped "{[/Customer/Description]}" onto public java.lang.String com.zwk.movie_recommend.controller.CustomerController.GoMoiveDescription(javax.servlet.http.HttpServletRequest)
2026-03-17 23:10:28,884 [INFO] [restartedMain] o.s.w.s.mvc.method.annotation.RequestMappingHandlerMapping [AbstractHandlerMethodMapping.java : 549] Mapped "{[/typesortmovie],methods=[POST]}" onto public com.zwk.movie_recommend.common.ResultView com.zwk.movie_recommend.controller.CustomerController.showtypesortmovie(javax.servlet.http.HttpServletRequest)
2026-03-17 23:10:28,884 [INFO] [restartedMain] o.s.w.s.mvc.method.annotation.RequestMappingHandlerMapping [AbstractHandlerMethodMapping.java : 549] Mapped "{[/search],methods=[POST]}" onto public com.zwk.movie_recommend.common.ResultView com.zwk.movie_recommend.controller.MovieController.selectMoviesByName(javax.servlet.http.HttpServletRequest)
2026-03-17 23:10:28,889 [INFO] [restartedMain] o.s.w.s.mvc.method.annotation.RequestMappingHandlerMapping [AbstractHandlerMethodMapping.java : 549] Mapped "{[/api/rank/genre/{genre}],methods=[GET]}" onto public com.zwk.movie_recommend.common.ResultView com.zwk.movie_recommend.controller.RankController.getGenreRank(java.lang.String)
2026-03-17 23:10:28,891 [INFO] [restartedMain] o.s.w.s.mvc.method.annotation.RequestMappingHandlerMapping [AbstractHandlerMethodMapping.java : 549] Mapped "{[/api/rank/{rankType}],methods=[GET]}" onto public com.zwk.movie_recommend.common.ResultView com.zwk.movie_recommend.controller.RankController.getRankByType(java.lang.String)
2026-03-17 23:10:28,891 [INFO] [restartedMain] o.s.w.s.mvc.method.annotation.RequestMappingHandlerMapping [AbstractHandlerMethodMapping.java : 549] Mapped "{[/api/rank/top250],methods=[GET]}" onto public com.zwk.movie_recommend.common.ResultView com.zwk.movie_recommend.controller.RankController.getTop250()
2026-03-17 23:10:28,892 [INFO] [restartedMain] o.s.w.s.mvc.method.annotation.RequestMappingHandlerMapping [AbstractHandlerMethodMapping.java : 549] Mapped "{[/api/rank/list],methods=[GET]}" onto public com.zwk.movie_recommend.common.ResultView com.zwk.movie_recommend.controller.RankController.getRankList()
2026-03-17 23:10:28,892 [INFO] [restartedMain] o.s.w.s.mvc.method.annotation.RequestMappingHandlerMapping [AbstractHandlerMethodMapping.java : 549] Mapped "{[/api/rank/monthly/{year}/{month}],methods=[GET]}" onto public com.zwk.movie_recommend.common.ResultView com.zwk.movie_recommend.controller.RankController.getMonthlyRank(java.lang.Integer,java.lang.Integer)
2026-03-17 23:10:28,892 [INFO] [restartedMain] o.s.w.s.mvc.method.annotation.RequestMappingHandlerMapping [AbstractHandlerMethodMapping.java : 549] Mapped "{[/api/rank/monthly],methods=[GET]}" onto public com.zwk.movie_recommend.common.ResultView com.zwk.movie_recommend.controller.RankController.getCurrentMonthRank()
2026-03-17 23:10:28,894 [INFO] [restartedMain] o.s.w.s.mvc.method.annotation.RequestMappingHandlerMapping [AbstractHandlerMethodMapping.java : 549] Mapped "{[/customer/register],methods=[POST]}" onto public com.zwk.movie_recommend.common.ResultView com.zwk.movie_recommend.controller.RegisterController.register(com.zwk.movie_recommend.entity.UserEntity,javax.servlet.http.HttpServletRequest)
2026-03-17 23:10:28,894 [INFO] [restartedMain] o.s.w.s.mvc.method.annotation.RequestMappingHandlerMapping [AbstractHandlerMethodMapping.java : 549] Mapped "{[/customer/register]}" onto public java.lang.String com.zwk.movie_recommend.controller.RegisterController.reg(javax.servlet.http.HttpServletRequest,org.springframework.ui.Model)
2026-03-17 23:10:28,894 [INFO] [restartedMain] o.s.w.s.mvc.method.annotation.RequestMappingHandlerMapping [AbstractHandlerMethodMapping.java : 549] Mapped "{[/customer/check/{param}/{type}]}" onto public com.zwk.movie_recommend.common.ResultView com.zwk.movie_recommend.controller.RegisterController.checkData(java.lang.String,java.lang.Integer)
2026-03-17 23:10:28,896 [INFO] [restartedMain] o.s.w.s.mvc.method.annotation.RequestMappingHandlerMapping [AbstractHandlerMethodMapping.java : 549] Mapped "{[/sendCode]}" onto public com.zwk.movie_recommend.common.ResultView com.zwk.movie_recommend.controller.RegisterController.sendCode(java.lang.String,javax.servlet.http.HttpServletRequest)
2026-03-17 23:10:28,896 [INFO] [restartedMain] o.s.w.s.mvc.method.annotation.RequestMappingHandlerMapping [AbstractHandlerMethodMapping.java : 549] Mapped "{[/customer/checkboth/{paramName}/{paramEmail}/{type}]}" onto public com.zwk.movie_recommend.common.ResultView com.zwk.movie_recommend.controller.RegisterController.checkDataBoth(java.lang.String,java.lang.String,java.lang.Integer)
2026-03-17 23:10:28,896 [INFO] [restartedMain] o.s.w.s.mvc.method.annotation.RequestMappingHandlerMapping [AbstractHandlerMethodMapping.java : 549] Mapped "{[/tag/tagList]}" onto public com.zwk.movie_recommend.common.ResultView com.zwk.movie_recommend.controller.TagController.tagList(javax.servlet.http.HttpServletRequest)
2026-03-17 23:10:28,897 [INFO] [restartedMain] o.s.w.s.mvc.method.annotation.RequestMappingHandlerMapping [AbstractHandlerMethodMapping.java : 549] Mapped "{[/page/login]}" onto public java.lang.String com.zwk.movie_recommend.controller.UserController.log()
2026-03-17 23:10:28,899 [INFO] [restartedMain] o.s.w.s.mvc.method.annotation.RequestMappingHandlerMapping [AbstractHandlerMethodMapping.java : 549] Mapped "{[/customer/login]}" onto public com.zwk.movie_recommend.common.ResultView com.zwk.movie_recommend.controller.UserController.login(java.lang.String,java.lang.String,javax.servlet.http.HttpServletRequest) throws java.text.ParseException
2026-03-17 23:10:28,899 [INFO] [restartedMain] o.s.w.s.mvc.method.annotation.RequestMappingHandlerMapping [AbstractHandlerMethodMapping.java : 549] Mapped "{[/customer/logout]}" onto public java.lang.String com.zwk.movie_recommend.controller.UserController.pagelogout(javax.servlet.http.HttpServletRequest)
2026-03-17 23:10:28,899 [INFO] [restartedMain] o.s.w.s.mvc.method.annotation.RequestMappingHandlerMapping [AbstractHandlerMethodMapping.java : 549] Mapped "{[/home]}" onto public java.lang.String com.zwk.movie_recommend.controller.UserController.toHome()
2026-03-17 23:10:28,899 [INFO] [restartedMain] o.s.w.s.mvc.method.annotation.RequestMappingHandlerMapping [AbstractHandlerMethodMapping.java : 549] Mapped "{[/customer/register/movieSubmit],methods=[POST]}" onto public java.lang.String com.zwk.movie_recommend.controller.UserController.selectedMovie(java.lang.String,javax.servlet.http.HttpServletRequest)
2026-03-17 23:10:28,899 [INFO] [restartedMain] o.s.w.s.mvc.method.annotation.RequestMappingHandlerMapping [AbstractHandlerMethodMapping.java : 549] Mapped "{[/editUser]}" onto public com.zwk.movie_recommend.common.ResultView com.zwk.movie_recommend.controller.UserController.editUser(java.lang.Long,javax.servlet.http.HttpServletRequest)
2026-03-17 23:10:28,901 [INFO] [restartedMain] o.s.w.s.mvc.method.annotation.RequestMappingHandlerMapping [AbstractHandlerMethodMapping.java : 549] Mapped "{[/profile]}" onto public java.lang.String com.zwk.movie_recommend.controller.UserController.showProfie()
2026-03-17 23:10:28,901 [INFO] [restartedMain] o.s.w.s.mvc.method.annotation.RequestMappingHandlerMapping [AbstractHandlerMethodMapping.java : 549] Mapped "{[/updateUser]}" onto public com.zwk.movie_recommend.common.ResultView com.zwk.movie_recommend.controller.UserController.updateUser(com.zwk.movie_recommend.entity.UserEntity,javax.servlet.http.HttpServletRequest)
2026-03-17 23:10:28,901 [INFO] [restartedMain] o.s.w.s.mvc.method.annotation.RequestMappingHandlerMapping [AbstractHandlerMethodMapping.java : 549] Mapped "{[/customer/profile]}" onto public java.lang.String com.zwk.movie_recommend.controller.UserController.goProfile(javax.servlet.http.HttpServletRequest)
2026-03-17 23:10:28,902 [INFO] [restartedMain] o.s.w.s.mvc.method.annotation.RequestMappingHandlerMapping [AbstractHandlerMethodMapping.java : 549] Mapped "{[/likedTags],methods=[POST]}" onto public java.lang.String com.zwk.movie_recommend.controller.UserTagController.likedmovie(javax.servlet.http.HttpServletRequest) throws java.text.ParseException
2026-03-17 23:10:28,904 [INFO] [restartedMain] o.s.w.s.mvc.method.annotation.RequestMappingHandlerMapping [AbstractHandlerMethodMapping.java : 549] Mapped "{[/api/watch/watchingList],methods=[GET]}" onto public com.zwk.movie_recommend.common.ResultView com.zwk.movie_recommend.controller.WatchStatusController.getWatchingList(javax.servlet.http.HttpServletRequest)
2026-03-17 23:10:28,905 [INFO] [restartedMain] o.s.w.s.mvc.method.annotation.RequestMappingHandlerMapping [AbstractHandlerMethodMapping.java : 549] Mapped "{[/api/watch/watchedList],methods=[GET]}" onto public com.zwk.movie_recommend.common.ResultView com.zwk.movie_recommend.controller.WatchStatusController.getWatchedList(javax.servlet.http.HttpServletRequest)
2026-03-17 23:10:28,905 [INFO] [restartedMain] o.s.w.s.mvc.method.annotation.RequestMappingHandlerMapping [AbstractHandlerMethodMapping.java : 549] Mapped "{[/api/watch/status],methods=[GET]}" onto public com.zwk.movie_recommend.common.ResultView com.zwk.movie_recommend.controller.WatchStatusController.getWatchStatus(java.lang.Long,javax.servlet.http.HttpServletRequest)
2026-03-17 23:10:28,905 [INFO] [restartedMain] o.s.w.s.mvc.method.annotation.RequestMappingHandlerMapping [AbstractHandlerMethodMapping.java : 549] Mapped "{[/api/watch/wishList],methods=[GET]}" onto public com.zwk.movie_recommend.common.ResultView com.zwk.movie_recommend.controller.WatchStatusController.getWishList(javax.servlet.http.HttpServletRequest)
2026-03-17 23:10:28,905 [INFO] [restartedMain] o.s.w.s.mvc.method.annotation.RequestMappingHandlerMapping [AbstractHandlerMethodMapping.java : 549] Mapped "{[/api/watch/setStatus],methods=[POST]}" onto public com.zwk.movie_recommend.common.ResultView com.zwk.movie_recommend.controller.WatchStatusController.setWatchStatus(java.lang.Long,java.lang.Integer,javax.servlet.http.HttpServletRequest)
2026-03-17 23:10:28,905 [INFO] [restartedMain] o.s.w.s.mvc.method.annotation.RequestMappingHandlerMapping [AbstractHandlerMethodMapping.java : 549] Mapped "{[/api/watch/remove],methods=[POST]}" onto public com.zwk.movie_recommend.common.ResultView com.zwk.movie_recommend.controller.WatchStatusController.removeWatchStatus(java.lang.Long,javax.servlet.http.HttpServletRequest)
2026-03-17 23:10:28,907 [INFO] [restartedMain] o.s.w.s.mvc.method.annotation.RequestMappingHandlerMapping [AbstractHandlerMethodMapping.java : 549] Mapped "{[/v2/api-docs],methods=[GET],produces=[application/json || application/hal+json]}" onto public org.springframework.http.ResponseEntity<springfox.documentation.spring.web.json.Json> springfox.documentation.swagger2.web.Swagger2Controller.getDocumentation(java.lang.String,javax.servlet.http.HttpServletRequest)
2026-03-17 23:10:28,910 [INFO] [restartedMain] o.s.w.s.mvc.method.annotation.RequestMappingHandlerMapping [AbstractHandlerMethodMapping.java : 549] Mapped "{[/configuration/ui]}" onto org.springframework.http.ResponseEntity<springfox.documentation.swagger.web.UiConfiguration> springfox.documentation.swagger.web.ApiResourceController.uiConfiguration()
2026-03-17 23:10:28,912 [INFO] [restartedMain] o.s.w.s.mvc.method.annotation.RequestMappingHandlerMapping [AbstractHandlerMethodMapping.java : 549] Mapped "{[/swagger-resources]}" onto org.springframework.http.ResponseEntity<java.util.List<springfox.documentation.swagger.web.SwaggerResource>> springfox.documentation.swagger.web.ApiResourceController.swaggerResources()
2026-03-17 23:10:28,912 [INFO] [restartedMain] o.s.w.s.mvc.method.annotation.RequestMappingHandlerMapping [AbstractHandlerMethodMapping.java : 549] Mapped "{[/configuration/security]}" onto org.springframework.http.ResponseEntity<springfox.documentation.swagger.web.SecurityConfiguration> springfox.documentation.swagger.web.ApiResourceController.securityConfiguration()
2026-03-17 23:10:28,916 [INFO] [restartedMain] o.s.w.s.mvc.method.annotation.RequestMappingHandlerMapping [AbstractHandlerMethodMapping.java : 549] Mapped "{[/error]}" onto public org.springframework.http.ResponseEntity<java.util.Map<java.lang.String, java.lang.Object>> org.springframework.boot.autoconfigure.web.servlet.error.BasicErrorController.error(javax.servlet.http.HttpServletRequest)
2026-03-17 23:10:28,916 [INFO] [restartedMain] o.s.w.s.mvc.method.annotation.RequestMappingHandlerMapping [AbstractHandlerMethodMapping.java : 549] Mapped "{[/error],produces=[text/html]}" onto public org.springframework.web.servlet.ModelAndView org.springframework.boot.autoconfigure.web.servlet.error.BasicErrorController.errorHtml(javax.servlet.http.HttpServletRequest,javax.servlet.http.HttpServletResponse)
2026-03-17 23:10:29,073 [INFO] [restartedMain] com.zwk.movie_recommend.config.RedisConfig [RedisConfig.java : 47] ===================JedisPool注入成功===================
2026-03-17 23:10:29,075 [INFO] [restartedMain] com.zwk.movie_recommend.config.RedisConfig [RedisConfig.java : 48] ============redis地址：127.0.0.1:6379===========
2026-03-17 23:10:29,130 [INFO] [restartedMain] com.zwk.movie_recommend.config.RedisConfig [RedisConfig.java : 62] ===================redis初始化!!!===================
2026-03-17 23:10:29,372 [INFO] [restartedMain] o.s.web.servlet.handler.SimpleUrlHandlerMapping [AbstractUrlHandlerMapping.java : 373] Mapped URL path [/**/favicon.ico] onto handler of type [class org.springframework.web.servlet.resource.ResourceHttpRequestHandler]
2026-03-17 23:10:29,730 [INFO] [restartedMain] o.s.w.s.mvc.method.annotation.RequestMappingHandlerAdapter [RequestMappingHandlerAdapter.java : 588] Looking for @ControllerAdvice: org.springframework.boot.web.servlet.context.AnnotationConfigServletWebServerApplicationContext@72ef1a6f: startup date [Tue Mar 17 23:10:21 CST 2026]; root of context hierarchy
2026-03-17 23:10:29,818 [INFO] [restartedMain] o.s.web.servlet.handler.SimpleUrlHandlerMapping [AbstractUrlHandlerMapping.java : 360] Root mapping to handler of type [class org.springframework.web.servlet.mvc.ParameterizableViewController]
2026-03-17 23:10:29,844 [INFO] [restartedMain] o.s.web.servlet.handler.SimpleUrlHandlerMapping [AbstractUrlHandlerMapping.java : 373] Mapped URL path [/webjars/**] onto handler of type [class org.springframework.web.servlet.resource.ResourceHttpRequestHandler]
2026-03-17 23:10:29,846 [INFO] [restartedMain] o.s.web.servlet.handler.SimpleUrlHandlerMapping [AbstractUrlHandlerMapping.java : 373] Mapped URL path [/**] onto handler of type [class org.springframework.web.servlet.resource.ResourceHttpRequestHandler]
2026-03-17 23:10:29,883 [INFO] [restartedMain] o.s.w.s.m.m.annotation.ExceptionHandlerExceptionResolver [ExceptionHandlerExceptionResolver.java : 288] Detected @ExceptionHandler methods in baseException
2026-03-17 23:10:30,001 [INFO] [restartedMain] o.s.boot.autoconfigure.web.servlet.WelcomePageHandlerMapping [WelcomePageHandlerMapping.java : 61] Adding welcome page template: index
2026-03-17 23:10:30,663 [INFO] [restartedMain] org.springframework.ui.freemarker.SpringTemplateLoader [SpringTemplateLoader.java : 62] SpringTemplateLoader for FreeMarker: using resource loader [org.springframework.boot.web.servlet.context.AnnotationConfigServletWebServerApplicationContext@72ef1a6f: startup date [Tue Mar 17 23:10:21 CST 2026]; root of context hierarchy] and template loader path [classpath:/templates/]
2026-03-17 23:10:30,667 [INFO] [restartedMain] o.s.web.servlet.view.freemarker.FreeMarkerConfigurer [FreeMarkerConfigurer.java : 131] ClassTemplateLoader for Spring macros added to FreeMarker configuration
2026-03-17 23:10:30,972 [INFO] [restartedMain] o.s.boot.devtools.autoconfigure.OptionalLiveReloadServer [OptionalLiveReloadServer.java : 57] LiveReload server is running on port 35729
2026-03-17 23:10:31,026 [INFO] [restartedMain] o.s.jmx.export.annotation.AnnotationMBeanExporter [MBeanExporter.java : 433] Registering beans for JMX exposure on startup
2026-03-17 23:10:31,028 [INFO] [restartedMain] o.s.jmx.export.annotation.AnnotationMBeanExporter [MBeanExporter.java : 895] Bean with name 'statFilter' has been autodetected for JMX exposure
2026-03-17 23:10:31,028 [INFO] [restartedMain] o.s.jmx.export.annotation.AnnotationMBeanExporter [MBeanExporter.java : 895] Bean with name 'dataSource' has been autodetected for JMX exposure
2026-03-17 23:10:31,039 [INFO] [restartedMain] o.s.jmx.export.annotation.AnnotationMBeanExporter [MBeanExporter.java : 668] Located MBean 'dataSource': registering with JMX server as MBean [com.alibaba.druid.spring.boot.autoconfigure:name=dataSource,type=DruidDataSourceWrapper]
2026-03-17 23:10:31,040 [INFO] [restartedMain] o.s.jmx.export.annotation.AnnotationMBeanExporter [MBeanExporter.java : 668] Located MBean 'statFilter': registering with JMX server as MBean [com.alibaba.druid.filter.stat:name=statFilter,type=StatFilter]
2026-03-17 23:10:31,057 [INFO] [restartedMain] o.s.s.annotation.ScheduledAnnotationBeanPostProcessor [ScheduledAnnotationBeanPostProcessor.java : 276] No TaskScheduler/ScheduledExecutorService bean found for scheduled processing
2026-03-17 23:10:31,073 [INFO] [restartedMain] s.d.spring.web.plugins.DocumentationPluginsBootstrapper [DocumentationPluginsBootstrapper.java : 84] Context refreshed
2026-03-17 23:10:31,130 [INFO] [restartedMain] s.d.spring.web.plugins.DocumentationPluginsBootstrapper [DocumentationPluginsBootstrapper.java : 87] Found 1 custom documentation plugin(s)
2026-03-17 23:10:31,158 [INFO] [restartedMain] s.d.spring.web.scanners.ApiListingReferenceScanner [ApiListingReferenceScanner.java : 44] Scanning for api listing references
2026-03-17 23:10:31,761 [INFO] [restartedMain] org.springframework.boot.web.embedded.tomcat.TomcatWebServer [TomcatWebServer.java : 206] Tomcat started on port(s): 8010 (http) with context path '/movie-recommend-api'
2026-03-17 23:10:31,773 [INFO] [restartedMain] com.zwk.movie_recommend.MovieRecommendApiApplication [StartupInfoLogger.java : 59] Started MovieRecommendApiApplication in 11.286 seconds (JVM running for 13.281)
2026-03-17 23:10:31,776 [INFO] [restartedMain] com.zwk.movie_recommend.redis.CacheData [CacheData.java : 63] 开始初始化缓存数据
2026-03-17 23:10:31,778 [INFO] [restartedMain] com.zwk.movie_recommend.redis.CacheData [CacheData.java : 64] -----------------
2026-03-17 23:10:31,846 [DEBUG] [restartedMain] com.zwk.movie_recommend.dao.MovieDao.getAllMovie [BaseJdbcLogger.java : 159] ==>  Preparing: select * from movie where 1=1 
2026-03-17 23:10:31,964 [DEBUG] [restartedMain] com.zwk.movie_recommend.dao.MovieDao.getAllMovie [BaseJdbcLogger.java : 159] ==> Parameters: 
2026-03-17 23:10:32,095 [DEBUG] [restartedMain] com.zwk.movie_recommend.dao.MovieDao.getAllMovie [BaseJdbcLogger.java : 159] <==      Total: 30
2026-03-17 23:10:32,152 [DEBUG] [restartedMain] com.zwk.movie_recommend.dao.MovieSimilarDao.getList [BaseJdbcLogger.java : 159] ==>  Preparing: select * from movie_similar where 1=1 
2026-03-17 23:10:32,152 [DEBUG] [restartedMain] com.zwk.movie_recommend.dao.MovieSimilarDao.getList [BaseJdbcLogger.java : 159] ==> Parameters: 
2026-03-17 23:10:32,159 [DEBUG] [restartedMain] com.zwk.movie_recommend.dao.MovieSimilarDao.getList [BaseJdbcLogger.java : 159] <==      Total: 90
2026-03-17 23:10:32,164 [DEBUG] [restartedMain] com.zwk.movie_recommend.dao.MovieTagRelationDao.getList [BaseJdbcLogger.java : 159] ==>  Preparing: select * from movie_tag_relation where 1=1 
2026-03-17 23:10:32,164 [DEBUG] [restartedMain] com.zwk.movie_recommend.dao.MovieTagRelationDao.getList [BaseJdbcLogger.java : 159] ==> Parameters: 
2026-03-17 23:10:32,170 [DEBUG] [restartedMain] com.zwk.movie_recommend.dao.MovieTagRelationDao.getList [BaseJdbcLogger.java : 159] <==      Total: 88
2026-03-17 23:10:32,170 [INFO] [restartedMain] com.zwk.movie_recommend.redis.CacheData [CacheData.java : 68] 开始初始化电影数据···
2026-03-17 23:10:32,600 [INFO] [restartedMain] io.lettuce.core.EpollProvider [Slf4JLogger.java : 101] Starting without optional epoll library
2026-03-17 23:10:32,606 [INFO] [restartedMain] io.lettuce.core.KqueueProvider [Slf4JLogger.java : 101] Starting without optional kqueue library
2026-03-17 23:10:33,982 [INFO] [restartedMain] com.zwk.movie_recommend.redis.CacheData [CacheData.java : 73] 结束初始化电影数据
2026-03-17 23:10:33,982 [INFO] [restartedMain] com.zwk.movie_recommend.redis.CacheData [CacheData.java : 74] ·········
2026-03-17 23:10:33,982 [INFO] [restartedMain] com.zwk.movie_recommend.redis.CacheData [CacheData.java : 75] 开始初始化电影相似度数据···
2026-03-17 23:10:34,047 [INFO] [restartedMain] com.zwk.movie_recommend.redis.CacheData [CacheData.java : 80] 结束初始化电影相似度数据···
2026-03-17 23:10:34,047 [INFO] [restartedMain] com.zwk.movie_recommend.redis.CacheData [CacheData.java : 81] ·········
2026-03-17 23:10:34,047 [INFO] [restartedMain] com.zwk.movie_recommend.redis.CacheData [CacheData.java : 82] 开始初始化电影标签数据···
2026-03-17 23:10:34,095 [INFO] [restartedMain] com.zwk.movie_recommend.redis.CacheData [CacheData.java : 87] 结束初始化电影标签数据···
2026-03-17 23:10:43,577 [INFO] [http-nio-8010-exec-1] o.a.c.c.C.[Tomcat].[localhost].[/movie-recommend-api] [DirectJDKLog.java : 180] Initializing Spring FrameworkServlet 'dispatcherServlet'
2026-03-17 23:10:43,578 [INFO] [http-nio-8010-exec-1] org.springframework.web.servlet.DispatcherServlet [FrameworkServlet.java : 494] FrameworkServlet 'dispatcherServlet': initialization started
2026-03-17 23:10:43,624 [INFO] [http-nio-8010-exec-1] org.springframework.web.servlet.DispatcherServlet [FrameworkServlet.java : 509] FrameworkServlet 'dispatcherServlet': initialization completed in 46 ms
2026-03-17 23:10:43,808 [DEBUG] [http-nio-8010-exec-1] com.zwk.movie_recommend.dao.UserDao.getUser [BaseJdbcLogger.java : 159] ==>  Preparing: select * from user where 1=1 and user_password= '0:0:0:0:0:0:0:1' 
2026-03-17 23:10:43,809 [DEBUG] [http-nio-8010-exec-1] com.zwk.movie_recommend.dao.UserDao.getUser [BaseJdbcLogger.java : 159] ==> Parameters: 
2026-03-17 23:10:43,811 [DEBUG] [http-nio-8010-exec-1] com.zwk.movie_recommend.dao.UserDao.getUser [BaseJdbcLogger.java : 159] <==      Total: 1
2026-03-17 23:10:43,819 [DEBUG] [http-nio-8010-exec-1] com.zwk.movie_recommend.dao.SearchRecordDao.getSearchRecord [BaseJdbcLogger.java : 159] ==>  Preparing: select m.* from movie m LEFT JOIN search_record sr on sr.movie_id=m.movie_id where sr.user_id=21 
2026-03-17 23:10:43,821 [DEBUG] [http-nio-8010-exec-1] com.zwk.movie_recommend.dao.SearchRecordDao.getSearchRecord [BaseJdbcLogger.java : 159] ==> Parameters: 
2026-03-17 23:10:43,822 [DEBUG] [http-nio-8010-exec-1] com.zwk.movie_recommend.dao.SearchRecordDao.getSearchRecord [BaseJdbcLogger.java : 159] <==      Total: 0
2026-03-17 23:10:43,827 [DEBUG] [http-nio-8010-exec-1] com.zwk.movie_recommend.dao.HeatMovieDao.getTop10List [BaseJdbcLogger.java : 159] ==>  Preparing: select m.* from heat_movie hm left JOIN movie m on hm.movie_id=m.movie_id ORDER BY hm.update_date desc limit 0,10 
2026-03-17 23:10:43,827 [DEBUG] [http-nio-8010-exec-1] com.zwk.movie_recommend.dao.HeatMovieDao.getTop10List [BaseJdbcLogger.java : 159] ==> Parameters: 
2026-03-17 23:10:43,832 [DEBUG] [http-nio-8010-exec-1] com.zwk.movie_recommend.dao.HeatMovieDao.getTop10List [BaseJdbcLogger.java : 159] <==      Total: 10
2026-03-17 23:10:58,220 [DEBUG] [http-nio-8010-exec-9] com.zwk.movie_recommend.dao.MovieTagRelationDao.getByMovieId [BaseJdbcLogger.java : 159] ==>  Preparing: select * from movie_tag_relation where movie_id=18 
2026-03-17 23:10:58,221 [DEBUG] [http-nio-8010-exec-9] com.zwk.movie_recommend.dao.MovieTagRelationDao.getByMovieId [BaseJdbcLogger.java : 159] ==> Parameters: 
2026-03-17 23:10:58,224 [DEBUG] [http-nio-8010-exec-9] com.zwk.movie_recommend.dao.MovieTagRelationDao.getByMovieId [BaseJdbcLogger.java : 159] <==      Total: 3
2026-03-17 23:10:58,227 [DEBUG] [http-nio-8010-exec-9] c.z.movie_recommend.dao.MovieTagRelationDao.getMovieByTagId [BaseJdbcLogger.java : 159] ==>  Preparing: SELECT m.* FROM( SELECT * FROM movie_tag_relation WHERE tag_id = 2) mtr LEFT JOIN ( SELECT * FROM movie WHERE movie_averating = 5) m ON mtr.movie_id = m.movie_id ORDER BY m.movie_averating DESC,m.movie_rate_num 
2026-03-17 23:10:58,227 [DEBUG] [http-nio-8010-exec-9] c.z.movie_recommend.dao.MovieTagRelationDao.getMovieByTagId [BaseJdbcLogger.java : 159] ==> Parameters: 
2026-03-17 23:10:58,231 [DEBUG] [http-nio-8010-exec-9] c.z.movie_recommend.dao.MovieTagRelationDao.getMovieByTagId [BaseJdbcLogger.java : 159] <==      Total: 12
2026-03-17 23:10:58,252 [ERROR] [http-nio-8010-exec-9] com.zwk.movie_recommend.exception.BaseException [BaseException.java : 73] msg is null
java.lang.NullPointerException: null
	at com.zwk.movie_recommend.controller.CustomerController.GoMoiveDescription(CustomerController.java:221)
	at sun.reflect.NativeMethodAccessorImpl.invoke0(Native Method)
	at sun.reflect.NativeMethodAccessorImpl.invoke(NativeMethodAccessorImpl.java:62)
	at sun.reflect.DelegatingMethodAccessorImpl.invoke(DelegatingMethodAccessorImpl.java:43)
	at java.lang.reflect.Method.invoke(Method.java:498)
	at org.springframework.web.method.support.InvocableHandlerMethod.doInvoke(InvocableHandlerMethod.java:209)
	at org.springframework.web.method.support.InvocableHandlerMethod.invokeForRequest(InvocableHandlerMethod.java:136)
	at org.springframework.web.servlet.mvc.method.annotation.ServletInvocableHandlerMethod.invokeAndHandle(ServletInvocableHandlerMethod.java:102)
	at org.springframework.web.servlet.mvc.method.annotation.RequestMappingHandlerAdapter.invokeHandlerMethod(RequestMappingHandlerAdapter.java:891)
	at org.springframework.web.servlet.mvc.method.annotation.RequestMappingHandlerAdapter.handleInternal(RequestMappingHandlerAdapter.java:797)
	at org.springframework.web.servlet.mvc.method.AbstractHandlerMethodAdapter.handle(AbstractHandlerMethodAdapter.java:87)
	at org.springframework.web.servlet.DispatcherServlet.doDispatch(DispatcherServlet.java:991)
	at org.springframework.web.servlet.DispatcherServlet.doService(DispatcherServlet.java:925)
	at org.springframework.web.servlet.FrameworkServlet.processRequest(FrameworkServlet.java:974)
	at org.springframework.web.servlet.FrameworkServlet.doPost(FrameworkServlet.java:877)
	at javax.servlet.http.HttpServlet.service(HttpServlet.java:661)
	at org.springframework.web.servlet.FrameworkServlet.service(FrameworkServlet.java:851)
	at javax.servlet.http.HttpServlet.service(HttpServlet.java:742)
	at org.apache.catalina.core.ApplicationFilterChain.internalDoFilter(ApplicationFilterChain.java:231)
	at org.apache.catalina.core.ApplicationFilterChain.doFilter(ApplicationFilterChain.java:166)
	at org.apache.tomcat.websocket.server.WsFilter.doFilter(WsFilter.java:52)
	at org.apache.catalina.core.ApplicationFilterChain.internalDoFilter(ApplicationFilterChain.java:193)
	at org.apache.catalina.core.ApplicationFilterChain.doFilter(ApplicationFilterChain.java:166)
	at com.alibaba.druid.support.http.WebStatFilter.doFilter(WebStatFilter.java:123)
	at org.apache.catalina.core.ApplicationFilterChain.internalDoFilter(ApplicationFilterChain.java:193)
	at org.apache.catalina.core.ApplicationFilterChain.doFilter(ApplicationFilterChain.java:166)
	at org.springframework.web.filter.RequestContextFilter.doFilterInternal(RequestContextFilter.java:99)
	at org.springframework.web.filter.OncePerRequestFilter.doFilter(OncePerRequestFilter.java:107)
	at org.apache.catalina.core.ApplicationFilterChain.internalDoFilter(ApplicationFilterChain.java:193)
	at org.apache.catalina.core.ApplicationFilterChain.doFilter(ApplicationFilterChain.java:166)
	at org.springframework.web.filter.HttpPutFormContentFilter.doFilterInternal(HttpPutFormContentFilter.java:109)
	at org.springframework.web.filter.OncePerRequestFilter.doFilter(OncePerRequestFilter.java:107)
	at org.apache.catalina.core.ApplicationFilterChain.internalDoFilter(ApplicationFilterChain.java:193)
	at org.apache.catalina.core.ApplicationFilterChain.doFilter(ApplicationFilterChain.java:166)
	at org.springframework.web.filter.HiddenHttpMethodFilter.doFilterInternal(HiddenHttpMethodFilter.java:93)
	at org.springframework.web.filter.OncePerRequestFilter.doFilter(OncePerRequestFilter.java:107)
	at org.apache.catalina.core.ApplicationFilterChain.internalDoFilter(ApplicationFilterChain.java:193)
	at org.apache.catalina.core.ApplicationFilterChain.doFilter(ApplicationFilterChain.java:166)
	at org.springframework.web.filter.CharacterEncodingFilter.doFilterInternal(CharacterEncodingFilter.java:200)
	at org.springframework.web.filter.OncePerRequestFilter.doFilter(OncePerRequestFilter.java:107)
	at org.apache.catalina.core.ApplicationFilterChain.internalDoFilter(ApplicationFilterChain.java:193)
	at org.apache.catalina.core.ApplicationFilterChain.doFilter(ApplicationFilterChain.java:166)
	at org.apache.catalina.core.StandardWrapperValve.invoke(StandardWrapperValve.java:198)
	at org.apache.catalina.core.StandardContextValve.invoke(StandardContextValve.java:96)
	at org.apache.catalina.authenticator.AuthenticatorBase.invoke(AuthenticatorBase.java:493)
	at org.apache.catalina.core.StandardHostValve.invoke(StandardHostValve.java:140)
	at org.apache.catalina.valves.ErrorReportValve.invoke(ErrorReportValve.java:81)
	at org.apache.catalina.core.StandardEngineValve.invoke(StandardEngineValve.java:87)
	at org.apache.catalina.connector.CoyoteAdapter.service(CoyoteAdapter.java:342)
	at org.apache.coyote.http11.Http11Processor.service(Http11Processor.java:800)
	at org.apache.coyote.AbstractProcessorLight.process(AbstractProcessorLight.java:66)
	at org.apache.coyote.AbstractProtocol$ConnectionHandler.process(AbstractProtocol.java:806)
	at org.apache.tomcat.util.net.NioEndpoint$SocketProcessor.doRun(NioEndpoint.java:1498)
	at org.apache.tomcat.util.net.SocketProcessorBase.run(SocketProcessorBase.java:49)
	at java.util.concurrent.ThreadPoolExecutor.runWorker(ThreadPoolExecutor.java:1149)
	at java.util.concurrent.ThreadPoolExecutor$Worker.run(ThreadPoolExecutor.java:624)
	at org.apache.tomcat.util.threads.TaskThread$WrappingRunnable.run(TaskThread.java:61)
	at java.lang.Thread.run(Thread.java:748)
2026-03-17 23:10:58,259 [WARN] [http-nio-8010-exec-9] o.s.w.s.m.m.annotation.ExceptionHandlerExceptionResolver [AbstractHandlerExceptionResolver.java : 194] Resolved exception caused by handler execution: java.lang.NullPointerException
2026-03-17 23:11:16,587 [INFO] [Thread-31] o.s.b.w.s.c.AnnotationConfigServletWebServerApplicationContext [AbstractApplicationContext.java : 993] Closing org.springframework.boot.web.servlet.context.AnnotationConfigServletWebServerApplicationContext@72ef1a6f: startup date [Tue Mar 17 23:10:21 CST 2026]; root of context hierarchy
2026-03-17 23:11:16,596 [INFO] [Thread-31] o.s.jmx.export.annotation.AnnotationMBeanExporter [MBeanExporter.java : 451] Unregistering JMX-exposed beans on shutdown
2026-03-17 23:11:16,598 [INFO] [Thread-31] o.s.jmx.export.annotation.AnnotationMBeanExporter [MBeanRegistrationSupport.java : 185] Unregistering JMX-exposed beans
2026-03-17 23:11:16,599 [DEBUG] [Thread-31] com.zwk.movie_recommend.utils.SpringContextHolder [SpringContextHolder.java : 56] 清除SpringContextHolder中的ApplicationContext:org.springframework.boot.web.servlet.context.AnnotationConfigServletWebServerApplicationContext@72ef1a6f: startup date [Tue Mar 17 23:10:21 CST 2026]; root of context hierarchy
